date,ticker,close,value_krw
2023-01-01,AERGO,114.0,3547098057.6383276
2023-01-02,AERGO,116.0,2228344024.072644
2023-01-03,AERGO,115.0,1822808363.6184373
2023-01-04,AERGO,116.0,1224288697.0161214
2023-01-05,AERGO,116.0,1339416674.1523497
2023-01-06,AERGO,115.0,1769340550.90508
2023-01-07,AERGO,115.0,668965899.3764234
2023-01-08,AERGO,117.0,952222020.0493467
2023-01-09,AERGO,120.0,3352060004.0794683
2023-01-10,AERGO,123.0,3593005413.129347
2023-01-11,AERGO,127.0,3165158243.4011917
2023-01-12,AERGO,129.0,3572548412.0244017
2023-01-13,AERGO,132.0,2813060568.4028163
2023-01-14,AERGO,136.0,6611885377.467324
2023-01-15,AERGO,140.0,19817652159.270718
2023-01-16,AERGO,139.0,6823764605.06624
2023-01-17,AERGO,144.0,8197172254.919181
2023-01-18,AERGO,135.0,7995610211.725085
2023-01-19,AERGO,139.0,3715388060.351147
2023-01-20,AERGO,148.0,8271660195.862757
2023-01-21,AERGO,149.0,7963775691.899403
2023-01-22,AERGO,149.0,4514456878.122679
2023-01-23,AERGO,153.0,5100158022.639925
2023-01-24,AERGO,147.0,19038741007.642914
2023-01-25,AERGO,159.0,98940344328.14871
2023-01-26,AERGO,160.0,10428939087.751736
2023-01-27,AERGO,176.0,32286674554.65701
2023-01-28,AERGO,175.0,9375118444.077469
2023-01-29,AERGO,174.0,3632727318.449532
2023-01-30,AERGO,177.0,50263954823.535675
2023-01-31,AERGO,179.0,18894098313.10795
2023-02-01,AERGO,181.0,28364790388.810905
2023-02-02,AERGO,177.0,11149316140.859528
2023-02-03,AERGO,181.0,7103938973.804304
2023-02-04,AERGO,187.0,50418019202.21189
2023-02-05,AERGO,186.0,20457917639.40617
2023-02-06,AERGO,190.0,19784419196.976963
2023-02-07,AERGO,189.0,9590850486.42162
2023-02-08,AERGO,187.0,5430782675.551173
2023-02-09,AERGO,174.0,10037569453.168957
2023-02-10,AERGO,173.0,5495771838.388247
2023-02-11,AERGO,174.0,1832861966.025292
2023-02-12,AERGO,175.0,4951479208.034513
2023-02-13,AERGO,167.0,12800005302.42386
2023-02-14,AERGO,169.0,5541645852.134095
2023-02-15,AERGO,179.0,7083057782.529788
2023-02-16,AERGO,180.0,17788958918.74135
2023-02-17,AERGO,190.0,9117962346.464231
2023-02-18,AERGO,189.0,25360684088.35035
2023-02-19,AERGO,185.0,5689527046.774688
2023-02-20,AERGO,189.0,6804302385.680191
2023-02-21,AERGO,186.0,7761122237.893705
2023-02-22,AERGO,185.0,6452943332.879812
2023-02-23,AERGO,188.0,5935901421.612934
2023-02-24,AERGO,203.0,61611058741.38791
2023-02-25,AERGO,188.0,13435640184.19635
2023-02-26,AERGO,186.0,7533289170.385875
2023-02-27,AERGO,188.0,6385148896.003217
2023-02-28,AERGO,186.0,3313788095.914339
2023-03-01,AERGO,188.0,4766189121.260085
2023-03-02,AERGO,182.0,5244048348.998176
2023-03-03,AERGO,169.0,5934355839.538735
2023-03-04,AERGO,169.0,1892925585.1459727
2023-03-05,AERGO,170.0,1788270482.243577
2023-03-06,AERGO,167.0,1575209875.1195495
2023-03-07,AERGO,161.0,4138638659.255442
2023-03-08,AERGO,150.0,3678204943.4280405
2023-03-09,AERGO,141.0,3332186323.256964
2023-03-10,AERGO,141.0,3373035681.2654667
2023-03-11,AERGO,142.0,2320213237.566796
2023-03-12,AERGO,148.0,2309022330.2465534
2023-03-13,AERGO,159.0,5555458187.254369
2023-03-14,AERGO,166.0,11582748685.97406
2023-03-15,AERGO,160.0,3064658526.5627427
2023-03-16,AERGO,174.0,7348092975.294242
2023-03-17,AERGO,178.0,6823573621.497594
2023-03-18,AERGO,171.0,3771569152.2445974
2023-03-19,AERGO,177.0,2986998361.596995
2023-03-20,AERGO,173.0,4029198684.6674724
2023-03-21,AERGO,169.0,2935424680.7022142
2023-03-22,AERGO,164.0,2521404449.1661797
2023-03-23,AERGO,168.0,5426465632.402132
2023-03-24,AERGO,164.0,1970589507.0984085
2023-03-25,AERGO,162.0,1173208108.569454
2023-03-26,AERGO,165.0,843437042.9228684
2023-03-27,AERGO,154.0,2992427458.1779885
2023-03-28,AERGO,155.0,3358984512.2677984
2023-03-29,AERGO,169.0,17720244320.18108
2023-03-30,AERGO,170.0,8394642329.501679
2023-03-31,AERGO,176.0,5179711736.30002
2023-04-01,AERGO,180.0,5752307187.577654
2023-04-02,AERGO,175.0,26272026816.571583
2023-04-03,AERGO,169.0,3405971960.7617435
2023-04-04,AERGO,181.0,12079799802.817179
2023-04-05,AERGO,206.0,37673444319.4722
2023-04-06,AERGO,193.0,14191578397.40324
2023-04-07,AERGO,180.0,6960202874.266239
2023-04-08,AERGO,180.0,4200710446.060321
2023-04-09,AERGO,181.0,2634346542.7763424
2023-04-10,AERGO,182.0,2760086052.8721046
2023-04-11,AERGO,192.0,4751369966.581612
2023-04-12,AERGO,185.0,5774434174.2189
2023-04-13,AERGO,186.0,5051121106.968482
2023-04-14,AERGO,185.0,3972942063.410198
2023-04-15,AERGO,184.0,1585589949.1919348
2023-04-16,AERGO,183.0,1723024735.9119542
2023-04-17,AERGO,180.0,3767268075.227046
2023-04-18,AERGO,183.0,2172792159.271449
2023-04-19,AERGO,172.0,3942981434.0821686
2023-04-20,AERGO,182.0,7501790025.328004
2023-04-21,AERGO,176.0,6363085424.707109
2023-04-22,AERGO,177.0,2369044731.343326
2023-04-23,AERGO,175.0,934757603.5385858
2023-04-24,AERGO,170.0,1918426752.2561028
2023-04-25,AERGO,171.0,2664957833.1442122
2023-04-26,AERGO,170.0,3028708991.16882
2023-04-27,AERGO,169.0,1958871915.9896307
2023-04-28,AERGO,171.0,2902041764.3792615
2023-04-29,AERGO,171.0,643587182.3410404
2023-04-30,AERGO,170.0,1534732102.7015786
2023-05-01,AERGO,165.0,2304621892.0645175
2023-05-02,AERGO,167.0,1474238585.201829
2023-05-03,AERGO,168.0,1088229274.1745281
2023-05-04,AERGO,187.0,193248905211.72147
2023-05-05,AERGO,173.0,35279101225.44734
2023-05-06,AERGO,167.0,7595081701.867494
2023-05-07,AERGO,166.0,3916189904.237806
2023-05-08,AERGO,156.0,5209320357.070981
2023-05-09,AERGO,155.0,2890716033.109694
2023-05-10,AERGO,155.0,3877770654.554974
2023-05-11,AERGO,149.0,3241188827.9750285
2023-05-12,AERGO,149.0,2226668147.796333
2023-05-13,AERGO,150.0,1104968998.979265
2023-05-14,AERGO,150.0,870324412.6601534
2023-05-15,AERGO,150.0,1276649794.9129682
2023-05-16,AERGO,152.0,1625146934.2037907
2023-05-17,AERGO,154.0,3423396508.3052983
2023-05-18,AERGO,154.0,2190223087.2614923
2023-05-19,AERGO,161.0,17348508192.36474
2023-05-20,AERGO,157.0,2172896253.267133
2023-05-21,AERGO,151.0,1559438503.4182274
2023-05-22,AERGO,152.0,1595817165.6264064
2023-05-23,AERGO,157.0,9457383883.902212
2023-05-24,AERGO,150.0,2142019779.4771364
2023-05-25,AERGO,150.0,2062403570.114865
2023-05-26,AERGO,149.0,1586555002.4458413
2023-05-27,AERGO,149.0,805372977.1046515
2023-05-28,AERGO,153.0,1172031284.496454
2023-05-29,AERGO,150.0,1396277730.0266955
2023-05-30,AERGO,148.0,1860122413.0886943
2023-05-31,AERGO,146.0,1214875373.0827415
2023-06-01,AERGO,149.0,2074381896.4511678
2023-06-02,AERGO,149.0,1543555193.8967662
2023-06-03,AERGO,150.0,724888100.3249655
2023-06-04,AERGO,149.0,666404395.3175838
2023-06-05,AERGO,140.0,2254453629.084836
2023-06-06,AERGO,142.0,2192588700.2570944
2023-06-07,AERGO,136.0,1697267485.2306564
2023-06-08,AERGO,139.0,921060892.147363
2023-06-09,AERGO,138.0,971818228.6536717
2023-06-10,AERGO,124.0,3356826701.204893
2023-06-11,AERGO,126.0,1624504703.2299702
2023-06-12,AERGO,125.0,747651012.67556
2023-06-13,AERGO,125.0,1432415640.5410337
2023-06-14,AERGO,120.0,1219316554.9771595
2023-06-15,AERGO,116.0,23337731692.08395
2023-06-16,AERGO,117.0,3740468847.8944097
2023-06-17,AERGO,119.0,2124739541.3804607
2023-06-18,AERGO,117.0,1503818712.1071048
2023-06-19,AERGO,119.0,1338502008.1271532
2023-06-20,AERGO,121.0,2252589075.016363
2023-06-21,AERGO,125.0,3703680123.98728
2023-06-22,AERGO,129.0,8376836514.541084
2023-06-23,AERGO,136.0,4515896083.73831
2023-06-24,AERGO,138.0,4968758784.259236
2023-06-25,AERGO,135.0,3373395286.607094
2023-06-26,AERGO,136.0,4420815665.038878
2023-06-27,AERGO,141.0,5017374887.515071
2023-06-28,AERGO,131.0,3684074793.7243133
2023-06-29,AERGO,134.0,1465239061.1500244
2023-06-30,AERGO,136.0,5730758458.408613
2023-07-01,AERGO,138.0,2776819604.5224695
2023-07-02,AERGO,137.0,2053452598.0081992
2023-07-03,AERGO,139.0,2041529151.536907
2023-07-04,AERGO,145.0,9825979706.881548
2023-07-05,AERGO,141.0,8091918534.1175995
2023-07-06,AERGO,136.0,3279241648.457017
2023-07-07,AERGO,137.0,1719023199.713287
2023-07-08,AERGO,134.0,738426289.4860443
2023-07-09,AERGO,137.0,1183531062.6635377
2023-07-10,AERGO,137.0,1721758142.1620195
2023-07-11,AERGO,144.0,6792388599.184538
2023-07-12,AERGO,144.0,5123539951.426092
2023-07-13,AERGO,147.0,7128848914.536092
2023-07-14,AERGO,149.0,9323005585.674992
2023-07-15,AERGO,156.0,8760291028.977116
2023-07-16,AERGO,149.0,3917901271.9161587
2023-07-17,AERGO,148.0,4076376399.1232414
2023-07-18,AERGO,142.0,3691624014.3760576
2023-07-19,AERGO,143.0,1482829542.6273415
2023-07-20,AERGO,142.0,2142069093.9176826
2023-07-21,AERGO,145.0,1231498327.6692827
2023-07-22,AERGO,146.0,1695399485.270023
2023-07-23,AERGO,149.0,3328635932.319258
2023-07-24,AERGO,140.0,3395790258.519229
2023-07-25,AERGO,142.0,3030846168.652526
2023-07-26,AERGO,141.0,1903514741.8521304
2023-07-27,AERGO,140.0,1259899007.6906157
2023-07-28,AERGO,145.0,2066951148.1588178
2023-07-29,AERGO,150.0,2795869856.051097
2023-07-30,AERGO,144.0,4196805261.9066834
2023-07-31,AERGO,146.0,3572752906.205188
2023-08-01,AERGO,145.0,2439489762.1594214
2023-08-02,AERGO,143.0,1854881523.9449282
2023-08-03,AERGO,145.0,3397782553.8142242
2023-08-04,AERGO,143.0,1600758571.8975594
2023-08-05,AERGO,142.0,1147377553.533455
2023-08-06,AERGO,142.0,1008477703.782443
2023-08-07,AERGO,141.0,1133766543.561007
2023-08-08,AERGO,143.0,893863459.274417
2023-08-09,AERGO,140.0,802040714.9902071
2023-08-10,AERGO,142.0,931794825.3583733
2023-08-11,AERGO,144.0,481076414.84330064
2023-08-12,AERGO,144.0,668664329.2098206
2023-08-13,AERGO,143.0,655568366.4667351
2023-08-14,AERGO,143.0,676893710.4464579
2023-08-15,AERGO,142.0,3128024822.7181525
2023-08-16,AERGO,129.0,4084541360.539129
2023-08-17,AERGO,121.0,2739869956.5103345
2023-08-18,AERGO,123.0,1674566862.8080194
2023-08-19,AERGO,126.0,994217345.0094464
2023-08-20,AERGO,125.0,1104668229.0154
2023-08-21,AERGO,124.0,1200485481.670018
2023-08-22,AERGO,123.0,698351539.3954713
2023-08-23,AERGO,125.0,724533582.8146137
2023-08-24,AERGO,126.0,1051821548.2089341
2023-08-25,AERGO,130.0,1961838770.5010874
2023-08-26,AERGO,129.0,1017695198.808329
2023-08-27,AERGO,126.0,687865447.8976846
2023-08-28,AERGO,123.0,955903330.040727
2023-08-29,AERGO,127.0,1240249053.479975
2023-08-30,AERGO,125.0,676469321.8225187
2023-08-31,AERGO,121.0,912760387.4305624
2023-09-01,AERGO,119.0,760609480.1617463
2023-09-02,AERGO,123.0,905847196.681097
2023-09-03,AERGO,122.0,788624572.3821145
2023-09-04,AERGO,121.0,641527441.655158
2023-09-05,AERGO,122.0,650576219.7019949
2023-09-06,AERGO,125.0,7059095453.792802
2023-09-07,AERGO,124.0,886165829.8212543
2023-09-08,AERGO,123.0,799467591.3600268
2023-09-09,AERGO,123.0,445297005.73074096
2023-09-10,AERGO,122.0,844384893.7600815
2023-09-11,AERGO,116.0,1663584095.9206083
2023-09-12,AERGO,117.0,1010583383.7875935
2023-09-13,AERGO,121.0,1072852902.9311628
2023-09-14,AERGO,124.0,1344215182.0210388
2023-09-15,AERGO,128.0,5095554484.943442
2023-09-16,AERGO,129.0,3054165319.2108583
2023-09-17,AERGO,134.0,3698875840.5739527
2023-09-18,AERGO,130.0,2170718724.528459
2023-09-19,AERGO,132.0,1368005696.4325013
2023-09-20,AERGO,137.0,4746984015.04928
2023-09-21,AERGO,135.0,2459115418.4150043
2023-09-22,AERGO,143.0,2947795011.85619
2023-09-23,AERGO,142.0,2014640284.4308696
2023-09-24,AERGO,137.0,1507998162.4938111
2023-09-25,AERGO,136.0,1389607334.8662088
2023-09-26,AERGO,137.0,762708248.1977233
2023-09-27,AERGO,138.0,1407422779.1398187
2023-09-28,AERGO,139.0,1061557405.7343794
2023-09-29,AERGO,139.0,875296491.1179017
2023-09-30,AERGO,140.0,1249423806.6271222
2023-10-01,AERGO,144.0,2745484565.5400443
2023-10-02,AERGO,141.0,1375528525.3803842
2023-10-03,AERGO,140.0,2924772319.275919
2023-10-04,AERGO,138.0,995346475.528899
2023-10-05,AERGO,136.0,784057614.2765992
2023-10-06,AERGO,140.0,1692078038.0989969
2023-10-07,AERGO,141.0,2212545411.838787
2023-10-08,AERGO,143.0,2341522152.9055142
2023-10-09,AERGO,138.0,2498059085.377414
2023-10-10,AERGO,137.0,943162854.3051039
2023-10-11,AERGO,134.0,1127013806.3416376
2023-10-12,AERGO,135.0,636090218.3975936
2023-10-13,AERGO,136.0,538957516.100102
2023-10-14,AERGO,137.0,789901204.6464972
2023-10-15,AERGO,147.0,7960261594.4921875
2023-10-16,AERGO,152.0,6595207571.779891
2023-10-17,AERGO,157.0,9853478874.218515
2023-10-18,AERGO,147.0,4635882396.195088
2023-10-19,AERGO,148.0,4126591865.938075
2023-10-20,AERGO,161.0,15389092176.478682
2023-10-21,AERGO,157.0,12408376735.038458
2023-10-22,AERGO,155.0,2974921217.36518
2023-10-23,AERGO,163.0,8910302259.744936
2023-10-24,AERGO,170.0,8519417089.655452
2023-10-25,AERGO,176.0,27554713374.150043
2023-10-26,AERGO,168.0,9200638998.662596
2023-10-27,AERGO,165.0,2467863035.0294795
2023-10-28,AERGO,167.0,3015293218.210793
2023-10-29,AERGO,169.0,3380526250.284063
2023-10-30,AERGO,187.0,49959178285.695076
2023-10-31,AERGO,182.0,22079840465.543278
2023-11-01,AERGO,185.0,6008736756.379918
2023-11-02,AERGO,203.0,15611370763.061792
2023-11-03,AERGO,199.0,11619931594.506485
2023-11-04,AERGO,203.0,6199229974.733728
2023-11-05,AERGO,195.0,4926201898.739675
2023-11-06,AERGO,190.0,4533747979.808274
2023-11-07,AERGO,192.0,4873149972.049789
2023-11-08,AERGO,195.0,4027843924.073239
2023-11-09,AERGO,191.0,7004139192.953577
2023-11-10,AERGO,193.0,6060026231.754468
2023-11-11,AERGO,192.0,4718949740.428475
2023-11-12,AERGO,190.0,3697647351.8598866
2023-11-13,AERGO,199.0,9294929211.749235
2023-11-14,AERGO,291.0,226551828496.23544
2023-11-15,AERGO,256.0,221372300835.74176
2023-11-16,AERGO,245.0,122197071570.15753
2023-11-17,AERGO,234.0,56518032593.19405
2023-11-18,AERGO,220.0,21045327752.21466
2023-11-19,AERGO,221.0,15265062883.031477
2023-11-20,AERGO,230.0,32776024555.926872
2023-11-21,AERGO,202.0,14651274384.79969
2023-11-22,AERGO,224.0,34779656388.923706
2023-11-23,AERGO,230.0,21914757503.669777
2023-11-24,AERGO,245.0,28274320626.270794
2023-11-25,AERGO,242.0,12838424801.605606
2023-11-26,AERGO,234.0,7557128323.40528
2023-11-27,AERGO,225.0,15433859620.421534
2023-11-28,AERGO,233.0,9000383070.480124
2023-11-29,AERGO,246.0,36656095218.76555
2023-11-30,AERGO,256.0,86379977949.1163
2023-12-01,AERGO,254.0,58263499999.80999
2023-12-02,AERGO,254.0,50883484459.32163
2023-12-03,AERGO,241.0,30884034324.46578
2023-12-04,AERGO,237.0,25291902479.907696
2023-12-05,AERGO,234.0,13676604159.726484
2023-12-06,AERGO,231.0,11560309284.699572
2023-12-07,AERGO,234.0,11867261798.72922
2023-12-08,AERGO,235.0,7159746539.1878
2023-12-09,AERGO,234.0,8931479657.715267
2023-12-10,AERGO,232.0,7276611152.621563
2023-12-11,AERGO,218.0,45683052750.20051
2023-12-12,AERGO,219.0,8431055410.698925
2023-12-13,AERGO,218.0,6215004634.683979
2023-12-14,AERGO,219.0,4621953297.242727
2023-12-15,AERGO,213.0,2687628791.267901
2023-12-16,AERGO,213.0,2343592617.4204283
2023-12-17,AERGO,209.0,8285146125.888125
2023-12-18,AERGO,204.0,6889862624.063839
2023-12-19,AERGO,203.0,2422269611.72508
2023-12-20,AERGO,207.0,2516401514.182407
2023-12-21,AERGO,207.0,2544522895.123024
2023-12-22,AERGO,208.0,3014170895.9254985
2023-12-23,AERGO,208.0,1885902118.6846402
2023-12-24,AERGO,203.0,2557509263.55334
2023-12-25,AERGO,206.0,2125005467.841756
2023-12-26,AERGO,203.0,3032448658.3209963
2023-12-27,AERGO,206.0,2819985964.0339394
2023-12-28,AERGO,201.0,2074670643.7147753
2023-12-29,AERGO,200.0,2315408445.841454
2023-12-30,AERGO,200.0,1283139908.083074
2023-12-31,AERGO,200.0,1210079450.814392
2024-01-01,AERGO,202.0,1158136531.2205484
2024-01-02,AERGO,206.0,3349004689.82311
2024-01-03,AERGO,196.0,7189281366.894754
2024-01-04,AERGO,192.0,2563904250.246745
2024-01-05,AERGO,196.0,3468177691.090128
2024-01-06,AERGO,196.0,2542597174.313024
2024-01-07,AERGO,182.0,3014922089.9443192
2024-01-08,AERGO,185.0,3632661209.7148814
2024-01-09,AERGO,178.0,1967087389.833127
2024-01-10,AERGO,187.0,2243489644.5179224
2024-01-11,AERGO,194.0,3175081309.314691
2024-01-12,AERGO,192.0,33392097347.850525
2024-01-13,AERGO,192.0,3342808199.249975
2024-01-14,AERGO,187.0,1373508861.675258
2024-01-15,AERGO,189.0,2223098125.4634066
2024-01-16,AERGO,192.0,2930685992.9401517
2024-01-17,AERGO,190.0,1837989626.6010504
2024-01-18,AERGO,182.0,1876807324.9178379
2024-01-19,AERGO,185.0,9558197815.704212
2024-01-20,AERGO,186.0,799863411.381901
2024-01-21,AERGO,184.0,835086338.8916733
2024-01-22,AERGO,176.0,1773165622.0570846
2024-01-23,AERGO,173.0,1634597552.8702538
2024-01-24,AERGO,175.0,820888495.6620144
2024-01-25,AERGO,176.0,1207420424.8242311
2024-01-26,AERGO,182.0,1200849589.4358327
2024-01-27,AERGO,180.0,672271969.7537658
2024-01-28,AERGO,177.4,985989176.4793731
2024-01-29,AERGO,178.8,944431660.102999
2024-01-30,AERGO,175.9,516781324.9574599
2024-01-31,AERGO,172.5,628317443.4746683
2024-02-01,AERGO,172.5,1638300187.7114131
2024-02-02,AERGO,173.0,589104195.132388
2024-02-03,AERGO,173.0,256621458.93599847
2024-02-04,AERGO,170.9,340528306.24017
2024-02-05,AERGO,170.2,457819718.2426712
2024-02-06,AERGO,170.7,884429307.3633057
2024-02-07,AERGO,171.7,762002113.1557736
2024-02-08,AERGO,174.8,766162186.8895174
2024-02-09,AERGO,176.1,900715208.3643125
2024-02-10,AERGO,176.0,582735109.2688417
2024-02-11,AERGO,178.4,875732066.7359799
2024-02-12,AERGO,179.0,1042631680.0324212
2024-02-13,AERGO,177.2,1008056749.5337207
2024-02-14,AERGO,180.3,904636683.0460044
2024-02-15,AERGO,185.0,1905576235.2856767
2024-02-16,AERGO,188.3,2171535866.464458
2024-02-17,AERGO,192.2,4686706349.664597
2024-02-18,AERGO,193.2,1351950637.8598123
2024-02-19,AERGO,198.7,3498159008.9999156
2024-02-20,AERGO,206.0,23178900619.342884
2024-02-21,AERGO,212.3,41049178604.823784
2024-02-22,AERGO,205.7,6291801732.15563
2024-02-23,AERGO,215.6,22542485005.971386
2024-02-24,AERGO,208.3,11186714656.633837
2024-02-25,AERGO,207.8,6305541776.535082
2024-02-26,AERGO,210.1,6137939436.673601
2024-02-27,AERGO,209.6,4535674431.615247
2024-02-28,AERGO,215.0,8677523956.076056
2024-02-29,AERGO,228.5,16473684482.035612
2024-03-01,AERGO,239.0,9853470080.26459
2024-03-02,AERGO,248.4,25936469760.53551
2024-03-03,AERGO,244.2,14498129563.438408
2024-03-04,AERGO,252.1,136372472807.12234
2024-03-05,AERGO,236.0,22789661418.018475
2024-03-06,AERGO,239.6,15392662898.346415
2024-03-07,AERGO,246.0,12531932407.673035
2024-03-08,AERGO,248.7,10169660301.89806
2024-03-09,AERGO,252.4,7648769277.735791
2024-03-10,AERGO,253.0,19392176765.49564
2024-03-11,AERGO,265.9,18862882141.83498
2024-03-12,AERGO,270.2,23335615703.459568
2024-03-13,AERGO,272.5,12266457866.235147
2024-03-14,AERGO,269.0,23297186557.92801
2024-03-15,AERGO,250.0,15396208534.87665
2024-03-16,AERGO,231.2,10367296485.357094
2024-03-17,AERGO,235.4,6632450091.909839
2024-03-18,AERGO,222.0,3492132327.7639914
2024-03-19,AERGO,208.2,7609187935.863295
2024-03-20,AERGO,230.0,8660461782.24561
2024-03-21,AERGO,234.5,37853065738.29449
2024-03-22,AERGO,237.3,7781158104.453053
2024-03-23,AERGO,234.2,4762612754.985241
2024-03-24,AERGO,237.8,3607057895.1628704
2024-03-25,AERGO,261.2,15210558320.952133
2024-03-26,AERGO,275.0,223273047927.8691
2024-03-27,AERGO,260.4,28259990610.192463
2024-03-28,AERGO,252.4,7461788139.21965
2024-03-29,AERGO,258.2,13489163316.357454
2024-03-30,AERGO,256.0,6051116452.844488
2024-03-31,AERGO,261.0,7769967382.688433
2024-04-01,AERGO,249.0,8993821126.068554
2024-04-02,AERGO,231.2,5923364062.716861
2024-04-03,AERGO,227.9,2991669621.156574
2024-04-04,AERGO,234.8,3837982234.7808824
2024-04-05,AERGO,237.2,16098366695.314016
2024-04-06,AERGO,240.5,3020847790.037145
2024-04-07,AERGO,239.5,1895475306.45746
2024-04-08,AERGO,245.0,4330051875.218709
2024-04-09,AERGO,235.1,5558950940.7947
2024-04-10,AERGO,229.2,36832538071.46504
2024-04-11,AERGO,288.5,274102550827.01324
2024-04-12,AERGO,309.8,176974739502.63504
2024-04-13,AERGO,243.3,230639255866.21973
2024-04-14,AERGO,245.7,88903814293.06874
2024-04-15,AERGO,229.5,45932797851.83686
2024-04-16,AERGO,215.7,21877246085.77283
2024-04-17,AERGO,201.4,13863263192.93371
2024-04-18,AERGO,204.5,12510416318.56189
2024-04-19,AERGO,206.7,40472645472.773926
2024-04-20,AERGO,216.2,14820736484.293657
2024-04-21,AERGO,214.5,13473875150.969471
2024-04-22,AERGO,217.9,6749605318.567254
2024-04-23,AERGO,208.5,15775853550.27752
2024-04-24,AERGO,197.8,14967595102.563515
2024-04-25,AERGO,193.9,9948808313.514517
2024-04-26,AERGO,195.4,4821584499.976505
2024-04-27,AERGO,198.0,19315047607.597267
2024-04-28,AERGO,193.7,5101739902.784389
2024-04-29,AERGO,189.4,5011172954.597903
2024-04-30,AERGO,178.8,4860363647.364545
2024-05-01,AERGO,177.7,5355893443.881769
2024-05-02,AERGO,176.2,2369724198.8624196
2024-05-03,AERGO,184.7,3359943955.355317
2024-05-04,AERGO,185.5,5465233861.780025
2024-05-05,AERGO,186.2,3170029063.865661
2024-05-06,AERGO,181.3,3775718786.2634125
2024-05-07,AERGO,177.8,2019859043.1174002
2024-05-08,AERGO,175.3,2619290614.0903387
2024-05-09,AERGO,180.3,1495098432.2082984
2024-05-10,AERGO,173.5,2218668860.0060163
2024-05-11,AERGO,174.7,1465521105.4153414
2024-05-12,AERGO,188.8,124736497134.52573
2024-05-13,AERGO,176.5,33829866640.61321
2024-05-14,AERGO,168.4,7275317511.460214
2024-05-15,AERGO,174.3,4093659245.1225567
2024-05-16,AERGO,173.3,3132119065.6619487
2024-05-17,AERGO,177.0,1954681553.173169
2024-05-18,AERGO,176.4,2910742805.9576535
2024-05-19,AERGO,170.5,2399648996.850202
2024-05-20,AERGO,176.6,4176914514.808834
2024-05-21,AERGO,177.2,7717187364.681439
2024-05-22,AERGO,173.3,3179051848.9448433
2024-05-23,AERGO,172.0,4194470453.3224273
2024-05-24,AERGO,173.8,2334122648.7957687
2024-05-25,AERGO,174.4,1439679340.71336
2024-05-26,AERGO,172.6,1297072618.996946
2024-05-27,AERGO,173.4,1787553859.687114
2024-05-28,AERGO,175.9,3036957421.376771
2024-05-29,AERGO,173.2,2160891005.8552823
2024-05-30,AERGO,169.2,2324653549.245331
2024-05-31,AERGO,168.8,1985235140.3876772
2024-06-01,AERGO,168.9,1067878160.9139866
2024-06-02,AERGO,168.3,794985905.6737409
2024-06-03,AERGO,159.6,2819906827.789575
2024-06-04,AERGO,156.1,3084053112.254197
2024-06-05,AERGO,153.9,6406077156.812925
2024-06-06,AERGO,154.0,1619294697.8556702
2024-06-07,AERGO,151.2,3088074274.709171
2024-06-08,AERGO,151.8,1274394499.20528
2024-06-09,AERGO,151.9,1341974988.171377
2024-06-10,AERGO,148.9,4242250525.46476
2024-06-11,AERGO,141.5,12081278935.515528
2024-06-12,AERGO,144.9,2485912881.271722
2024-06-13,AERGO,141.2,910444429.1149575
2024-06-14,AERGO,140.8,1490604429.5066948
2024-06-15,AERGO,142.8,423812092.11016786
2024-06-16,AERGO,139.1,775798103.1782318
2024-06-17,AERGO,122.8,4781070382.792721
2024-06-18,AERGO,117.2,12104160654.26795
2024-06-19,AERGO,120.4,1124785956.2612104
2024-06-20,AERGO,122.6,829211974.5595982
2024-06-21,AERGO,123.8,992446153.0310794
2024-06-22,AERGO,128.2,855152068.7014192
2024-06-23,AERGO,122.9,695374539.8634093
2024-06-24,AERGO,122.9,1290165043.9058022
2024-06-25,AERGO,128.0,1378622865.5421247
2024-06-26,AERGO,127.4,1215318750.2741225
2024-06-27,AERGO,131.9,2518162116.4875574
2024-06-28,AERGO,129.1,890785493.1796149
2024-06-29,AERGO,127.2,415773214.09856653
2024-06-30,AERGO,131.7,4523950084.737056
2024-07-01,AERGO,128.9,675544678.9217106
2024-07-02,AERGO,127.6,491892181.8844104
2024-07-03,AERGO,124.9,398489837.99297667
2024-07-04,AERGO,117.1,1000086424.0085897
2024-07-05,AERGO,115.0,1839826223.9746773
2024-07-06,AERGO,121.6,474063269.32391936
2024-07-07,AERGO,114.5,1679939350.285942
2024-07-08,AERGO,119.5,3599940155.3111854
2024-07-09,AERGO,122.8,754894455.2382662
2024-07-10,AERGO,128.6,1291760498.0119364
2024-07-11,AERGO,125.2,1064079739.01868
2024-07-12,AERGO,128.5,5700240016.730351
2024-07-13,AERGO,129.9,1356604639.8758633
2024-07-14,AERGO,131.7,1091706526.799633
2024-07-15,AERGO,137.0,1209309730.9251523
2024-07-16,AERGO,135.9,1403058650.7858505
2024-07-17,AERGO,135.2,920109100.5829833
2024-07-18,AERGO,135.5,871792059.5196543
2024-07-19,AERGO,139.3,5449717982.524169
2024-07-20,AERGO,141.8,1822125357.9941432
2024-07-21,AERGO,142.6,3927555847.529662
2024-07-22,AERGO,136.5,1624637781.2446086
2024-07-23,AERGO,137.7,7633309206.733368
2024-07-24,AERGO,135.5,1159328279.9498873
2024-07-25,AERGO,129.5,1474157018.2337906
2024-07-26,AERGO,136.7,955233328.5586965
2024-07-27,AERGO,140.5,1055570407.9782639
2024-07-28,AERGO,144.4,8665931929.265429
2024-07-29,AERGO,141.2,5309189981.144156
2024-07-30,AERGO,139.9,1124685679.848592
2024-07-31,AERGO,137.5,1220986656.3097363
2024-08-01,AERGO,132.8,1199772041.0305479
2024-08-02,AERGO,124.0,1026707141.5972612
2024-08-03,AERGO,118.4,1142882936.882813
2024-08-04,AERGO,112.0,1302891835.019068
2024-08-05,AERGO,107.2,2930535255.8760943
2024-08-06,AERGO,114.3,1003726954.4720435
2024-08-07,AERGO,112.4,2866660035.8850465
2024-08-08,AERGO,121.8,6228420560.017986
2024-08-09,AERGO,123.7,5250285141.926446
2024-08-10,AERGO,126.3,1758901967.5033972
2024-08-11,AERGO,120.6,7523032301.559124
2024-08-12,AERGO,123.3,2382461408.3389397
2024-08-13,AERGO,124.0,921422429.8848044
2024-08-14,AERGO,127.5,1370189005.732688
2024-08-15,AERGO,123.1,1253499782.0060608
2024-08-16,AERGO,119.0,1027395786.0068358
2024-08-17,AERGO,121.6,463586491.49040306
2024-08-18,AERGO,121.8,471309822.81492037
2024-08-19,AERGO,127.4,5817857237.139633
2024-08-20,AERGO,127.7,2070182542.7684612
2024-08-21,AERGO,130.0,1498653800.4610589
2024-08-22,AERGO,129.6,1519764849.2078874
2024-08-23,AERGO,133.4,2591820096.700023
2024-08-24,AERGO,132.6,1194817864.2117996
2024-08-25,AERGO,129.6,1438882976.4316804
2024-08-26,AERGO,125.2,1076721292.7415962
2024-08-27,AERGO,119.5,816940385.9576716
2024-08-28,AERGO,119.2,3425728804.8838305
2024-08-29,AERGO,119.1,681827215.1659913
2024-08-30,AERGO,118.9,727353742.7210528
2024-08-31,AERGO,117.0,219690418.8582207
2024-09-01,AERGO,114.7,826364974.7380403
2024-09-02,AERGO,119.5,553570422.0505418
2024-09-03,AERGO,114.3,467206798.08251965
2024-09-04,AERGO,114.5,3803847181.5608788
2024-09-05,AERGO,113.2,483675749.5734423
2024-09-06,AERGO,112.0,580401948.0252627
2024-09-07,AERGO,112.7,179773566.49454692
2024-09-08,AERGO,116.1,264054342.13364115
2024-09-09,AERGO,119.7,569441892.4779962
2024-09-10,AERGO,139.0,42683365547.56499
2024-09-11,AERGO,131.1,21386981534.03399
2024-09-12,AERGO,129.4,10584667376.912395
2024-09-13,AERGO,129.2,10365635475.750181
2024-09-14,AERGO,126.2,1894139027.8183088
2024-09-15,AERGO,134.9,11289280848.725933
2024-09-16,AERGO,126.9,14524685947.091518
2024-09-17,AERGO,131.7,9193510656.184639
2024-09-18,AERGO,129.3,4920402956.13108
2024-09-19,AERGO,135.2,5008229454.23439
2024-09-20,AERGO,141.7,34958206515.742966
2024-09-21,AERGO,160.4,19604004612.573303
2024-09-22,AERGO,149.6,9563402841.000914
2024-09-23,AERGO,145.9,4520782915.004574
2024-09-24,AERGO,150.8,37514178030.480156
2024-09-25,AERGO,144.7,4602820624.154613
2024-09-26,AERGO,146.5,2894861200.39612
2024-09-27,AERGO,146.2,3855505302.3700204
2024-09-28,AERGO,143.6,2260721104.617666
2024-09-29,AERGO,146.8,9324015690.23748
2024-09-30,AERGO,137.8,3573489498.1948223
2024-10-01,AERGO,128.1,3918163258.8114
2024-10-02,AERGO,132.1,2608633156.564245
2024-10-03,AERGO,126.7,4579183012.781408
2024-10-04,AERGO,137.2,2573283349.4208093
2024-10-05,AERGO,137.1,2424576905.0026417
2024-10-06,AERGO,143.1,6483883659.612808
2024-10-07,AERGO,143.6,5567543412.849641
2024-10-08,AERGO,142.2,2651519089.4166293
2024-10-09,AERGO,135.3,3029202250.529282
2024-10-10,AERGO,134.3,1292567169.4486547
2024-10-11,AERGO,141.0,3158514552.488715
2024-10-12,AERGO,142.0,1188244970.1137006
2024-10-13,AERGO,139.2,1203311964.7892263
2024-10-14,AERGO,143.9,1000702058.8463755
2024-10-15,AERGO,143.3,2240910510.9257045
2024-10-16,AERGO,141.9,1476499908.7894514
2024-10-17,AERGO,139.5,1193474914.9170847
2024-10-18,AERGO,144.0,1227027571.2056217
2024-10-19,AERGO,144.2,1104284592.1821854
2024-10-20,AERGO,146.6,1170531437.0746248
2024-10-21,AERGO,147.3,2375344390.6455727
2024-10-22,AERGO,145.8,1801145923.4809284
2024-10-23,AERGO,139.9,1138886341.015654
2024-10-24,AERGO,141.2,945186713.2253686
2024-10-25,AERGO,130.1,1416433875.5901577
2024-10-26,AERGO,132.1,670388554.2377926
2024-10-27,AERGO,133.5,291312504.7548583
2024-10-28,AERGO,136.1,6536271943.863416
2024-10-29,AERGO,143.8,11562073068.43079
2024-10-30,AERGO,138.3,2504132290.9398518
2024-10-31,AERGO,132.0,2425601886.2625356
2024-11-01,AERGO,132.3,1056343956.6090493
2024-11-02,AERGO,129.6,689804394.8955361
2024-11-03,AERGO,125.2,1053772316.7616129
2024-11-04,AERGO,123.4,513926999.716775
2024-11-05,AERGO,127.2,419202983.8447796
2024-11-06,AERGO,136.7,1968336270.249351
2024-11-07,AERGO,140.6,2457878238.3445463
2024-11-08,AERGO,143.8,3515787440.090543
2024-11-09,AERGO,146.0,3409301521.2104783
2024-11-10,AERGO,151.4,6485465120.844206
2024-11-11,AERGO,159.6,7890010276.812113
2024-11-12,AERGO,159.4,87474664274.28047
2024-11-13,AERGO,156.9,6378793840.857255
2024-11-14,AERGO,148.8,7267309698.571208
2024-11-15,AERGO,154.9,12262439079.991434
2024-11-16,AERGO,164.8,4262502071.31328
2024-11-17,AERGO,155.4,3134324341.412018
2024-11-18,AERGO,166.0,3942992616.5198355
2024-11-19,AERGO,172.6,4850383964.149928
2024-11-20,AERGO,160.9,4928657887.447328
2024-11-21,AERGO,163.5,2745915078.579646
2024-11-22,AERGO,168.0,3977397132.742977
2024-11-23,AERGO,173.7,5998659497.00219
2024-11-24,AERGO,181.0,11087565941.425776
2024-11-25,AERGO,185.8,13549561288.931652
2024-11-26,AERGO,197.7,22675724126.84959
2024-11-27,AERGO,202.8,13802066382.500536
2024-11-28,AERGO,203.3,6937856962.597837
2024-11-29,AERGO,206.6,7622190419.048082
2024-11-30,AERGO,207.0,5313033710.063295
2024-12-01,AERGO,207.3,8409324666.049835
2024-12-02,AERGO,204.5,9481592506.928478
2024-12-03,AERGO,209.4,17971178185.612747
2024-12-04,AERGO,218.9,11680076328.42889
2024-12-05,AERGO,208.2,8950486021.82521
2024-12-06,AERGO,206.1,8221049467.820624
2024-12-07,AERGO,204.5,11290065980.046036
2024-12-08,AERGO,213.6,4644061305.045902
2024-12-09,AERGO,192.8,10933505421.707737
2024-12-10,AERGO,201.2,19005307865.971333
2024-12-11,AERGO,239.7,242442124044.8278
2024-12-12,AERGO,221.9,74697608837.20998
2024-12-13,AERGO,212.0,14752621285.114521
2024-12-14,AERGO,222.3,35770157890.739586
2024-12-15,AERGO,228.8,16417094249.321558
2024-12-16,AERGO,210.8,10837620908.164043
2024-12-17,AERGO,207.5,6701578952.664602
2024-12-18,AERGO,198.9,4786715673.538828
2024-12-19,AERGO,193.0,8751107717.125772
2024-12-20,AERGO,204.5,7777161302.634713
2024-12-21,AERGO,201.0,5988944326.301803
2024-12-22,AERGO,204.5,6237768445.400182
2024-12-23,AERGO,212.0,3930939023.5040984
2024-12-24,AERGO,212.5,3011141458.4763985
2024-12-25,AERGO,217.0,12985498840.329664
2024-12-26,AERGO,218.5,8852913989.403547
2024-12-27,AERGO,228.6,7981706731.906578
2024-12-28,AERGO,235.3,7991693784.689435
2024-12-29,AERGO,232.8,6652359622.482717
2024-12-30,AERGO,246.2,11284013081.619905
2024-12-31,AERGO,249.2,61526709738.086105
2025-01-01,AERGO,207.3,111180163814.25737
2025-01-02,AERGO,198.9,23806607918.29593
2025-01-03,AERGO,201.4,14020949576.648037
2025-01-04,AERGO,199.2,11196028371.185638
2025-01-05,AERGO,203.7,22758115623.89821
2025-01-06,AERGO,205.0,13139658292.243574
2025-01-07,AERGO,189.8,11883089564.095781
2025-01-08,AERGO,195.2,15541863201.55988
2025-01-09,AERGO,215.3,38767864828.85884
2025-01-10,AERGO,204.0,15774022604.921633
2025-01-11,AERGO,208.0,19093618921.70649
2025-01-12,AERGO,199.6,10852676853.316046
2025-01-13,AERGO,181.3,12140787948.360136
2025-01-14,AERGO,188.3,8633343070.09012
2025-01-15,AERGO,190.7,5872698854.327541
2025-01-16,AERGO,183.2,4295929256.100682
2025-01-17,AERGO,187.7,3010314677.321489
2025-01-18,AERGO,185.7,20073476838.62397
2025-01-19,AERGO,172.8,6402252172.267214
2025-01-20,AERGO,172.4,4897944224.38964
2025-01-21,AERGO,173.8,5406726372.224915
2025-01-22,AERGO,169.6,1869840007.9690428
2025-01-23,AERGO,167.1,2427460157.2751904
2025-01-24,AERGO,165.4,2531533519.361411
2025-01-25,AERGO,171.4,1933428329.5912058
2025-01-26,AERGO,170.1,2787779441.286095
2025-01-27,AERGO,163.8,3451923808.7750735
2025-01-28,AERGO,158.1,1112210883.1563265
2025-01-29,AERGO,161.1,763977356.8373154
2025-01-30,AERGO,161.4,644495292.1489117
2025-01-31,AERGO,162.5,1139495657.754875
2025-02-01,AERGO,154.0,1350960329.383374
2025-02-02,AERGO,136.6,4205298544.7003245
2025-02-03,AERGO,137.7,5740763068.565692
2025-02-04,AERGO,134.5,2503932384.8369665
2025-02-05,AERGO,131.9,1881422118.7422423
2025-02-06,AERGO,126.3,1086034785.8944123
2025-02-07,AERGO,125.6,1220980088.8941202
2025-02-08,AERGO,132.7,760667409.3031037
2025-02-09,AERGO,132.0,1490191191.3881915
2025-02-10,AERGO,134.5,2110303301.8020625
2025-02-11,AERGO,132.5,736772365.2903743
2025-02-12,AERGO,138.0,1329518489.5236669
2025-02-13,AERGO,136.1,892813335.3181026
2025-02-14,AERGO,136.9,1072154051.4773164
2025-02-15,AERGO,133.3,312144380.8960004
2025-02-16,AERGO,138.3,6200342192.544517
2025-02-17,AERGO,137.3,11514982393.347158
2025-02-18,AERGO,132.1,1805816356.3154683
2025-02-19,AERGO,135.8,570657675.0609214
2025-02-20,AERGO,142.9,2126690843.3618362
2025-02-21,AERGO,135.7,1111058313.3424687
2025-02-22,AERGO,139.4,1390941541.9968796
2025-02-23,AERGO,142.3,3161442664.491496
2025-02-24,AERGO,126.1,1669737718.875422
2025-02-25,AERGO,126.1,1764992510.808698
2025-02-26,AERGO,126.1,771225405.9675936
2025-02-27,AERGO,128.9,641735258.197953
2025-02-28,AERGO,130.2,3896641230.915548
2025-03-01,AERGO,132.9,1515538980.6845562
2025-03-02,AERGO,143.1,1673668527.087959
2025-03-03,AERGO,123.3,1300442337.6556568
2025-03-04,AERGO,109.3,8479392032.511832
2025-03-05,AERGO,110.6,4439568961.425791
2025-03-06,AERGO,107.2,1708222801.1086638
2025-03-07,AERGO,105.3,1586878641.7646365
2025-03-08,AERGO,106.5,606635519.206796
2025-03-09,AERGO,96.39,1221966844.6909266
2025-03-10,AERGO,92.24,1127873683.6717634
2025-03-11,AERGO,97.45,981727167.3103627
2025-03-12,AERGO,100.4,847678931.7391692
2025-03-13,AERGO,101.5,2018382326.4552662
2025-03-14,AERGO,105.0,1319233925.6669896
2025-03-15,AERGO,105.3,777561589.9028774
2025-03-16,AERGO,99.05,495079878.33444905
2025-03-17,AERGO,100.7,948494061.9299366
2025-03-18,AERGO,115.0,121440380911.3849
2025-03-19,AERGO,108.4,18789063032.57616
2025-03-20,AERGO,110.9,3749810938.6935196
2025-03-21,AERGO,102.2,14628624513.3006
2025-03-22,AERGO,98.78,4582811004.938946
2025-03-23,AERGO,94.54,3171109353.3645573
2025-03-24,AERGO,97.18,1946974735.7200422
2025-03-25,AERGO,97.11,1272636601.171658
2025-03-26,AERGO,97.01,1817227246.2351546
2025-03-27,AERGO,96.52,4171291258.0383716
2025-03-28,AERGO,90.62,1847617216.715412
2025-03-29,AERGO,87.15,971327908.92209
2025-03-30,AERGO,87.83,522436279.2303482
2025-03-31,AERGO,85.02,4555796648.328126
2025-04-01,AERGO,83.89,1032556375.6877804
2025-04-02,AERGO,75.24,1378162218.6401396
2025-04-03,AERGO,74.34,1062511624.6239777
2025-04-04,AERGO,75.36,1692016818.4237564
2025-04-05,AERGO,76.41,503350370.2078001
2025-04-06,AERGO,132.2,203045640431.18433
2025-04-07,AERGO,153.2,274708067094.2781
2025-04-08,AERGO,193.7,377893523124.84595
2025-04-09,AERGO,202.6,214187755998.9296
2025-04-10,AERGO,322.1,502940536496.3565
2025-04-11,AERGO,315.4,344859204247.74225
2025-04-12,AERGO,337.9,234340176534.5231
2025-04-13,AERGO,427.5,502154580927.27936
2025-04-14,AERGO,514.5,578460847468.9614
2025-04-15,AERGO,629.7,523403466266.1384
2025-04-16,AERGO,201.7,551069842493.0735
2025-04-17,AERGO,314.5,1182283712084.3782
2025-04-18,AERGO,439.5,1170406854312.2725
2025-04-19,AERGO,435.5,1052307398140.2844
2025-04-20,AERGO,415.6,592247026912.4636
2025-04-21,AERGO,383.8,297556489939.235
2025-04-22,AERGO,325.7,302366656112.7696
2025-04-23,AERGO,295.0,243401437956.90912
2025-04-24,AERGO,326.8,414553332374.0123
2025-04-25,AERGO,310.7,135046520753.8697
2025-04-26,AERGO,291.5,65164712931.8593
2025-04-27,AERGO,268.0,35666374100.46562
2025-04-28,AERGO,281.4,149933717513.6761
2025-04-29,AERGO,263.7,46744115124.835976
2025-04-30,AERGO,247.0,35589078164.39055
2025-05-01,AERGO,234.2,15169636923.719774
2025-05-02,AERGO,237.0,41517658887.29086
2025-05-03,AERGO,286.0,459554174515.9128
2025-05-04,AERGO,256.0,104037157783.23851
2025-05-05,AERGO,241.8,36459639072.70553
2025-05-06,AERGO,221.7,24089422847.72189
2025-05-07,AERGO,213.9,14547119552.376266
2025-05-08,AERGO,223.2,20139130117.418446
2025-05-09,AERGO,228.2,18327923758.81361
2025-05-10,AERGO,228.6,16927276937.573229
2025-05-11,AERGO,220.0,11251380164.574125
2025-05-12,AERGO,222.9,35276589123.588745
2025-05-13,AERGO,225.2,22169299441.17021
2025-05-14,AERGO,221.7,9194034557.849371
2025-05-15,AERGO,204.7,11544743377.072163
2025-05-16,AERGO,208.2,15218100334.09016
2025-05-17,AERGO,198.5,5721575034.2992325
2025-05-18,AERGO,200.2,4142174537.9114656
2025-05-19,AERGO,193.0,4654108257.489358
2025-05-20,AERGO,191.0,2749447572.212314
2025-05-21,AERGO,187.7,4502336202.606974
2025-05-22,AERGO,192.6,4335590680.184095
2025-05-23,AERGO,183.3,6174525729.440124
2025-05-24,AERGO,205.8,81320889233.28116
2025-05-25,AERGO,233.6,153386750473.54675
2025-05-26,AERGO,230.1,121282298492.93657
2025-05-27,AERGO,228.6,52557998049.032646
2025-05-28,AERGO,208.4,26616323288.709503
2025-05-29,AERGO,195.8,11582066196.254206
2025-05-30,AERGO,177.4,44807267287.05533
2025-05-31,AERGO,171.3,8248804146.767358
2025-06-01,AERGO,173.4,6593586638.156132
2025-06-02,AERGO,170.0,4336747468.957148
2025-06-03,AERGO,169.7,4747233389.888581
2025-06-04,AERGO,163.8,3539577685.6494546
2025-06-05,AERGO,170.9,80652655519.14992
2025-06-06,AERGO,160.5,12947378507.563622
2025-06-07,AERGO,160.2,3941351975.538741
2025-06-08,AERGO,158.7,6163113049.209978
2025-06-09,AERGO,160.1,7856722035.169973
2025-06-10,AERGO,164.2,23904811671.027157
2025-06-11,AERGO,159.5,6783022961.681982
2025-06-12,AERGO,156.6,28138335663.50343
2025-06-13,AERGO,151.4,7330667226.801849
2025-06-14,AERGO,151.4,7739202779.744181
2025-06-15,AERGO,149.1,2293870593.1052885
2025-06-16,AERGO,145.0,4269795555.685778
2025-06-17,AERGO,141.2,3350258772.416339
2025-06-18,AERGO,139.0,2679442793.9157434
2025-06-19,AERGO,142.0,2322616774.8846917
2025-06-20,AERGO,187.9,118213791957.72267
2025-06-21,AERGO,172.2,161041084873.942
2025-06-22,AERGO,150.2,44779928043.60953
2025-06-23,AERGO,190.0,110884077604.79832
2025-06-24,AERGO,174.0,67091564814.043625
2025-06-25,AERGO,185.8,60249973293.93287
2025-06-26,AERGO,171.4,25698790260.08752
2025-06-27,AERGO,173.6,13344431604.832644
2025-06-28,AERGO,174.0,11953983869.068512
2025-06-29,AERGO,178.2,24971205840.953503
2025-06-30,AERGO,165.6,8507398518.940104
2025-07-01,AERGO,157.2,7320633567.012824
2025-07-02,AERGO,160.8,15629921696.749838
2025-07-03,AERGO,159.6,14948103156.89713
2025-07-04,AERGO,155.5,4225714222.650101
2025-07-05,AERGO,156.1,1638264050.3223443
2025-07-06,AERGO,158.4,15805126569.417585
2025-07-07,AERGO,155.7,4063215335.208662
2025-07-08,AERGO,154.8,1599395096.1603794
2025-07-09,AERGO,156.2,2500290366.272997
2025-07-10,AERGO,159.1,6456851975.056535
2025-07-11,AERGO,158.5,10137445525.521479
2025-07-12,AERGO,167.0,35413156236.566635
2025-07-13,AERGO,163.9,7307130646.938595
2025-07-14,AERGO,164.1,7159621255.858757
2025-07-15,AERGO,173.8,32620142875.614388
2025-07-16,AERGO,175.0,10359115423.278551
2025-07-17,AERGO,170.8,8519127254.076124
2025-07-18,AERGO,168.0,9881599075.182152
2025-07-19,AERGO,177.8,71975661430.41507
2025-07-20,AERGO,194.8,63832793007.466866
2025-07-21,AERGO,199.7,21254173735.26449
2025-07-22,AERGO,192.9,18662617256.63807
2025-07-23,AERGO,192.7,154116810287.4461
2025-07-24,AERGO,188.4,25280187627.566345
2025-07-25,AERGO,183.8,11633732166.589361
2025-07-26,AERGO,181.9,4409621268.059582
2025-07-27,AERGO,183.7,4770186550.99275
2025-07-28,AERGO,173.6,5668612705.20759
2025-07-29,AERGO,172.3,4603022971.406878
2025-07-30,AERGO,170.0,3711374350.7220306
2025-07-31,AERGO,165.0,3290276912.410674
2025-08-01,AERGO,160.0,3610586961.7058573
2025-08-02,AERGO,155.0,1851224626.9520473
2025-08-03,AERGO,160.0,1008668378.5325216
2025-08-04,AERGO,162.0,1308207794.5018225
2025-08-05,AERGO,158.0,2620485304.7471952
2025-08-06,AERGO,157.0,1521947235.8531556
2025-08-07,AERGO,162.0,1923860358.722121
2025-08-08,AERGO,164.0,1659620316.8241735
2025-08-09,AERGO,168.0,2268266651.846276
2025-08-10,AERGO,166.0,1792878753.1784966
2025-08-11,AERGO,161.0,2551343463.0776253
2025-08-12,AERGO,163.0,1688647716.1951766
2025-08-13,AERGO,165.0,1214693620.7782464
2025-08-14,AERGO,156.0,3304651604.371826
2025-08-15,AERGO,157.0,1435781732.032779
2025-08-16,AERGO,159.0,644229402.2239898
2025-08-17,AERGO,158.0,543977770.8615941
2025-08-18,AERGO,156.0,3388784933.4413285
2025-08-19,AERGO,150.0,1363652368.7557454
2025-08-20,AERGO,155.0,1370001150.4686916
2025-08-21,AERGO,151.0,872843691.4596852
2025-08-22,AERGO,157.0,1978269747.4013999
2025-08-23,AERGO,155.0,611519391.3950877
2025-08-24,AERGO,154.0,1287728562.8916848
2025-08-25,AERGO,148.0,1821305020.8548303
2025-08-26,AERGO,152.0,950251744.6529834
2025-08-27,AERGO,151.0,616652823.1597105
2025-08-28,AERGO,152.0,1206183461.5871658
2025-08-29,AERGO,147.0,1427894706.0211594
2025-08-30,AERGO,147.0,808688778.0559624
2025-08-31,AERGO,145.0,483420046.43755233
2025-09-01,AERGO,141.0,1433072450.9628198
2025-09-02,AERGO,168.0,44489422164.05954
2025-09-03,AERGO,156.0,13612103491.377127
2025-09-04,AERGO,151.0,3422208378.8568983
2025-09-05,AERGO,151.0,1783977551.3650758
2025-09-06,AERGO,151.0,619225154.3972801
2025-09-07,AERGO,149.0,589516984.639604
2025-09-08,AERGO,155.0,11047490416.091946
2025-09-09,AERGO,155.0,2732497452.8121443
2025-09-10,AERGO,156.0,2031281097.0507073
2025-09-11,AERGO,154.0,1267147120.2572443
2025-09-12,AERGO,156.0,1395546079.66756
2025-09-13,AERGO,157.0,1184271297.0297568
2025-09-14,AERGO,154.0,1319130613.5680087
2025-09-15,AERGO,148.0,2079897039.821447
2025-09-16,AERGO,149.0,863890273.8323016
2025-09-17,AERGO,150.0,814023255.2584814
2025-09-18,AERGO,150.0,679735700.5911269
2025-09-19,AERGO,148.0,917646552.0307572
2025-09-20,AERGO,149.0,538221005.0753249
2025-09-21,AERGO,150.0,828795720.565041
2025-09-22,AERGO,141.0,3355989769.465894
2025-09-23,AERGO,144.0,1596013612.2904809
2025-09-24,AERGO,142.0,582447493.344872
2025-09-25,AERGO,137.0,1993739332.5106814
2025-09-26,AERGO,138.0,1229304830.7582445
2025-09-27,AERGO,139.0,749356600.0116742
2025-09-28,AERGO,138.0,652166564.1248367
2025-09-29,AERGO,136.0,751744312.9212825
2025-09-30,AERGO,135.0,1644062642.0879521
2025-10-01,AERGO,141.0,931830301.7949944
2025-10-02,AERGO,144.0,1584916819.1919172
2025-10-03,AERGO,146.0,621764591.7719558
2025-10-04,AERGO,142.0,467622362.1700574
2025-10-05,AERGO,142.0,540424299.952232
2025-10-06,AERGO,144.0,421024033.5226848
2025-10-07,AERGO,140.0,632265419.4322717
2025-10-08,AERGO,143.0,352002833.9106336
2025-10-09,AERGO,142.0,1846543490.8994255
2025-10-10,AERGO,115.0,3404440144.108356
2025-10-11,AERGO,112.0,1463573216.0073776
2025-10-12,AERGO,119.0,831922711.2356029
2025-10-13,AERGO,125.0,2411195772.1465125
2025-10-14,AERGO,123.0,2658114247.7983637
2025-10-15,AERGO,120.0,920230397.0420004
2025-10-16,AERGO,115.0,768646348.4722254
2025-10-17,AERGO,113.0,3165350326.9757223
2025-10-18,AERGO,113.0,513149275.7470325
2025-10-19,AERGO,114.0,414889741.21181583
2025-10-20,AERGO,116.0,912423839.2561129
2025-10-21,AERGO,114.0,1142502610.6919315
2025-10-22,AERGO,112.0,521456637.5839453
2025-10-23,AERGO,114.0,298260511.10017586
2025-10-24,AERGO,116.0,1315723145.9150934
2025-10-25,AERGO,116.0,331712339.60285264
2025-10-26,AERGO,117.0,452037268.00662416
2025-10-27,AERGO,115.0,596003752.884197
2025-10-28,AERGO,112.0,1995402347.7382603
2025-10-29,AERGO,113.0,763702482.3704165
2025-10-30,AERGO,109.0,1058545543.684725
2025-10-31,AERGO,109.0,846237360.3206098
2025-11-01,AERGO,111.0,350857477.0150171
2025-11-02,AERGO,110.0,441297531.7030203
2025-11-03,AERGO,99.3,1459412779.9545574
2025-11-04,AERGO,100.0,3339023012.526626
2025-11-05,AERGO,101.0,1288110516.0731668
2025-11-06,AERGO,101.0,3078735741.9567003
2025-11-07,AERGO,108.0,1835980302.6440308
2025-11-08,AERGO,105.0,652699779.7391516
2025-11-09,AERGO,106.0,1548866214.0087862
2025-11-10,AERGO,107.0,769234342.4760646
2025-11-11,AERGO,107.0,9656059161.783283
2025-11-12,AERGO,110.0,4930122044.880557
2025-11-13,AERGO,107.0,1405921314.1877131
2025-11-14,AERGO,114.0,5056577579.907807
2025-11-15,AERGO,110.0,1240100207.2264707
2025-11-16,AERGO,106.0,1300473885.1786659
2025-11-17,AERGO,104.0,2335407307.667032
2025-11-18,AERGO,104.0,1164177502.4828303
2025-11-19,AERGO,102.0,978521826.6814634
2025-11-20,AERGO,97.4,1343414481.2692006
2025-11-21,AERGO,88.6,3149833600.8085675
2025-11-22,AERGO,90.1,1128852765.835078
2025-11-23,AERGO,92.1,2422490809.6103034
2025-11-24,AERGO,91.7,914263858.4890126
2025-11-25,AERGO,89.6,650986406.5232747
2025-11-26,AERGO,89.9,603889817.1341329
2025-11-27,AERGO,93.0,4114890457.4289284
2025-11-28,AERGO,93.4,2461790188.785667
2025-11-29,AERGO,94.3,1245233978.3680255
2025-11-30,AERGO,90.8,770865577.2535337
2025-12-01,AERGO,84.0,1424679830.69274
2025-12-02,AERGO,86.2,719748537.5292541
2025-12-03,AERGO,86.8,569479413.5575897
2025-12-04,AERGO,85.9,602590707.070639
2025-12-05,AERGO,84.2,3468803213.2452664
2025-12-06,AERGO,84.4,796945127.8494141
2025-12-07,AERGO,82.1,593112884.0574999
2025-12-08,AERGO,82.5,366148488.76870114
2025-12-09,AERGO,81.8,701777105.7995209
2025-12-10,AERGO,80.1,544484815.0275137
2025-12-11,AERGO,78.3,565576646.0937768
2025-12-12,AERGO,78.2,405711507.0977133
2025-12-13,AERGO,101.0,61715165987.2031
2025-12-14,AERGO,93.0,33707991376.9855
2025-12-15,AERGO,84.1,12609966985.158258
2025-12-16,AERGO,87.6,20588282915.57521
2025-12-17,AERGO,89.2,26832353197.699364
2025-12-18,AERGO,101.0,41821162198.59644
2025-12-19,AERGO,100.0,15597578010.601675
2025-12-20,AERGO,95.5,7836877384.944223
2025-12-21,AERGO,94.1,3700320526.262736
2025-12-22,AERGO,98.2,7502286366.8577795
2025-12-23,AERGO,97.2,3057834388.032312
2025-12-24,AERGO,93.0,1710047714.3766203
2025-12-25,AERGO,89.0,1190393182.8129117
2025-12-26,AERGO,87.8,1084254074.8940609
2025-12-27,AERGO,88.9,711084841.2057614
2025-12-28,AERGO,87.1,666764369.0951818
2025-12-29,AERGO,83.4,1767666399.2817302
2025-12-30,AERGO,82.0,1573127290.9371073
2025-12-31,AERGO,80.8,1486127376.867061
2026-01-01,AERGO,91.4,79922828809.45515
2026-01-02,AERGO,94.1,35593349835.69121
2026-01-03,AERGO,92.3,9334443202.578733
2026-01-04,AERGO,95.6,20041559611.257854
2026-01-05,AERGO,95.5,7533018167.907515
2026-01-06,AERGO,96.6,3943099634.046512
2026-01-07,AERGO,93.4,7943678242.011904
2026-01-08,AERGO,98.7,13909231258.699982
2026-01-09,AERGO,96.6,2413646709.369618
2026-01-10,AERGO,95.8,1917703860.2109647
2026-01-11,AERGO,93.3,1109844082.3207493
2026-01-12,AERGO,90.7,2667715325.8518863
2026-01-13,AERGO,93.6,1152150436.658197
2026-01-14,AERGO,94.1,1243455475.1075795
2026-01-15,AERGO,92.0,783693259.2444224
2026-01-16,AERGO,92.8,398167204.5537176
2026-01-17,AERGO,94.8,599395853.4167565
2026-01-18,AERGO,90.6,954261520.2631834
2026-01-19,AERGO,87.6,911414528.85575
2026-01-20,AERGO,86.3,1682216375.2592468
2026-01-21,AERGO,99.3,54670380829.3143
2026-01-22,AERGO,93.7,10457039656.472366
2026-01-23,AERGO,92.4,9653927886.166508
2026-01-24,AERGO,93.5,4559266608.330956
2026-01-25,AERGO,88.0,2563488011.1416397
2026-01-26,AERGO,88.8,1442979687.7483397
2026-01-27,AERGO,87.8,1093286189.2659132
2026-01-28,AERGO,86.3,877171521.4757605
2026-01-29,AERGO,83.7,1015640006.6237707
2026-01-30,AERGO,84.7,812732251.125111
2026-01-31,AERGO,78.8,8691340940.845865
2026-02-01,AERGO,84.1,58061596775.56123
2026-02-02,AERGO,81.3,4254209147.981165
2026-02-03,AERGO,78.5,1391170607.7359703
2026-02-04,AERGO,78.5,1360294979.079812
2026-02-05,AERGO,77.1,26659321883.3826
2026-02-06,AERGO,83.1,23393705037.886543
2026-02-07,AERGO,83.8,11827586159.409203
2026-02-08,AERGO,85.0,4671271863.964565
2026-02-09,AERGO,84.1,1330517399.5299525
2026-02-10,AERGO,84.8,968201369.3807178
2026-02-11,AERGO,83.6,1336741965.411359
2026-02-12,AERGO,83.5,931172017.3596312
2026-02-13,AERGO,85.7,8300892352.372677
2026-02-14,AERGO,89.1,9141492737.386185
2026-02-15,AERGO,86.3,2556548316.739035
2026-02-16,AERGO,84.9,873629450.4187762
2026-02-17,AERGO,83.9,647462079.0436529
2026-02-18,AERGO,82.5,802101123.9521512
2026-02-19,AERGO,82.5,930432048.2877082
2026-02-20,AERGO,83.1,681216072.784585
2026-02-21,AERGO,82.5,483661015.69388545
2026-02-22,AERGO,81.6,1947676145.598326
2026-02-23,AERGO,80.3,959304980.0280315
2026-02-24,AERGO,79.2,715341822.6650058
2026-02-25,AERGO,80.8,907499797.1118698
2026-02-26,AERGO,83.2,9787815736.654802
2026-02-27,AERGO,82.1,1696293288.2063885
2026-02-28,AERGO,82.3,1348926531.669521
2026-03-01,AERGO,81.6,3226866378.1342025
2026-03-02,AERGO,82.2,946658028.4534656
2026-03-03,AERGO,79.9,793241018.0516312
2026-03-04,AERGO,81.6,3280229737.792521
2026-03-05,AERGO,81.6,1908562051.2708254
2026-03-06,AERGO,80.7,827287555.1116065
2026-03-07,AERGO,80.0,315106390.1573144
2026-03-08,AERGO,79.0,338001651.9513341
2026-03-09,AERGO,79.6,353973898.0110088
2026-03-10,AERGO,79.6,308378165.362084
2026-03-11,AERGO,80.2,3482990696.727842
2026-03-12,AERGO,80.1,580140759.9094126
2026-03-13,AERGO,80.2,825341978.1423662
2026-03-14,AERGO,80.0,367630067.78498214
2026-03-15,AERGO,80.7,825160802.0032398
2026-03-16,AERGO,82.2,1214661705.573633
2026-03-17,AERGO,84.0,10513546315.219019
2026-03-18,AERGO,81.7,2074309294.8319051
2026-03-19,AERGO,81.0,1066384446.9732606
2026-03-20,AERGO,81.0,315978896.77383304
2026-03-21,AERGO,81.3,2474890.87214972
2023-01-01,AQT,933.0,8658157907.255823
2023-01-02,AQT,929.0,8024093809.223401
2023-01-03,AQT,920.0,2984853675.7390537
2023-01-04,AQT,926.0,4243243161.130362
2023-01-05,AQT,916.0,2325421191.106839
2023-01-06,AQT,915.0,3045189467.1113834
2023-01-07,AQT,920.0,784224218.1869445
2023-01-08,AQT,925.0,1045861023.9047374
2023-01-09,AQT,947.0,5025755320.166736
2023-01-10,AQT,962.0,4249735231.6601143
2023-01-11,AQT,973.0,5606718794.166586
2023-01-12,AQT,983.0,2415656258.6446548
2023-01-13,AQT,1020.0,2548371562.0070453
2023-01-14,AQT,1070.0,11604272587.245886
2023-01-15,AQT,1115.0,7413752210.175987
2023-01-16,AQT,1120.0,2826717389.6911373
2023-01-17,AQT,1170.0,3995034318.2519994
2023-01-18,AQT,1095.0,3346928404.993785
2023-01-19,AQT,1145.0,54946047146.09167
2023-01-20,AQT,1190.0,5887445936.354078
2023-01-21,AQT,1200.0,5676919551.856944
2023-01-22,AQT,1215.0,2781230362.539328
2023-01-23,AQT,1240.0,9132617168.750237
2023-01-24,AQT,1180.0,8387308398.970212
2023-01-25,AQT,1250.0,7222497534.8724
2023-01-26,AQT,1265.0,6705967319.4127445
2023-01-27,AQT,1325.0,6811721214.073238
2023-01-28,AQT,1310.0,2880938820.321372
2023-01-29,AQT,1315.0,1633413518.824507
2023-01-30,AQT,1215.0,5045861072.021038
2023-01-31,AQT,1225.0,2980453376.95045
2023-02-01,AQT,1245.0,3448160622.7544394
2023-02-02,AQT,1285.0,3102404858.7848687
2023-02-03,AQT,1365.0,8812495357.61453
2023-02-04,AQT,1435.0,4968468183.786999
2023-02-05,AQT,1500.0,306234074562.7244
2023-02-06,AQT,1505.0,44426447572.003136
2023-02-07,AQT,1455.0,8557423400.966903
2023-02-08,AQT,1430.0,4058425094.765985
2023-02-09,AQT,1430.0,36398619353.5145
2023-02-10,AQT,1460.0,15038183826.553328
2023-02-11,AQT,1455.0,3463869438.3603725
2023-02-12,AQT,1480.0,10406040213.098099
2023-02-13,AQT,1405.0,4430642723.965706
2023-02-14,AQT,1425.0,2825022513.843759
2023-02-15,AQT,1550.0,12576232019.79516
2023-02-16,AQT,1560.0,47172232743.91304
2023-02-17,AQT,1680.0,47630215174.130356
2023-02-18,AQT,1650.0,6000284991.290667
2023-02-19,AQT,1640.0,4124036863.9876604
2023-02-20,AQT,1690.0,7022449542.98387
2023-02-21,AQT,1645.0,8358506015.942614
2023-02-22,AQT,1645.0,3919639457.5823174
2023-02-23,AQT,1775.0,21522510541.79794
2023-02-24,AQT,1820.0,18273459152.10077
2023-02-25,AQT,1755.0,63120088872.965256
2023-02-26,AQT,1705.0,4724621856.839396
2023-02-27,AQT,1655.0,4750523421.210161
2023-02-28,AQT,1700.0,16330468638.760017
2023-03-01,AQT,1755.0,3732742208.8421946
2023-03-02,AQT,1705.0,21435654535.90111
2023-03-03,AQT,1735.0,44424649519.00357
2023-03-04,AQT,1740.0,5685044500.508222
2023-03-05,AQT,1725.0,3472235302.490974
2023-03-06,AQT,1620.0,5162313209.502915
2023-03-07,AQT,1530.0,4760737571.545643
2023-03-08,AQT,1525.0,4399642007.757486
2023-03-09,AQT,1450.0,9901980174.626442
2023-03-10,AQT,1455.0,19581369694.442314
2023-03-11,AQT,1425.0,3586707491.666521
2023-03-12,AQT,1475.0,3690093843.1985226
2023-03-13,AQT,1630.0,9333345368.35685
2023-03-14,AQT,1755.0,19469390772.57491
2023-03-15,AQT,1645.0,5196566996.723478
2023-03-16,AQT,1730.0,3572408758.4257503
2023-03-17,AQT,1795.0,4373703341.008384
2023-03-18,AQT,1730.0,4250993606.326409
2023-03-19,AQT,1755.0,5863866489.351462
2023-03-20,AQT,1725.0,3547338727.92558
2023-03-21,AQT,1670.0,3520300980.441941
2023-03-22,AQT,1655.0,1994225649.961203
2023-03-23,AQT,1675.0,5922280753.760828
2023-03-24,AQT,1635.0,1581397123.3846247
2023-03-25,AQT,1630.0,1115365809.685598
2023-03-26,AQT,1635.0,730192110.7196411
2023-03-27,AQT,1540.0,1875774394.0765214
2023-03-28,AQT,1555.0,1168851663.8860874
2023-03-29,AQT,1635.0,1572410957.8783355
2023-03-30,AQT,1665.0,2201118137.684906
2023-03-31,AQT,1660.0,1939849968.411167
2023-04-01,AQT,1720.0,2917053317.5644636
2023-04-02,AQT,1655.0,1877210502.19411
2023-04-03,AQT,1655.0,3944987762.6012354
2023-04-04,AQT,1675.0,1674718643.2161558
2023-04-05,AQT,1780.0,4798573648.177517
2023-04-06,AQT,1865.0,13814015485.654783
2023-04-07,AQT,1830.0,5183924895.612876
2023-04-08,AQT,1810.0,4096734747.482609
2023-04-09,AQT,1740.0,123659363437.29672
2023-04-10,AQT,1695.0,11813604277.523918
2023-04-11,AQT,1700.0,3953963013.142166
2023-04-12,AQT,1670.0,5026407861.211997
2023-04-13,AQT,1685.0,1698115711.146183
2023-04-14,AQT,1695.0,2300463697.5758038
2023-04-15,AQT,1690.0,1153768506.8311155
2023-04-16,AQT,1685.0,1413601736.8229337
2023-04-17,AQT,1660.0,2165469949.7798376
2023-04-18,AQT,1680.0,2335571064.1590433
2023-04-19,AQT,1590.0,2274120547.644803
2023-04-20,AQT,1620.0,2371351865.0394564
2023-04-21,AQT,1620.0,3667587180.3816175
2023-04-22,AQT,1640.0,1822041656.38852
2023-04-23,AQT,1610.0,773212171.1694716
2023-04-24,AQT,1565.0,1726725282.0659988
2023-04-25,AQT,1575.0,6253914302.594517
2023-04-26,AQT,1555.0,1639300345.105974
2023-04-27,AQT,1570.0,616823686.9298162
2023-04-28,AQT,1585.0,582328916.1263964
2023-04-29,AQT,1610.0,617110921.3976665
2023-04-30,AQT,1590.0,1266045118.7044358
2023-05-01,AQT,1515.0,1190034035.554414
2023-05-02,AQT,1520.0,804547752.8778952
2023-05-03,AQT,1525.0,4322312721.77507
2023-05-04,AQT,1550.0,24676959518.262943
2023-05-05,AQT,1530.0,2403860044.402076
2023-05-06,AQT,1520.0,3007900275.481747
2023-05-07,AQT,1495.0,895903876.1986209
2023-05-08,AQT,1405.0,1758750882.3413699
2023-05-09,AQT,1425.0,3564394979.1455617
2023-05-10,AQT,1445.0,5445667883.414854
2023-05-11,AQT,1405.0,1489785833.4304504
2023-05-12,AQT,1385.0,1772931342.9373083
2023-05-13,AQT,1390.0,612813427.9556414
2023-05-14,AQT,1385.0,811789022.7866484
2023-05-15,AQT,1390.0,627456867.8955332
2023-05-16,AQT,1390.0,671123447.6774621
2023-05-17,AQT,1405.0,934328360.1790465
2023-05-18,AQT,1395.0,672201772.2787068
2023-05-19,AQT,1390.0,493545691.61586285
2023-05-20,AQT,1390.0,586524355.1878456
2023-05-21,AQT,1360.0,314458913.78498083
2023-05-22,AQT,1335.0,866752854.1543216
2023-05-23,AQT,1330.0,677766275.739189
2023-05-24,AQT,1255.0,1426076200.6216576
2023-05-25,AQT,1235.0,1696851625.5080714
2023-05-26,AQT,1240.0,376078049.87049437
2023-05-27,AQT,1240.0,368408188.85675955
2023-05-28,AQT,1265.0,480582978.3098003
2023-05-29,AQT,1260.0,438432301.7152596
2023-05-30,AQT,1245.0,416825174.28523606
2023-05-31,AQT,1220.0,515901301.02200997
2023-06-01,AQT,1205.0,257115551.7938862
2023-06-02,AQT,1210.0,387347480.06133413
2023-06-03,AQT,1225.0,327816661.7218675
2023-06-04,AQT,1240.0,392006659.32193524
2023-06-05,AQT,1150.0,1126571272.7576566
2023-06-06,AQT,1180.0,686733833.7282238
2023-06-07,AQT,1150.0,2788761734.773811
2023-06-08,AQT,1160.0,338179091.02037996
2023-06-09,AQT,1180.0,633819231.6907557
2023-06-10,AQT,1025.0,1648530252.2820075
2023-06-11,AQT,1055.0,1521663750.3305926
2023-06-12,AQT,1035.0,775198305.961321
2023-06-13,AQT,1020.0,534665899.2572658
2023-06-14,AQT,1000.0,2174549320.9485
2023-06-15,AQT,999.0,940125171.6743177
2023-06-16,AQT,1015.0,347290124.2465151
2023-06-17,AQT,1030.0,861345595.1573417
2023-06-18,AQT,1025.0,251620942.367177
2023-06-19,AQT,1040.0,227666885.1127216
2023-06-20,AQT,1050.0,457024829.56886697
2023-06-21,AQT,1100.0,1253821419.224396
2023-06-22,AQT,1125.0,2683766840.2096615
2023-06-23,AQT,1185.0,1131732734.1881952
2023-06-24,AQT,1235.0,1854759135.8470597
2023-06-25,AQT,1210.0,1344042019.10529
2023-06-26,AQT,1205.0,4073245057.271527
2023-06-27,AQT,1275.0,2078960740.222685
2023-06-28,AQT,1320.0,8799743220.319576
2023-06-29,AQT,1360.0,2813039093.0790873
2023-06-30,AQT,1395.0,2994373189.141619
2023-07-01,AQT,1425.0,5575596603.151028
2023-07-02,AQT,1390.0,2331743664.253189
2023-07-03,AQT,1395.0,852318576.8448174
2023-07-04,AQT,1460.0,983070905.0440922
2023-07-05,AQT,1570.0,8073487709.051607
2023-07-06,AQT,1525.0,2456295452.48696
2023-07-07,AQT,1475.0,19256115250.161484
2023-07-08,AQT,1570.0,21484771969.784187
2023-07-09,AQT,1495.0,113487811384.55836
2023-07-10,AQT,1415.0,31901810053.928684
2023-07-11,AQT,1335.0,8132125814.806926
2023-07-12,AQT,1295.0,2980966309.453528
2023-07-13,AQT,1260.0,5227404610.337495
2023-07-14,AQT,1270.0,2657734037.6248374
2023-07-15,AQT,1315.0,3144127321.833749
2023-07-16,AQT,1315.0,59728495595.09507
2023-07-17,AQT,1275.0,4497952934.172842
2023-07-18,AQT,1250.0,1867851678.7384875
2023-07-19,AQT,1250.0,916251894.7629625
2023-07-20,AQT,1255.0,1290645481.086558
2023-07-21,AQT,1260.0,1092840939.3085883
2023-07-22,AQT,1295.0,4906174573.75015
2023-07-23,AQT,1300.0,15215268911.495173
2023-07-24,AQT,1325.0,8365614470.37254
2023-07-25,AQT,1295.0,2947286043.9512444
2023-07-26,AQT,1270.0,1739798720.3335094
2023-07-27,AQT,1265.0,658925273.5033842
2023-07-28,AQT,1335.0,3797912587.244175
2023-07-29,AQT,1390.0,5085510937.673867
2023-07-30,AQT,1315.0,20619363605.342033
2023-07-31,AQT,1350.0,18295524818.225388
2023-08-01,AQT,1320.0,3440094337.3785515
2023-08-02,AQT,1360.0,14289826554.727571
2023-08-03,AQT,1355.0,2494504795.2727027
2023-08-04,AQT,1415.0,5624446131.259099
2023-08-05,AQT,1390.0,2260178183.1011467
2023-08-06,AQT,1385.0,2143630107.930124
2023-08-07,AQT,1355.0,1951141023.4159913
2023-08-08,AQT,1340.0,1847585340.3458993
2023-08-09,AQT,1330.0,846468019.7499841
2023-08-10,AQT,1385.0,3494672809.6692324
2023-08-11,AQT,1375.0,2013097152.0858138
2023-08-12,AQT,1375.0,815809772.6894774
2023-08-13,AQT,1390.0,1699695347.9332333
2023-08-14,AQT,1390.0,1234522759.2148347
2023-08-15,AQT,1320.0,1517915146.55352
2023-08-16,AQT,1230.0,2568582240.5056787
2023-08-17,AQT,1160.0,2118333796.7061255
2023-08-18,AQT,1180.0,1499836765.9409633
2023-08-19,AQT,1220.0,1404390483.565062
2023-08-20,AQT,1220.0,531926053.77696943
2023-08-21,AQT,1185.0,527446457.6343545
2023-08-22,AQT,1165.0,592563052.6779525
2023-08-23,AQT,1185.0,443400856.3735919
2023-08-24,AQT,1230.0,1878340108.8922558
2023-08-25,AQT,1210.0,1152263747.1488154
2023-08-26,AQT,1200.0,688020236.9734919
2023-08-27,AQT,1190.0,420571051.8306269
2023-08-28,AQT,1145.0,1252723411.0792012
2023-08-29,AQT,1180.0,1596341678.8800623
2023-08-30,AQT,1160.0,618261819.4217552
2023-08-31,AQT,1120.0,580484897.5086448
2023-09-01,AQT,1100.0,817512047.189244
2023-09-02,AQT,1105.0,723150179.2893424
2023-09-03,AQT,1115.0,810840196.4867957
2023-09-04,AQT,1105.0,294476741.6234917
2023-09-05,AQT,1110.0,385011309.48006934
2023-09-06,AQT,1115.0,322121705.63032156
2023-09-07,AQT,1125.0,415733509.8039375
2023-09-08,AQT,1145.0,774600661.5869877
2023-09-09,AQT,1140.0,310800881.3230008
2023-09-10,AQT,1140.0,434719213.04112417
2023-09-11,AQT,1105.0,605881471.9886857
2023-09-12,AQT,1105.0,450740067.97449106
2023-09-13,AQT,1150.0,906187321.5126369
2023-09-14,AQT,1200.0,1315088091.030552
2023-09-15,AQT,1220.0,1683829875.2529333
2023-09-16,AQT,1260.0,1561254783.5549827
2023-09-17,AQT,1220.0,1031708761.0700657
2023-09-18,AQT,1215.0,1073540047.7087545
2023-09-19,AQT,1250.0,711132333.9283375
2023-09-20,AQT,1300.0,1916056134.1208298
2023-09-21,AQT,1270.0,1356186505.0873892
2023-09-22,AQT,1355.0,3155310684.5258183
2023-09-23,AQT,1385.0,2034398974.9510117
2023-09-24,AQT,1295.0,7953622548.214785
2023-09-25,AQT,1285.0,1287059902.0155287
2023-09-26,AQT,1300.0,849987858.379452
2023-09-27,AQT,1335.0,1782546692.6301703
2023-09-28,AQT,1430.0,7914987163.154929
2023-09-29,AQT,1380.0,21739728398.82865
2023-09-30,AQT,1380.0,30678956742.749115
2023-10-01,AQT,1395.0,5211039747.205581
2023-10-02,AQT,1355.0,3838108127.6886077
2023-10-03,AQT,1315.0,2025234084.647307
2023-10-04,AQT,1310.0,1085964317.450668
2023-10-05,AQT,1300.0,919442604.477579
2023-10-06,AQT,1340.0,1175963292.7696066
2023-10-07,AQT,1390.0,5719719320.780748
2023-10-08,AQT,1405.0,4711297650.967545
2023-10-09,AQT,1340.0,2744196021.32463
2023-10-10,AQT,1345.0,1792479726.4191391
2023-10-11,AQT,1305.0,1741108881.533128
2023-10-12,AQT,1320.0,1099405372.4877565
2023-10-13,AQT,1345.0,742639011.474135
2023-10-14,AQT,1335.0,784922298.9507872
2023-10-15,AQT,1395.0,3339306701.259115
2023-10-16,AQT,1435.0,11437896288.31673
2023-10-17,AQT,1440.0,2322052076.3001986
2023-10-18,AQT,1360.0,4774860321.53073
2023-10-19,AQT,1315.0,1883848917.4522362
2023-10-20,AQT,1385.0,2780320552.730833
2023-10-21,AQT,1410.0,2059569078.0040154
2023-10-22,AQT,1610.0,46992514013.17728
2023-10-23,AQT,1510.0,130081292059.29982
2023-10-24,AQT,1525.0,36274609501.53816
2023-10-25,AQT,1475.0,6086998948.820335
2023-10-26,AQT,1450.0,4955107187.070774
2023-10-27,AQT,1455.0,1980842698.0290234
2023-10-28,AQT,1510.0,3618336908.3433437
2023-10-29,AQT,1545.0,4674776832.168826
2023-10-30,AQT,1565.0,3856625812.9596753
2023-10-31,AQT,1550.0,6959306956.825514
2023-11-01,AQT,1570.0,4195150083.6234794
2023-11-02,AQT,1630.0,6399560001.163539
2023-11-03,AQT,1605.0,4549549379.69353
2023-11-04,AQT,1815.0,47915379494.645294
2023-11-05,AQT,1825.0,71472273658.44362
2023-11-06,AQT,1890.0,31454480389.734196
2023-11-07,AQT,1860.0,7102619590.958237
2023-11-08,AQT,1930.0,9824228727.64815
2023-11-09,AQT,1910.0,14997956361.532299
2023-11-10,AQT,2130.0,41741683342.3031
2023-11-11,AQT,2285.0,203615535719.39832
2023-11-12,AQT,2105.0,30565767123.22997
2023-11-13,AQT,2030.0,13338255246.649382
2023-11-14,AQT,1985.0,5327592341.121822
2023-11-15,AQT,2065.0,11693498637.396969
2023-11-16,AQT,2000.0,4099682247.12376
2023-11-17,AQT,2040.0,5816314505.567244
2023-11-18,AQT,2125.0,27630747110.00412
2023-11-19,AQT,2090.0,4652872581.147772
2023-11-20,AQT,2050.0,3854343007.502199
2023-11-21,AQT,1860.0,4297663716.554707
2023-11-22,AQT,1970.0,3980793199.316908
2023-11-23,AQT,2030.0,9833121948.112637
2023-11-24,AQT,2060.0,7321031284.308839
2023-11-25,AQT,2050.0,3188752396.351295
2023-11-26,AQT,2120.0,20361248113.144352
2023-11-27,AQT,2020.0,26196289735.1764
2023-11-28,AQT,2030.0,5240377489.042236
2023-11-29,AQT,1990.0,5948238184.59433
2023-11-30,AQT,1950.0,2343349640.4563503
2023-12-01,AQT,1990.0,1730222918.586236
2023-12-02,AQT,2005.0,1859548268.1700132
2023-12-03,AQT,1995.0,1393701674.3808763
2023-12-04,AQT,2040.0,3540310040.566721
2023-12-05,AQT,2065.0,10108044245.616776
2023-12-06,AQT,2065.0,4153527669.1143856
2023-12-07,AQT,2080.0,3587546699.545016
2023-12-08,AQT,2185.0,7829160410.565463
2023-12-09,AQT,2185.0,6221956065.856675
2023-12-10,AQT,2165.0,4754160648.725792
2023-12-11,AQT,2075.0,13947454753.407137
2023-12-12,AQT,2090.0,3909821989.1815085
2023-12-13,AQT,2095.0,3519766984.4821286
2023-12-14,AQT,2115.0,2223264306.092826
2023-12-15,AQT,2055.0,1896470515.001753
2023-12-16,AQT,2035.0,1480918154.1507962
2023-12-17,AQT,2020.0,1194701315.2748907
2023-12-18,AQT,1955.0,3466943907.6203938
2023-12-19,AQT,1945.0,1908213419.2453008
2023-12-20,AQT,1980.0,1836328052.120146
2023-12-21,AQT,1995.0,2520196635.059797
2023-12-22,AQT,2000.0,1716968435.7834
2023-12-23,AQT,2010.0,2665351501.0323973
2023-12-24,AQT,1995.0,1657455728.0812042
2023-12-25,AQT,2000.0,1458927128.0612202
2023-12-26,AQT,1950.0,2013303998.2554524
2023-12-27,AQT,1965.0,2137151732.3110101
2023-12-28,AQT,1930.0,1256991009.5717008
2023-12-29,AQT,1915.0,1968117348.9090524
2023-12-30,AQT,1920.0,967004772.6171649
2023-12-31,AQT,1935.0,920399125.1392044
2024-01-01,AQT,1930.0,1016021639.4703609
2024-01-02,AQT,1990.0,7855221768.941881
2024-01-03,AQT,1920.0,4695079294.309479
2024-01-04,AQT,1890.0,1387982756.488923
2024-01-05,AQT,1830.0,909625468.1824152
2024-01-06,AQT,1925.0,17500419485.463337
2024-01-07,AQT,1830.0,3768418211.7016478
2024-01-08,AQT,1910.0,3460635751.1690516
2024-01-09,AQT,1970.0,19508922333.951385
2024-01-10,AQT,2065.0,11231423734.589773
2024-01-11,AQT,2160.0,8474774277.498113
2024-01-12,AQT,2055.0,4645797782.426711
2024-01-13,AQT,2205.0,3493539791.601464
2024-01-14,AQT,2155.0,3622581178.782211
2024-01-15,AQT,2305.0,48656229183.90712
2024-01-16,AQT,2225.0,15078084322.223644
2024-01-17,AQT,2125.0,4458075803.036536
2024-01-18,AQT,1990.0,3490060651.2194715
2024-01-19,AQT,1930.0,2958207226.9648304
2024-01-20,AQT,1925.0,1107358068.2131274
2024-01-21,AQT,1960.0,1707742085.7840447
2024-01-22,AQT,1845.0,1912259517.6558836
2024-01-23,AQT,1805.0,2795591010.2714725
2024-01-24,AQT,1840.0,1387640333.8434296
2024-01-25,AQT,1885.0,6926372306.138696
2024-01-26,AQT,1930.0,2080900043.7856991
2024-01-27,AQT,1910.0,859606702.9444836
2024-01-28,AQT,1863.0,3250557022.9857583
2024-01-29,AQT,1875.0,1230664772.9229
2024-01-30,AQT,1846.0,1171611772.394129
2024-01-31,AQT,1866.0,2148115553.5299797
2024-02-01,AQT,1816.0,1007563172.0949392
2024-02-02,AQT,1819.0,455318649.2774752
2024-02-03,AQT,1829.0,286858958.50811887
2024-02-04,AQT,1820.0,366522476.443578
2024-02-05,AQT,1821.0,533998368.2263551
2024-02-06,AQT,1795.0,491658322.88472474
2024-02-07,AQT,1783.0,522287492.449453
2024-02-08,AQT,1811.0,395324642.02769095
2024-02-09,AQT,1835.0,909525884.3561226
2024-02-10,AQT,1830.0,771567341.0460654
2024-02-11,AQT,1880.0,803729368.461548
2024-02-12,AQT,1882.0,1071198387.7079428
2024-02-13,AQT,1841.0,1056624389.5838699
2024-02-14,AQT,1866.0,2772309975.47977
2024-02-15,AQT,1917.0,1843926331.1829245
2024-02-16,AQT,1960.0,2033245791.1048949
2024-02-17,AQT,2030.0,18021340408.516018
2024-02-18,AQT,1992.0,3606287214.5320206
2024-02-19,AQT,2066.0,6140700986.126791
2024-02-20,AQT,2090.0,4109236757.113204
2024-02-21,AQT,2143.0,4332745265.980501
2024-02-22,AQT,2107.0,3382289509.6357265
2024-02-23,AQT,2070.0,1641613948.0031242
2024-02-24,AQT,2010.0,1848174658.6155221
2024-02-25,AQT,2000.0,1863008036.3662798
2024-02-26,AQT,2010.0,1849395520.4430625
2024-02-27,AQT,2020.0,2090123572.7395818
2024-02-28,AQT,2116.0,6074166348.972016
2024-02-29,AQT,2283.0,19176878461.310093
2024-03-01,AQT,2521.0,7856642157.246781
2024-03-02,AQT,2411.0,70612887448.32346
2024-03-03,AQT,2385.0,26015401377.27638
2024-03-04,AQT,2461.0,9832063114.02721
2024-03-05,AQT,2352.0,15416920087.245823
2024-03-06,AQT,2431.0,8939241154.483221
2024-03-07,AQT,2500.0,8614308373.906826
2024-03-08,AQT,2595.0,21801015115.440254
2024-03-09,AQT,2649.0,7302162059.710351
2024-03-10,AQT,2624.0,6982719276.692013
2024-03-11,AQT,2771.0,33802986893.69819
2024-03-12,AQT,2855.0,38377067592.52016
2024-03-13,AQT,2860.0,8435664078.3030615
2024-03-14,AQT,2750.0,10772479631.143257
2024-03-15,AQT,2637.0,10655323203.042583
2024-03-16,AQT,2471.0,6535350367.332708
2024-03-17,AQT,2490.0,6352679499.78954
2024-03-18,AQT,2357.0,3308161371.2492146
2024-03-19,AQT,2204.0,5433994322.885601
2024-03-20,AQT,2391.0,4056700448.2333493
2024-03-21,AQT,2420.0,9307184858.225574
2024-03-22,AQT,2352.0,9599462881.70855
2024-03-23,AQT,2395.0,3985091802.0125017
2024-03-24,AQT,2465.0,2204445552.5820065
2024-03-25,AQT,2529.0,2756767610.2805576
2024-03-26,AQT,2670.0,11675805231.336187
2024-03-27,AQT,2655.0,8399441550.741452
2024-03-28,AQT,2632.0,3740889205.922741
2024-03-29,AQT,2597.0,2286109021.9127746
2024-03-30,AQT,2573.0,1238631290.1659396
2024-03-31,AQT,2621.0,4093541376.767768
2024-04-01,AQT,2432.0,3826576455.267099
2024-04-02,AQT,2240.0,3004956147.3114624
2024-04-03,AQT,2239.0,2979639433.8879685
2024-04-04,AQT,2328.0,2770463058.4640455
2024-04-05,AQT,2367.0,6249421587.924083
2024-04-06,AQT,2370.0,1322863443.8612483
2024-04-07,AQT,2370.0,773531534.5186042
2024-04-08,AQT,2409.0,2465890421.94773
2024-04-09,AQT,2369.0,2149571690.192465
2024-04-10,AQT,2398.0,4070025135.581792
2024-04-11,AQT,2434.0,4297393496.54302
2024-04-12,AQT,2258.0,2696658864.5558076
2024-04-13,AQT,1950.0,4458202759.311541
2024-04-14,AQT,2035.0,3672765168.81496
2024-04-15,AQT,1987.0,4151581196.9675355
2024-04-16,AQT,1963.0,1178826247.90127
2024-04-17,AQT,1913.0,1253702230.807749
2024-04-18,AQT,2004.0,2431717662.8418837
2024-04-19,AQT,1981.0,4064862642.709994
2024-04-20,AQT,2096.0,1347296489.8782918
2024-04-21,AQT,2099.0,1997771063.9160593
2024-04-22,AQT,2140.0,15189105161.56234
2024-04-23,AQT,2103.0,24399086204.802124
2024-04-24,AQT,2033.0,3366245225.3024974
2024-04-25,AQT,2021.0,3192104818.446955
2024-04-26,AQT,2010.0,821042140.8717662
2024-04-27,AQT,2012.0,1203526458.9939072
2024-04-28,AQT,1985.0,996410657.1125973
2024-04-29,AQT,1954.0,931854513.0906401
2024-04-30,AQT,1864.0,1118264703.0122612
2024-05-01,AQT,1815.0,2093082327.8320591
2024-05-02,AQT,1792.0,866758655.5136769
2024-05-03,AQT,1880.0,1049337355.7900108
2024-05-04,AQT,1890.0,726979716.1362078
2024-05-05,AQT,1893.0,463362366.5569753
2024-05-06,AQT,1873.0,710453321.5155737
2024-05-07,AQT,1866.0,390536845.744244
2024-05-08,AQT,1848.0,671332179.6744025
2024-05-09,AQT,1862.0,449777152.40502477
2024-05-10,AQT,1850.0,726175271.5438565
2024-05-11,AQT,1855.0,1109695736.5212197
2024-05-12,AQT,1843.0,219126118.77726322
2024-05-13,AQT,1809.0,789700019.6243285
2024-05-14,AQT,1790.0,637308422.6655657
2024-05-15,AQT,1849.0,978414254.9212357
2024-05-16,AQT,1825.0,549346244.8099803
2024-05-17,AQT,1854.0,582757683.1566268
2024-05-18,AQT,1857.0,368437422.05406404
2024-05-19,AQT,1801.0,532919731.7108323
2024-05-20,AQT,1881.0,970131807.5795479
2024-05-21,AQT,1880.0,733091004.5683515
2024-05-22,AQT,1875.0,733054296.4436812
2024-05-23,AQT,1851.0,778286318.9237865
2024-05-24,AQT,1865.0,527169590.8919992
2024-05-25,AQT,1878.0,310179487.5271022
2024-05-26,AQT,1874.0,5072598723.375019
2024-05-27,AQT,1885.0,1122201881.4345086
2024-05-28,AQT,1840.0,881833515.9348016
2024-05-29,AQT,1829.0,516476314.4522855
2024-05-30,AQT,1794.0,687343316.0801508
2024-05-31,AQT,1788.0,462728590.87226844
2024-06-01,AQT,1810.0,211110157.4157143
2024-06-02,AQT,1780.0,325275656.4061076
2024-06-03,AQT,1682.0,1431566230.6077967
2024-06-04,AQT,1640.0,1399791633.304113
2024-06-05,AQT,1655.0,384015756.98185873
2024-06-06,AQT,1621.0,422799104.61674654
2024-06-07,AQT,1591.0,904967891.586049
2024-06-08,AQT,1541.0,466556346.14404696
2024-06-09,AQT,1533.0,264932844.54451498
2024-06-10,AQT,1513.0,1807425578.4055977
2024-06-11,AQT,1485.0,631304560.5999314
2024-06-12,AQT,1503.0,621844133.7168322
2024-06-13,AQT,1464.0,261984484.51546848
2024-06-14,AQT,1484.0,267552529.78943387
2024-06-15,AQT,1464.0,177455200.83455184
2024-06-16,AQT,1327.0,1345262117.9358027
2024-06-17,AQT,1123.0,5866785478.57951
2024-06-18,AQT,1035.0,2484310565.4036374
2024-06-19,AQT,1064.0,1078245242.5937378
2024-06-20,AQT,1084.0,1059613192.3659406
2024-06-21,AQT,1074.0,553385857.3019875
2024-06-22,AQT,1090.0,948635270.3601433
2024-06-23,AQT,1096.0,965965810.2478667
2024-06-24,AQT,1081.0,9658410864.653542
2024-06-25,AQT,1125.0,1939831085.9496374
2024-06-26,AQT,1109.0,1592243452.7244272
2024-06-27,AQT,1135.0,870642987.8075294
2024-06-28,AQT,1132.0,934841353.5406642
2024-06-29,AQT,1126.0,407087113.5227893
2024-06-30,AQT,1127.0,339322352.9054552
2024-07-01,AQT,1083.0,693302893.874651
2024-07-02,AQT,1075.0,800053523.1831508
2024-07-03,AQT,1040.0,398811753.8213432
2024-07-04,AQT,981.5,798241632.1597377
2024-07-05,AQT,976.9,1164949637.640496
2024-07-06,AQT,1013.0,491434413.8949598
2024-07-07,AQT,984.0,740854574.841971
2024-07-08,AQT,1017.0,716663764.4445642
2024-07-09,AQT,1059.0,8362174769.962171
2024-07-10,AQT,1131.0,5380655306.387135
2024-07-11,AQT,1075.0,997180944.060333
2024-07-12,AQT,1102.0,1213641415.2912378
2024-07-13,AQT,1121.0,893359817.3040829
2024-07-14,AQT,1120.0,449071083.9704992
2024-07-15,AQT,1150.0,805392749.0720645
2024-07-16,AQT,1142.0,773664210.8493727
2024-07-17,AQT,1138.0,615651160.2661504
2024-07-18,AQT,1190.0,1760967517.460097
2024-07-19,AQT,1226.0,3541998806.07614
2024-07-20,AQT,1249.0,1735516702.941261
2024-07-21,AQT,1252.0,959985800.6008198
2024-07-22,AQT,1200.0,1825765348.990584
2024-07-23,AQT,1220.0,737947668.7272444
2024-07-24,AQT,1220.0,1136824760.5376763
2024-07-25,AQT,1161.0,889413977.2891339
2024-07-26,AQT,1222.0,661867042.1978389
2024-07-27,AQT,1220.0,487059851.51898336
2024-07-28,AQT,1271.0,4533352657.892259
2024-07-29,AQT,1269.0,1837458415.7255032
2024-07-30,AQT,1241.0,888703632.4103284
2024-07-31,AQT,1193.0,985988971.3229719
2024-08-01,AQT,1159.0,800948694.3860945
2024-08-02,AQT,1088.0,501155932.7223648
2024-08-03,AQT,1058.0,700396862.1535249
2024-08-04,AQT,986.5,451816747.175104
2024-08-05,AQT,913.1,2413627042.7275734
2024-08-06,AQT,952.0,623766292.0179253
2024-08-07,AQT,980.5,22950681819.722404
2024-08-08,AQT,1093.0,39586712541.316635
2024-08-09,AQT,1180.0,42961573966.81954
2024-08-10,AQT,1182.0,11315342883.096542
2024-08-11,AQT,1089.0,3370070946.326468
2024-08-12,AQT,1083.0,2133773025.0772817
2024-08-13,AQT,1152.0,18443664892.17033
2024-08-14,AQT,1314.0,73657911013.91293
2024-08-15,AQT,1200.0,16249448586.709837
2024-08-16,AQT,1151.0,4231535158.7098627
2024-08-17,AQT,1139.0,1035935911.8553003
2024-08-18,AQT,1133.0,905245860.907578
2024-08-19,AQT,1220.0,21597675454.150345
2024-08-20,AQT,1170.0,6129635642.908152
2024-08-21,AQT,1150.0,1738405378.7811
2024-08-22,AQT,1163.0,1555995099.5468082
2024-08-23,AQT,1200.0,1803190413.0903358
2024-08-24,AQT,1205.0,1942865618.9326065
2024-08-25,AQT,1208.0,8727158521.044952
2024-08-26,AQT,1164.0,1647763318.2467787
2024-08-27,AQT,1103.0,1093899986.420535
2024-08-28,AQT,1094.0,767902669.0294431
2024-08-29,AQT,1097.0,526629904.0103958
2024-08-30,AQT,1064.0,921116953.4254072
2024-08-31,AQT,1136.0,13377297874.982204
2024-09-01,AQT,1066.0,18463644473.692924
2024-09-02,AQT,1172.0,22420573753.999573
2024-09-03,AQT,1096.0,6940257381.38954
2024-09-04,AQT,1094.0,2419734519.1210785
2024-09-05,AQT,1042.0,1491083435.8765059
2024-09-06,AQT,1016.0,3465017169.3593497
2024-09-07,AQT,1030.0,1669545641.4903083
2024-09-08,AQT,1041.0,943769929.6914493
2024-09-09,AQT,1069.0,828244182.0966614
2024-09-10,AQT,1116.0,12200126862.1756
2024-09-11,AQT,1104.0,1985001809.9252975
2024-09-12,AQT,1115.0,2224968913.662716
2024-09-13,AQT,1126.0,2851665179.140002
2024-09-14,AQT,1127.0,748806772.5088671
2024-09-15,AQT,1111.0,1927786285.7949185
2024-09-16,AQT,1118.0,3227462951.5597696
2024-09-17,AQT,1157.0,13779016514.539557
2024-09-18,AQT,1148.0,2285771929.4636717
2024-09-19,AQT,1167.0,2057403882.9320512
2024-09-20,AQT,1231.0,4391935972.95334
2024-09-21,AQT,1311.0,15218522084.112457
2024-09-22,AQT,1340.0,12011138810.44249
2024-09-23,AQT,1314.0,5036111974.023461
2024-09-24,AQT,1282.0,3132103334.010279
2024-09-25,AQT,1328.0,24481977966.49457
2024-09-26,AQT,1317.0,3551586152.980455
2024-09-27,AQT,1319.0,2358111762.117648
2024-09-28,AQT,1297.0,1324383500.7771382
2024-09-29,AQT,1316.0,1983806326.8035893
2024-09-30,AQT,1254.0,1440981604.111224
2024-10-01,AQT,1202.0,1349430331.8132052
2024-10-02,AQT,1196.0,686789512.4767654
2024-10-03,AQT,1184.0,659323546.8152306
2024-10-04,AQT,1237.0,540009520.372062
2024-10-05,AQT,1243.0,784218801.5960172
2024-10-06,AQT,1253.0,760020696.3098412
2024-10-07,AQT,1251.0,3210673663.454407
2024-10-08,AQT,1269.0,1193464777.2948732
2024-10-09,AQT,1339.0,8013318750.149561
2024-10-10,AQT,1341.0,3844790920.532587
2024-10-11,AQT,1359.0,7884220335.399989
2024-10-12,AQT,1357.0,1698108649.820927
2024-10-13,AQT,1308.0,5978906861.8241205
2024-10-14,AQT,1323.0,1860550373.6450462
2024-10-15,AQT,1299.0,2169112496.270074
2024-10-16,AQT,1288.0,1210182897.0311344
2024-10-17,AQT,1284.0,784666935.7327044
2024-10-18,AQT,1300.0,801803947.559563
2024-10-19,AQT,1314.0,1176130604.1032073
2024-10-20,AQT,1313.0,2229859433.733564
2024-10-21,AQT,1290.0,1482157906.1278214
2024-10-22,AQT,1288.0,789807027.7111089
2024-10-23,AQT,1258.0,743094449.657889
2024-10-24,AQT,1264.0,365391975.7523105
2024-10-25,AQT,1215.0,682274476.425465
2024-10-26,AQT,1214.0,254914778.6552586
2024-10-27,AQT,1215.0,179379168.31908092
2024-10-28,AQT,1203.0,876364088.1974276
2024-10-29,AQT,1240.0,507890340.353626
2024-10-30,AQT,1223.0,340028146.65870273
2024-10-31,AQT,1174.0,624976665.3474694
2024-11-01,AQT,1170.0,575507169.1499481
2024-11-02,AQT,1171.0,160402155.88618365
2024-11-03,AQT,1104.0,770381715.8285832
2024-11-04,AQT,1066.0,1013085750.2262853
2024-11-05,AQT,1096.0,404190774.5655639
2024-11-06,AQT,1170.0,1005600646.5139205
2024-11-07,AQT,1571.0,248926596977.7332
2024-11-08,AQT,1474.0,90086151143.07921
2024-11-09,AQT,1389.0,15051584859.59758
2024-11-10,AQT,1399.0,8324687992.377924
2024-11-11,AQT,1449.0,8450370782.55258
2024-11-12,AQT,1690.0,105587732886.24399
2024-11-13,AQT,1522.0,10660503681.160877
2024-11-14,AQT,1404.0,3746777457.111165
2024-11-15,AQT,1551.0,36807743762.323784
2024-11-16,AQT,1613.0,30780699692.89904
2024-11-17,AQT,1512.0,2964869408.495262
2024-11-18,AQT,1574.0,6235831651.641467
2024-11-19,AQT,1671.0,29018115066.618263
2024-11-20,AQT,1716.0,14000566743.63712
2024-11-21,AQT,1725.0,12928150426.858862
2024-11-22,AQT,1750.0,9413636361.213316
2024-11-23,AQT,1819.0,53507996441.795235
2024-11-24,AQT,1825.0,12277783448.239029
2024-11-25,AQT,1799.0,6790397096.667088
2024-11-26,AQT,2211.0,370749203962.3879
2024-11-27,AQT,2194.0,161455051133.12198
2024-11-28,AQT,2053.0,16770944825.14637
2024-11-29,AQT,2132.0,49969993376.18132
2024-11-30,AQT,2127.0,6319323942.325744
2024-12-01,AQT,2096.0,5835778828.131457
2024-12-02,AQT,2051.0,9942476827.5527
2024-12-03,AQT,2100.0,26401787753.537823
2024-12-04,AQT,2199.0,14006903149.545881
2024-12-05,AQT,2163.0,8386815641.927938
2024-12-06,AQT,2180.0,18844855344.416916
2024-12-07,AQT,2147.0,4287146201.020088
2024-12-08,AQT,2190.0,6351043839.287877
2024-12-09,AQT,2002.0,75727195644.6246
2024-12-10,AQT,1837.0,10510810123.122719
2024-12-11,AQT,1925.0,5596363015.850356
2024-12-12,AQT,1935.0,3726617241.812068
2024-12-13,AQT,1998.0,48700592024.551445
2024-12-14,AQT,1919.0,3068189819.6373687
2024-12-15,AQT,1948.0,3321826958.9931583
2024-12-16,AQT,1914.0,3631878833.659732
2024-12-17,AQT,1867.0,6300131352.467404
2024-12-18,AQT,1701.0,4559504188.635737
2024-12-19,AQT,1658.0,6643835500.250041
2024-12-20,AQT,1702.0,3292880678.5108857
2024-12-21,AQT,1738.0,20972997637.24315
2024-12-22,AQT,1832.0,7956850809.044242
2024-12-23,AQT,1914.0,35487448538.232445
2024-12-24,AQT,1899.0,5083059692.32939
2024-12-25,AQT,1822.0,12987590076.810753
2024-12-26,AQT,1727.0,3354206897.8225484
2024-12-27,AQT,1778.0,5119376849.265857
2024-12-28,AQT,1830.0,18771036978.249622
2024-12-29,AQT,1773.0,3827544608.991683
2024-12-30,AQT,1746.0,2300151153.766383
2024-12-31,AQT,1746.0,2347542101.547541
2025-01-01,AQT,1748.0,892586625.133083
2025-01-02,AQT,1743.0,1472734314.2229927
2025-01-03,AQT,1786.0,1303496609.3429985
2025-01-04,AQT,1805.0,1790615106.527296
2025-01-05,AQT,1904.0,6399413357.643917
2025-01-06,AQT,2000.0,81113357810.45094
2025-01-07,AQT,1840.0,10036365446.788296
2025-01-08,AQT,2329.0,471086909472.42084
2025-01-09,AQT,4613.0,3008851258988.4927
2025-01-10,AQT,3750.0,399582614095.11975
2025-01-11,AQT,3335.0,97280631573.67055
2025-01-12,AQT,3382.0,61359424391.75423
2025-01-13,AQT,2942.0,34630773070.82546
2025-01-14,AQT,3366.0,417659412749.93567
2025-01-15,AQT,3178.0,143713641963.70453
2025-01-16,AQT,3095.0,51332030556.46524
2025-01-17,AQT,3095.0,27708655965.953934
2025-01-18,AQT,2832.0,17755189418.72616
2025-01-19,AQT,2520.0,15467142875.383005
2025-01-20,AQT,2658.0,25399270815.590706
2025-01-21,AQT,2514.0,13732987198.283413
2025-01-22,AQT,2440.0,7302146805.710946
2025-01-23,AQT,2378.0,16378281559.580685
2025-01-24,AQT,2470.0,9565699256.292147
2025-01-25,AQT,2602.0,25649930179.171234
2025-01-26,AQT,3190.0,453616414527.56537
2025-01-27,AQT,2854.0,90147083873.08939
2025-01-28,AQT,2737.0,53039389556.49116
2025-01-29,AQT,2697.0,9758541798.549377
2025-01-30,AQT,2659.0,7421715585.490337
2025-01-31,AQT,2546.0,12272802721.262854
2025-02-01,AQT,2444.0,5793902358.762012
2025-02-02,AQT,2562.0,234048353999.6273
2025-02-03,AQT,2516.0,61351217478.550255
2025-02-04,AQT,2392.0,41253424601.17992
2025-02-05,AQT,2324.0,7788355961.894517
2025-02-06,AQT,2194.0,9148079156.151041
2025-02-07,AQT,2143.0,6802590754.159628
2025-02-08,AQT,2214.0,17763342987.43975
2025-02-09,AQT,2445.0,108884628453.57785
2025-02-10,AQT,2675.0,248142936497.54962
2025-02-11,AQT,2436.0,28877723379.931755
2025-02-12,AQT,2386.0,19282794434.85825
2025-02-13,AQT,2325.0,9209217418.863405
2025-02-14,AQT,2352.0,7779761557.754287
2025-02-15,AQT,2538.0,59935275931.15838
2025-02-16,AQT,2392.0,23999878003.28718
2025-02-17,AQT,2318.0,8891800864.801134
2025-02-18,AQT,2210.0,5775446930.496471
2025-02-19,AQT,2227.0,5412966736.373944
2025-02-20,AQT,2241.0,3914119784.536962
2025-02-21,AQT,2292.0,6293584957.624281
2025-02-22,AQT,2328.0,16251701162.92382
2025-02-23,AQT,2250.0,4587016218.7297945
2025-02-24,AQT,2020.0,5584793891.092276
2025-02-25,AQT,2005.0,12901612296.318464
2025-02-26,AQT,1939.0,3101521908.2234244
2025-02-27,AQT,2090.0,14641612063.794378
2025-02-28,AQT,2031.0,29102518300.51705
2025-03-01,AQT,2176.0,71142807044.67465
2025-03-02,AQT,2232.0,25408517539.38963
2025-03-03,AQT,1961.0,12474776376.585978
2025-03-04,AQT,1892.0,5805774437.8337
2025-03-05,AQT,1897.0,2887154544.510384
2025-03-06,AQT,1850.0,2406503104.5402765
2025-03-07,AQT,1820.0,2105927269.4119112
2025-03-08,AQT,1809.0,4023875874.146342
2025-03-09,AQT,1638.0,3526593915.1490445
2025-03-10,AQT,1595.0,2588998222.1002502
2025-03-11,AQT,1614.0,6886839976.1079855
2025-03-12,AQT,1620.0,2529539013.7220902
2025-03-13,AQT,1598.0,1882717313.3846185
2025-03-14,AQT,1683.0,3360341862.9272776
2025-03-15,AQT,1812.0,62173967208.88559
2025-03-16,AQT,1695.0,22889544837.1245
2025-03-17,AQT,1704.0,3816882574.3284583
2025-03-18,AQT,1665.0,2753745813.3727946
2025-03-19,AQT,1694.0,2477912737.1068764
2025-03-20,AQT,1723.0,2041828280.9927404
2025-03-21,AQT,1722.0,2318566115.3928595
2025-03-22,AQT,1757.0,12487600465.780931
2025-03-23,AQT,1729.0,2409251261.294686
2025-03-24,AQT,1732.0,2592909835.7913704
2025-03-25,AQT,1745.0,1647381196.2573574
2025-03-26,AQT,1730.0,1557286573.0997899
2025-03-27,AQT,1700.0,2232948165.519341
2025-03-28,AQT,1640.0,1734417905.4940615
2025-03-29,AQT,1605.0,4550707578.316866
2025-03-30,AQT,1583.0,1299528091.8540118
2025-03-31,AQT,1569.0,7668729464.998125
2025-04-01,AQT,1589.0,13763398840.017935
2025-04-02,AQT,1438.0,3165739089.3998523
2025-04-03,AQT,1428.0,8704875073.77203
2025-04-04,AQT,1428.0,2455935983.4860196
2025-04-05,AQT,1420.0,723514551.8896446
2025-04-06,AQT,1490.0,12733961606.891512
2025-04-07,AQT,1584.0,51819345451.99802
2025-04-08,AQT,1928.0,179054732009.54755
2025-04-09,AQT,1788.0,63358925387.463
2025-04-10,AQT,1839.0,30935533286.160618
2025-04-11,AQT,1730.0,16479650822.031761
2025-04-12,AQT,1713.0,10062726447.258337
2025-04-13,AQT,2025.0,30336456983.618343
2025-04-14,AQT,2362.0,92099070077.80399
2025-04-15,AQT,2665.0,187638418619.23798
2025-04-16,AQT,1831.0,91333971245.15497
2025-04-17,AQT,1889.0,41888434412.477844
2025-04-18,AQT,1891.0,32357138726.540592
2025-04-19,AQT,1838.0,11418960077.420105
2025-04-20,AQT,1798.0,7654493976.260474
2025-04-21,AQT,1818.0,28678584114.653576
2025-04-22,AQT,1784.0,7802201091.197314
2025-04-23,AQT,1750.0,5500255834.42167
2025-04-24,AQT,1781.0,10578187016.411882
2025-04-25,AQT,1791.0,5309781558.067211
2025-04-26,AQT,1794.0,6677078045.928964
2025-04-27,AQT,1769.0,6859543963.518983
2025-04-28,AQT,1774.0,4969554342.481557
2025-04-29,AQT,1755.0,3332522993.079536
2025-04-30,AQT,1715.0,2686889766.5770946
2025-05-01,AQT,1707.0,1693218608.225267
2025-05-02,AQT,1714.0,2163218787.7949457
2025-05-03,AQT,1746.0,14880345414.037573
2025-05-04,AQT,1673.0,2771667969.250649
2025-05-05,AQT,1641.0,1885709526.284968
2025-05-06,AQT,1566.0,2175250647.2531214
2025-05-07,AQT,1575.0,2996550073.702206
2025-05-08,AQT,1656.0,1779891161.3946683
2025-05-09,AQT,1691.0,3060424017.7326684
2025-05-10,AQT,1720.0,2389740590.729988
2025-05-11,AQT,1696.0,2065690846.763001
2025-05-12,AQT,1712.0,2756497693.1784983
2025-05-13,AQT,1786.0,28986447581.925346
2025-05-14,AQT,1727.0,5477924938.558998
2025-05-15,AQT,1649.0,3280963240.375969
2025-05-16,AQT,1679.0,1221231273.4254327
2025-05-17,AQT,1645.0,1844322639.4004607
2025-05-18,AQT,1643.0,840266273.889683
2025-05-19,AQT,1617.0,3290724930.2215643
2025-05-20,AQT,1604.0,839582185.5555944
2025-05-21,AQT,1596.0,661450424.2474045
2025-05-22,AQT,1640.0,857351048.483976
2025-05-23,AQT,1610.0,1579208752.463928
2025-05-24,AQT,1617.0,622659248.1926286
2025-05-25,AQT,1605.0,919682744.2751076
2025-05-26,AQT,1579.0,1774161264.6961038
2025-05-27,AQT,1581.0,859927130.452255
2025-05-28,AQT,1575.0,983876512.59639
2025-05-29,AQT,1543.0,894368569.2459866
2025-05-30,AQT,1465.0,1993120998.6031246
2025-05-31,AQT,1454.0,907949127.1354511
2025-06-01,AQT,1477.0,347626869.1582569
2025-06-02,AQT,1556.0,12580714374.196075
2025-06-03,AQT,1506.0,6872797769.805887
2025-06-04,AQT,1496.0,817881460.0770247
2025-06-05,AQT,1416.0,1209515119.8025837
2025-06-06,AQT,1423.0,1113485632.8068743
2025-06-07,AQT,1434.0,231954284.1474817
2025-06-08,AQT,1424.0,322518089.4829043
2025-06-09,AQT,1467.0,834504434.2886096
2025-06-10,AQT,1495.0,2006775404.6633122
2025-06-11,AQT,1484.0,407571138.52245957
2025-06-12,AQT,1413.0,678303525.1823264
2025-06-13,AQT,1378.0,1165114827.0945694
2025-06-14,AQT,1368.0,312346164.92406267
2025-06-15,AQT,1371.0,216710824.22162133
2025-06-16,AQT,1359.0,415684872.0205968
2025-06-17,AQT,1312.0,576127853.3246292
2025-06-18,AQT,1294.0,420275402.54105026
2025-06-19,AQT,1274.0,171137040.78878316
2025-06-20,AQT,1284.0,919551632.4851735
2025-06-21,AQT,1239.0,895236981.1037011
2025-06-22,AQT,1169.0,1098547650.1284292
2025-06-23,AQT,1237.0,694796913.0498194
2025-06-24,AQT,1343.0,24379024967.481133
2025-06-25,AQT,1376.0,17973281135.051643
2025-06-26,AQT,1283.0,11173845978.191391
2025-06-27,AQT,1257.0,1731183748.0175622
2025-06-28,AQT,1263.0,1886328448.6034021
2025-06-29,AQT,1271.0,809629303.8056903
2025-06-30,AQT,1242.0,839469080.2266114
2025-07-01,AQT,1236.0,1337748300.5626135
2025-07-02,AQT,1430.0,71888136461.57602
2025-07-03,AQT,1399.0,15345563566.669943
2025-07-04,AQT,1402.0,4837122749.790844
2025-07-05,AQT,1405.0,1371898923.6562512
2025-07-06,AQT,1410.0,4055432841.0857854
2025-07-07,AQT,1447.0,8478301591.441754
2025-07-08,AQT,1435.0,2023807660.8538992
2025-07-09,AQT,1429.0,1233549465.2950468
2025-07-10,AQT,1452.0,2435209795.2822924
2025-07-11,AQT,1457.0,3078544464.320544
2025-07-12,AQT,1640.0,55336368128.70024
2025-07-13,AQT,1522.0,6249088678.039901
2025-07-14,AQT,1506.0,2620736696.8679852
2025-07-15,AQT,1567.0,8502182801.777193
2025-07-16,AQT,1547.0,3737004686.2968674
2025-07-17,AQT,1529.0,3092716663.2504716
2025-07-18,AQT,1563.0,3067789002.7796793
2025-07-19,AQT,1569.0,1632474366.5441847
2025-07-20,AQT,1640.0,10158067745.505547
2025-07-21,AQT,1655.0,6815717398.529816
2025-07-22,AQT,1707.0,80402506894.30411
2025-07-23,AQT,1624.0,15962772897.476017
2025-07-24,AQT,1556.0,7045957386.9139185
2025-07-25,AQT,1524.0,2840343552.380137
2025-07-26,AQT,1538.0,2375553144.8117375
2025-07-27,AQT,1566.0,1283397249.1521423
2025-07-28,AQT,1579.0,6562782676.839629
2025-07-29,AQT,1603.0,15600775019.704763
2025-07-30,AQT,1661.0,24285237196.657017
2025-07-31,AQT,1685.0,10059316101.82681
2025-08-01,AQT,1555.0,4781191991.177427
2025-08-02,AQT,1480.0,1583300633.656395
2025-08-03,AQT,1534.0,2348368564.978131
2025-08-04,AQT,1545.0,1289195801.634275
2025-08-05,AQT,1520.0,1817617267.1976736
2025-08-06,AQT,1508.0,1571461484.4502866
2025-08-07,AQT,1534.0,740638985.380334
2025-08-08,AQT,1538.0,1038538362.202853
2025-08-09,AQT,1580.0,1381200433.1967
2025-08-10,AQT,1565.0,1735332655.1764405
2025-08-11,AQT,1538.0,1737378961.0923042
2025-08-12,AQT,1547.0,1762420984.9620712
2025-08-13,AQT,1543.0,1317948513.48297
2025-08-14,AQT,1634.0,82402802685.37474
2025-08-15,AQT,1568.0,12863409371.357052
2025-08-16,AQT,1549.0,2672385058.320741
2025-08-17,AQT,1541.0,1548385022.8694065
2025-08-18,AQT,1572.0,41062318696.81732
2025-08-19,AQT,1487.0,8857363390.895134
2025-08-20,AQT,1515.0,6415243173.236571
2025-08-21,AQT,1487.0,1482487196.2830586
2025-08-22,AQT,1524.0,2851106562.0274453
2025-08-23,AQT,1515.0,1267394566.2607365
2025-08-24,AQT,1490.0,1186820627.7875469
2025-08-25,AQT,1491.0,1778544133.8640919
2025-08-26,AQT,1514.0,17292347520.80085
2025-08-27,AQT,1496.0,1558003947.9029353
2025-08-28,AQT,1489.0,2029742083.3962517
2025-08-29,AQT,1469.0,22583562187.498302
2025-08-30,AQT,1456.0,1550503658.1118884
2025-08-31,AQT,1437.0,757426506.8859029
2025-09-01,AQT,1425.0,14698697464.72337
2025-09-02,AQT,1451.0,6396289525.640143
2025-09-03,AQT,1453.0,994657653.3606335
2025-09-04,AQT,1441.0,763102467.0416063
2025-09-05,AQT,1449.0,689438916.5555826
2025-09-06,AQT,1453.0,901527638.5741591
2025-09-07,AQT,1453.0,446404699.5237943
2025-09-08,AQT,1460.0,826602634.475839
2025-09-09,AQT,1470.0,1412575567.6870258
2025-09-10,AQT,1483.0,1126493302.8490248
2025-09-11,AQT,1483.0,1427596895.4085822
2025-09-12,AQT,1501.0,813921112.8707064
2025-09-13,AQT,1507.0,1001915739.7197096
2025-09-14,AQT,1502.0,943319382.6184176
2025-09-15,AQT,1461.0,1152575954.7163458
2025-09-16,AQT,1456.0,559223779.1611452
2025-09-17,AQT,1453.0,823294144.5206748
2025-09-18,AQT,1460.0,434686197.8037618
2025-09-19,AQT,1432.0,720152166.192905
2025-09-20,AQT,1445.0,1469361795.194942
2025-09-21,AQT,1435.0,713327179.0648423
2025-09-22,AQT,1354.0,1507247484.6456966
2025-09-23,AQT,1354.0,858591705.9331933
2025-09-24,AQT,1336.0,731135232.4996363
2025-09-25,AQT,1290.0,4788541938.266735
2025-09-26,AQT,1290.0,744844436.178679
2025-09-27,AQT,1345.0,9475658621.237537
2025-09-28,AQT,1336.0,1149979323.3347812
2025-09-29,AQT,1297.0,891685578.3342816
2025-09-30,AQT,1290.0,3954614378.581092
2025-10-01,AQT,1315.0,582991301.1944395
2025-10-02,AQT,1340.0,593827698.244399
2025-10-03,AQT,1345.0,461046407.3941998
2025-10-04,AQT,1337.0,498835859.97138643
2025-10-05,AQT,1338.0,333613338.7942299
2025-10-06,AQT,1343.0,244991011.77633744
2025-10-07,AQT,1301.0,449308922.1646504
2025-10-08,AQT,1313.0,5431192558.366757
2025-10-09,AQT,1367.0,44374225294.10119
2025-10-10,AQT,1203.0,6115044923.970307
2025-10-11,AQT,1173.0,1319801135.6364932
2025-10-12,AQT,1230.0,1452390778.4533834
2025-10-13,AQT,1242.0,950252167.2770486
2025-10-14,AQT,1238.0,2955155340.94416
2025-10-15,AQT,1239.0,1408512500.0390472
2025-10-16,AQT,1204.0,593813550.4208244
2025-10-17,AQT,1177.0,929175231.7439097
2025-10-18,AQT,1187.0,963216120.7313353
2025-10-19,AQT,1193.0,324693678.9731877
2025-10-20,AQT,1208.0,562559578.6070656
2025-10-21,AQT,1188.0,430450753.13816005
2025-10-22,AQT,1152.0,292260152.94505346
2025-10-23,AQT,1163.0,175502989.66202843
2025-10-24,AQT,1152.0,261944718.15664512
2025-10-25,AQT,1143.0,184089986.96674716
2025-10-26,AQT,1167.0,357336335.0184768
2025-10-27,AQT,1165.0,590825365.1584141
2025-10-28,AQT,1165.0,273841109.08031887
2025-10-29,AQT,1154.0,168417541.1337453
2025-10-30,AQT,1123.0,312280472.6012745
2025-10-31,AQT,1117.0,236934802.14235976
2025-11-01,AQT,1125.0,148590011.96439752
2025-11-02,AQT,1121.0,239804903.265481
2025-11-03,AQT,985.0,1967275935.1636088
2025-11-04,AQT,911.0,1608080547.913245
2025-11-05,AQT,921.0,1472712540.423917
2025-11-06,AQT,936.0,4230615135.133408
2025-11-07,AQT,1013.0,1185395616.7113397
2025-11-08,AQT,1004.0,896991723.4840558
2025-11-09,AQT,1032.0,6122128139.553089
2025-11-10,AQT,1030.0,713987792.6137705
2025-11-11,AQT,1077.0,2756326086.9596295
2025-11-12,AQT,1102.0,1424342554.8296676
2025-11-13,AQT,1026.0,684593552.7922777
2025-11-14,AQT,980.0,676570258.8736435
2025-11-15,AQT,981.0,144243957.33576232
2025-11-16,AQT,916.0,411171568.69841206
2025-11-17,AQT,901.0,337144388.7344831
2025-11-18,AQT,909.0,496023217.3181127
2025-11-19,AQT,893.0,317044692.04837847
2025-11-20,AQT,861.0,641456825.6728134
2025-11-21,AQT,845.0,833040735.6500171
2025-11-22,AQT,856.0,1674028189.6400738
2025-11-23,AQT,892.0,3916423048.914391
2025-11-24,AQT,892.0,473972185.9873619
2025-11-25,AQT,891.0,287370898.1987342
2025-11-26,AQT,913.0,1775712607.0858557
2025-11-27,AQT,928.0,776306902.2871574
2025-11-28,AQT,930.0,517856030.7240375
2025-11-29,AQT,1007.0,2728820832.6631327
2025-11-30,AQT,944.0,1560763023.7294884
2025-12-01,AQT,871.0,1138172400.8740103
2025-12-02,AQT,910.0,355073564.1802076
2025-12-03,AQT,916.0,190289355.99590498
2025-12-04,AQT,911.0,166131168.1003305
2025-12-05,AQT,882.0,212633359.79108202
2025-12-06,AQT,886.0,2319226468.700593
2025-12-07,AQT,872.0,274224236.01711273
2025-12-08,AQT,867.0,139399575.9811737
2025-12-09,AQT,874.0,265152140.94776055
2025-12-10,AQT,868.0,201490159.64688265
2025-12-11,AQT,840.0,1268804508.7869396
2025-12-12,AQT,827.0,352656568.22771955
2025-12-13,AQT,868.0,10828340091.768702
2025-12-14,AQT,821.0,973891149.1678439
2025-12-15,AQT,762.0,2203309933.5619164
2025-12-16,AQT,775.0,2307180904.0908566
2025-12-17,AQT,852.0,35571088640.141235
2025-12-18,AQT,781.0,4594268020.767786
2025-12-19,AQT,800.0,1467059323.965848
2025-12-20,AQT,801.0,843611803.3288846
2025-12-21,AQT,808.0,1978121130.0106134
2025-12-22,AQT,821.0,898823321.4583164
2025-12-23,AQT,831.0,727705601.6881331
2025-12-24,AQT,819.0,724889495.7239236
2025-12-25,AQT,817.0,557057457.35413
2025-12-26,AQT,819.0,313012076.38970727
2025-12-27,AQT,824.0,256497318.90672848
2025-12-28,AQT,830.0,520574369.5196887
2025-12-29,AQT,821.0,464219032.8226008
2025-12-30,AQT,850.0,1311882683.0416958
2025-12-31,AQT,832.0,292624164.88158464
2026-01-01,AQT,855.0,1471725369.7137015
2026-01-02,AQT,868.0,2870350303.746394
2026-01-03,AQT,866.0,377983456.11953115
2026-01-04,AQT,881.0,581052297.0761131
2026-01-05,AQT,911.0,629204218.5974543
2026-01-06,AQT,922.0,592890370.9297248
2026-01-07,AQT,986.0,58599661844.933914
2026-01-08,AQT,928.0,3393322374.0446997
2026-01-09,AQT,948.0,11131324178.805449
2026-01-10,AQT,957.0,3573724928.558637
2026-01-11,AQT,934.0,575119371.5748655
2026-01-12,AQT,915.0,998230685.5278363
2026-01-13,AQT,941.0,735923124.9718643
2026-01-14,AQT,939.0,473281457.1654485
2026-01-15,AQT,918.0,529611927.7550584
2026-01-16,AQT,930.0,399934990.8772281
2026-01-17,AQT,956.0,2209562110.4256268
2026-01-18,AQT,947.0,482675631.20591664
2026-01-19,AQT,927.0,903700732.6811434
2026-01-20,AQT,906.0,1633300944.7026758
2026-01-21,AQT,912.0,846092583.9378946
2026-01-22,AQT,908.0,316824707.5745644
2026-01-23,AQT,911.0,293628915.82823753
2026-01-24,AQT,915.0,308979326.0230326
2026-01-25,AQT,964.0,2910136501.098509
2026-01-26,AQT,938.0,958486502.5399193
2026-01-27,AQT,928.0,701728849.249991
2026-01-28,AQT,919.0,611503271.6936445
2026-01-29,AQT,869.0,1779132905.0418103
2026-01-30,AQT,850.0,584200954.289884
2026-01-31,AQT,887.0,90600594930.16653
2026-02-01,AQT,772.0,8243734223.454762
2026-02-02,AQT,803.0,16000405894.571056
2026-02-03,AQT,776.0,1184741864.6650343
2026-02-04,AQT,762.0,594044736.9837989
2026-02-05,AQT,655.0,1893953413.4905918
2026-02-06,AQT,731.0,3055462170.972653
2026-02-07,AQT,737.0,4118141659.3613324
2026-02-08,AQT,753.0,1733089457.494919
2026-02-09,AQT,719.0,1229204279.9505556
2026-02-10,AQT,702.0,602965744.376559
2026-02-11,AQT,691.0,324361986.49381137
2026-02-12,AQT,700.0,392168338.738204
2026-02-13,AQT,741.0,19930980183.275116
2026-02-14,AQT,903.0,117788026576.80037
2026-02-15,AQT,865.0,40468748037.501595
2026-02-16,AQT,818.0,5151218735.620734
2026-02-17,AQT,797.0,3054826949.786408
2026-02-18,AQT,778.0,949210112.8789968
2026-02-19,AQT,769.0,1108906239.6170192
2026-02-20,AQT,769.0,744654817.1177425
2026-02-21,AQT,811.0,2566250395.6955605
2026-02-22,AQT,776.0,1832193480.3349926
2026-02-23,AQT,751.0,1345605701.6964488
2026-02-24,AQT,742.0,543817327.5096918
2026-02-25,AQT,768.0,680865426.0014919
2026-02-26,AQT,786.0,4620160967.942761
2026-02-27,AQT,770.0,1275675349.3228734
2026-02-28,AQT,755.0,1271443090.8572762
2026-03-01,AQT,758.0,972014350.3287946
2026-03-02,AQT,765.0,542817407.6215073
2026-03-03,AQT,738.0,628905804.346993
2026-03-04,AQT,752.0,633571236.5751939
2026-03-05,AQT,759.0,389217002.12556535
2026-03-06,AQT,742.0,446531965.12761414
2026-03-07,AQT,739.0,627486107.398617
2026-03-08,AQT,732.0,305674943.6291885
2026-03-09,AQT,733.0,232822516.5453564
2026-03-10,AQT,739.0,241168562.9436448
2026-03-11,AQT,738.0,266300782.4389639
2026-03-12,AQT,742.0,219970725.43387964
2026-03-13,AQT,759.0,539757028.220295
2026-03-14,AQT,749.0,291859950.34127635
2026-03-15,AQT,804.0,46184156480.62902
2026-03-16,AQT,779.0,4972928692.602144
2026-03-17,AQT,779.0,2183190957.0791206
2026-03-18,AQT,773.0,1183495891.797485
2026-03-19,AQT,768.0,417191623.5169549
2026-03-20,AQT,776.0,418085018.2445946
2026-03-21,AQT,776.0,33714780.68453686
2024-11-20,BONK,0.07012,605973922596.2844
2024-11-21,BONK,0.07474,164762611552.2759
2024-11-22,BONK,0.06873,93349187643.6826
2024-11-23,BONK,0.06661,118636219068.53918
2024-11-24,BONK,0.06639,86923693577.33174
2024-11-25,BONK,0.06061,77470479163.38406
2024-11-26,BONK,0.05954,49505038043.84376
2024-11-27,BONK,0.06082,31063960316.161755
2024-11-28,BONK,0.05988,35092153276.21943
2024-11-29,BONK,0.06442,103452296623.20215
2024-11-30,BONK,0.06247,30331396953.822544
2024-12-01,BONK,0.0635,70018277998.28441
2024-12-02,BONK,0.05993,63212205021.36982
2024-12-03,BONK,0.05822,65670592596.18476
2024-12-04,BONK,0.0596,40691864494.34354
2024-12-05,BONK,0.06035,50845484079.732864
2024-12-06,BONK,0.06,35913746986.030594
2024-12-07,BONK,0.0647,75043262056.14647
2024-12-08,BONK,0.06411,43518767888.297874
2024-12-09,BONK,0.0557,47733972739.160645
2024-12-10,BONK,0.0513,27046559339.313625
2024-12-11,BONK,0.05565,24797659493.827087
2024-12-12,BONK,0.0541,16520369980.116426
2024-12-13,BONK,0.05541,13111835986.456364
2024-12-14,BONK,0.05248,8961806213.546135
2024-12-15,BONK,0.05243,11216215386.848543
2024-12-16,BONK,0.05341,14810921329.325928
2024-12-17,BONK,0.05269,18608465789.082134
2024-12-18,BONK,0.04594,19180000696.488792
2024-12-19,BONK,0.04461,23297541171.247707
2024-12-20,BONK,0.0505,45177288400.41375
2024-12-21,BONK,0.0459,22673183445.48045
2024-12-22,BONK,0.04738,15689953993.848663
2024-12-23,BONK,0.0486,8840842289.63806
2024-12-24,BONK,0.04963,8172571834.962792
2024-12-25,BONK,0.04892,14282894623.836899
2024-12-26,BONK,0.04608,15985250720.553366
2024-12-27,BONK,0.04832,27616306520.532368
2024-12-28,BONK,0.04883,8719406859.144392
2024-12-29,BONK,0.04603,5849128339.968628
2024-12-30,BONK,0.04611,10063056880.195925
2024-12-31,BONK,0.04574,10872113535.332333
2025-01-01,BONK,0.0444,9650335408.70279
2025-01-02,BONK,0.04718,23600405312.677303
2025-01-03,BONK,0.0531,26611572971.930347
2025-01-04,BONK,0.05241,12964533260.336023
2025-01-05,BONK,0.0506,10542794931.353674
2025-01-06,BONK,0.05165,11649359936.977938
2025-01-07,BONK,0.0462,15649832876.653576
2025-01-08,BONK,0.04326,16768889039.496346
2025-01-09,BONK,0.0411,11078308631.235292
2025-01-10,BONK,0.0416,8668854628.641375
2025-01-11,BONK,0.04202,4842411070.0568
2025-01-12,BONK,0.04143,4765544497.700885
2025-01-13,BONK,0.03952,9803021651.266773
2025-01-14,BONK,0.04061,4755313519.290864
2025-01-15,BONK,0.04276,6666405627.621465
2025-01-16,BONK,0.04159,7796239972.730602
2025-01-17,BONK,0.0488,47740062840.75574
2025-01-18,BONK,0.05,154453978146.36072
2025-01-19,BONK,0.0494,169132886943.83527
2025-01-20,BONK,0.04468,102410778381.38223
2025-01-21,BONK,0.04807,78716005020.25418
2025-01-22,BONK,0.04794,47769106519.75873
2025-01-23,BONK,0.04657,24041604061.16425
2025-01-24,BONK,0.0446,22188355614.672215
2025-01-25,BONK,0.044,11335133017.841425
2025-01-26,BONK,0.04151,14692477705.157951
2025-01-27,BONK,0.03962,18962238647.928585
2025-01-28,BONK,0.03535,13032901966.517473
2025-01-29,BONK,0.03745,27688112877.543465
2025-01-30,BONK,0.03756,21168502645.07414
2025-01-31,BONK,0.03794,16635695596.818285
2025-02-01,BONK,0.03443,11867531195.635103
2025-02-02,BONK,0.03028,15610495741.12386
2025-02-03,BONK,0.0313,22592455589.50681
2025-02-04,BONK,0.02894,9875988411.90051
2025-02-05,BONK,0.02755,5034668272.847231
2025-02-06,BONK,0.02624,6640743453.713696
2025-02-07,BONK,0.0258,5222759279.5575285
2025-02-08,BONK,0.0273,3733874070.7142525
2025-02-09,BONK,0.02644,4155256395.6305466
2025-02-10,BONK,0.02659,3400025574.132781
2025-02-11,BONK,0.02693,5733851419.128119
2025-02-12,BONK,0.0275,5412170151.582036
2025-02-13,BONK,0.02635,2911373566.957417
2025-02-14,BONK,0.02794,9637315458.579998
2025-02-15,BONK,0.02726,2669248552.4932947
2025-02-16,BONK,0.02639,2156835245.940127
2025-02-17,BONK,0.02519,3898991270.359654
2025-02-18,BONK,0.02324,5324202404.040253
2025-02-19,BONK,0.02332,2062139450.8105404
2025-02-20,BONK,0.02383,1546841491.4470506
2025-02-21,BONK,0.02297,3398299821.6784973
2025-02-22,BONK,0.02377,2352210361.95084
2025-02-23,BONK,0.02307,1582165188.2276013
2025-02-24,BONK,0.01903,4909248400.205346
2025-02-25,BONK,0.01952,5062847979.842747
2025-02-26,BONK,0.01953,2338455799.451571
2025-02-27,BONK,0.01936,2294842623.6864605
2025-02-28,BONK,0.02009,5203089701.879106
2025-03-01,BONK,0.02022,2032130515.9476736
2025-03-02,BONK,0.02348,5834640290.3558655
2025-03-03,BONK,0.01876,3772825937.6071234
2025-03-04,BONK,0.01783,4085463981.6165047
2025-03-05,BONK,0.01833,2243597994.4154086
2025-03-06,BONK,0.01793,2497263464.8298864
2025-03-07,BONK,0.01787,2839044055.0064864
2025-03-08,BONK,0.01744,1360399977.4347584
2025-03-09,BONK,0.01516,3653964205.54899
2025-03-10,BONK,0.01453,3266552509.3439784
2025-03-11,BONK,0.01545,2938435099.018062
2025-03-12,BONK,0.01578,2705808620.3596168
2025-03-13,BONK,0.01545,1631145866.9071808
2025-03-14,BONK,0.01607,1491120448.178242
2025-03-15,BONK,0.01625,897827448.7412903
2025-03-16,BONK,0.01526,1399002966.6013045
2025-03-17,BONK,0.01618,1808113573.2418485
2025-03-18,BONK,0.01596,1449036549.7854033
2025-03-19,BONK,0.01747,3100080035.139193
2025-03-20,BONK,0.01721,19285785599.37477
2025-03-21,BONK,0.01754,6769671085.5374155
2025-03-22,BONK,0.01795,6904060157.46759
2025-03-23,BONK,0.02048,26803428458.53274
2025-03-24,BONK,0.02073,17984511380.199997
2025-03-25,BONK,0.02068,6439363862.62534
2025-03-26,BONK,0.02059,24930287564.18634
2025-03-27,BONK,0.02005,5799432088.564731
2025-03-28,BONK,0.01825,4340204205.641525
2025-03-29,BONK,0.01697,3300959584.488591
2025-03-30,BONK,0.01671,5166451042.192765
2025-03-31,BONK,0.01681,2444713730.21608
2025-04-01,BONK,0.01856,5785352793.650217
2025-04-02,BONK,0.01639,9192898539.25279
2025-04-03,BONK,0.0162,3051581082.5726995
2025-04-04,BONK,0.01671,3519029130.5253983
2025-04-05,BONK,0.01645,1298697845.534956
2025-04-06,BONK,0.01474,2893537815.5038743
2025-04-07,BONK,0.01521,3800332703.595622
2025-04-08,BONK,0.01427,1714572554.6414657
2025-04-09,BONK,0.01628,2987979038.5427785
2025-04-10,BONK,0.01573,1543780402.5599697
2025-04-11,BONK,0.01822,8723399496.371925
2025-04-12,BONK,0.02006,19512670772.985764
2025-04-13,BONK,0.01828,4530070439.573757
2025-04-14,BONK,0.01853,6056722148.536897
2025-04-15,BONK,0.01721,4358493808.370829
2025-04-16,BONK,0.01705,3586436625.288247
2025-04-17,BONK,0.017,3022923154.1633506
2025-04-18,BONK,0.01724,3097801431.665856
2025-04-19,BONK,0.01795,2389452502.8797803
2025-04-20,BONK,0.01772,2028046345.1171827
2025-04-21,BONK,0.01771,3848034446.417963
2025-04-22,BONK,0.02184,29000505768.523624
2025-04-23,BONK,0.02136,20863506052.169765
2025-04-24,BONK,0.0224,8033874892.088703
2025-04-25,BONK,0.02859,44700419911.88729
2025-04-26,BONK,0.02662,44021296222.70845
2025-04-27,BONK,0.02691,23614577398.31866
2025-04-28,BONK,0.02995,56198458802.29999
2025-04-29,BONK,0.02915,18570235641.599804
2025-04-30,BONK,0.02816,12917930109.515127
2025-05-01,BONK,0.02711,7700082792.497598
2025-05-02,BONK,0.02679,5725822855.299595
2025-05-03,BONK,0.02398,6150166123.531274
2025-05-04,BONK,0.02359,5803221721.274252
2025-05-05,BONK,0.02417,11888724360.673908
2025-05-06,BONK,0.0241,9924441865.576294
2025-05-07,BONK,0.02408,5438292445.511477
2025-05-08,BONK,0.02788,14586385179.251856
2025-05-09,BONK,0.03024,48925520183.8022
2025-05-10,BONK,0.0329,18384645466.74123
2025-05-11,BONK,0.03101,10562879868.488348
2025-05-12,BONK,0.0321,67007648242.58578
2025-05-13,BONK,0.03279,18848600404.88968
2025-05-14,BONK,0.0315,25587692774.769394
2025-05-15,BONK,0.02938,13215761423.918074
2025-05-16,BONK,0.02768,8541409067.769033
2025-05-17,BONK,0.02623,6562681723.354566
2025-05-18,BONK,0.02919,17074898896.919199
2025-05-19,BONK,0.02779,11567624009.560326
2025-05-20,BONK,0.02824,8544001953.543352
2025-05-21,BONK,0.02867,12820211070.570536
2025-05-22,BONK,0.032,16556869786.279905
2025-05-23,BONK,0.02936,33709876893.544113
2025-05-24,BONK,0.02968,11268242898.205976
2025-05-25,BONK,0.02915,13832906038.912376
2025-05-26,BONK,0.02805,13559869608.00547
2025-05-27,BONK,0.0287,8993074995.099041
2025-05-28,BONK,0.02787,6863733366.097183
2025-05-29,BONK,0.0263,8820226356.744864
2025-05-30,BONK,0.0229,9709140514.686808
2025-05-31,BONK,0.0234,7275750821.22212
2025-06-01,BONK,0.02377,3686800620.801012
2025-06-02,BONK,0.02443,5345757417.826755
2025-06-03,BONK,0.02341,6270586321.043644
2025-06-04,BONK,0.02181,4603053890.138716
2025-06-05,BONK,0.02035,5008940501.254775
2025-06-06,BONK,0.02062,3351621214.369289
2025-06-07,BONK,0.02157,2189645597.3728523
2025-06-08,BONK,0.02175,2576242056.2373357
2025-06-09,BONK,0.02376,5018861544.037086
2025-06-10,BONK,0.02454,7358878635.840523
2025-06-11,BONK,0.02316,5306820858.29685
2025-06-12,BONK,0.02115,4092973549.045443
2025-06-13,BONK,0.02085,8297273080.330015
2025-06-14,BONK,0.0205,2306869211.5122604
2025-06-15,BONK,0.02078,3167417487.329563
2025-06-16,BONK,0.02021,4908015671.245836
2025-06-17,BONK,0.01961,4324531037.78681
2025-06-18,BONK,0.01986,3507750068.9297757
2025-06-19,BONK,0.01973,1819619366.7337363
2025-06-20,BONK,0.01888,2741708377.415986
2025-06-21,BONK,0.01788,3163918513.5043364
2025-06-22,BONK,0.01705,4281890639.1207047
2025-06-23,BONK,0.01936,3530014293.277132
2025-06-24,BONK,0.01953,3520295320.12893
2025-06-25,BONK,0.0189,2808121772.96874
2025-06-26,BONK,0.01801,2428940598.2512107
2025-06-27,BONK,0.01835,2253257577.646811
2025-06-28,BONK,0.02023,4318833537.069719
2025-06-29,BONK,0.02048,3855573584.7359858
2025-06-30,BONK,0.01976,3166943946.6207514
2025-07-01,BONK,0.01878,2831807580.124013
2025-07-02,BONK,0.02127,5871050162.089968
2025-07-03,BONK,0.0226,21929744139.745533
2025-07-04,BONK,0.02398,18517004157.410248
2025-07-05,BONK,0.02591,22358575759.35119
2025-07-06,BONK,0.03002,151166043799.64624
2025-07-07,BONK,0.03118,111934932198.89778
2025-07-08,BONK,0.02997,59663740705.3541
2025-07-09,BONK,0.02848,45856384990.66867
2025-07-10,BONK,0.03209,108772215641.69127
2025-07-11,BONK,0.03024,51772601340.54969
2025-07-12,BONK,0.0342,71959593482.17676
2025-07-13,BONK,0.03575,77804781552.81277
2025-07-14,BONK,0.03689,53667618159.08766
2025-07-15,BONK,0.04055,128106679620.92485
2025-07-16,BONK,0.05256,277237505743.30164
2025-07-17,BONK,0.04793,242781502908.60138
2025-07-18,BONK,0.04448,94678672945.90233
2025-07-19,BONK,0.04535,68234493742.57141
2025-07-20,BONK,0.04483,46997404720.27868
2025-07-21,BONK,0.04726,91758486632.50128
2025-07-22,BONK,0.0501,81890145261.79753
2025-07-23,BONK,0.04726,97692937296.4302
2025-07-24,BONK,0.04499,104355863683.0347
2025-07-25,BONK,0.04813,74695914479.98656
2025-07-26,BONK,0.04738,42572456465.42094
2025-07-27,BONK,0.04603,31903388570.136284
2025-07-28,BONK,0.04427,111440940138.53238
2025-07-29,BONK,0.03984,48275875681.43735
2025-07-30,BONK,0.0393,39138914048.69372
2025-07-31,BONK,0.0364,25007562189.265587
2025-08-01,BONK,0.0356,25389294796.24491
2025-08-02,BONK,0.0347,13480979414.717674
2025-08-03,BONK,0.0365,7378148265.826637
2025-08-04,BONK,0.037,16098878112.256975
2025-08-05,BONK,0.034,16588177740.604092
2025-08-06,BONK,0.0341,12497986428.055206
2025-08-07,BONK,0.0358,12819439482.977253
2025-08-08,BONK,0.0357,13206451457.378218
2025-08-09,BONK,0.0375,20163767317.856197
2025-08-10,BONK,0.0379,24685871278.308697
2025-08-11,BONK,0.0345,21017968604.31962
2025-08-12,BONK,0.035,18034897269.73859
2025-08-13,BONK,0.0374,30221427549.9864
2025-08-14,BONK,0.0332,40099973513.56361
2025-08-15,BONK,0.0331,19208944535.84678
2025-08-16,BONK,0.0337,6407878659.537353
2025-08-17,BONK,0.0332,6885927221.360216
2025-08-18,BONK,0.0313,13609137116.30379
2025-08-19,BONK,0.0298,9669618865.291613
2025-08-20,BONK,0.0311,9175190815.729494
2025-08-21,BONK,0.0301,5793306475.794267
2025-08-22,BONK,0.0329,17308982975.487957
2025-08-23,BONK,0.0319,8203690883.406906
2025-08-24,BONK,0.031,7675923537.061896
2025-08-25,BONK,0.0283,10694123913.871677
2025-08-26,BONK,0.0297,6605230589.526028
2025-08-27,BONK,0.0295,9041578383.566494
2025-08-28,BONK,0.0301,8503881298.001334
2025-08-29,BONK,0.0307,14081282501.134796
2025-08-30,BONK,0.0312,14347346414.114273
2025-08-31,BONK,0.0309,7494619621.835858
2025-09-01,BONK,0.0282,12901702428.02204
2025-09-02,BONK,0.0286,7164731165.913709
2025-09-03,BONK,0.0284,4482739993.836792
2025-09-04,BONK,0.0273,5548813757.246102
2025-09-05,BONK,0.0283,7638485670.302888
2025-09-06,BONK,0.0279,2156350382.749832
2025-09-07,BONK,0.0293,3593650846.63519
2025-09-08,BONK,0.0324,14811335294.83008
2025-09-09,BONK,0.0316,12918676819.655668
2025-09-10,BONK,0.0324,6913025616.314031
2025-09-11,BONK,0.034,8973053208.878777
2025-09-12,BONK,0.0356,23457452983.93847
2025-09-13,BONK,0.0361,29996051104.49428
2025-09-14,BONK,0.0342,10285785852.034214
2025-09-15,BONK,0.0324,10202277463.814997
2025-09-16,BONK,0.0336,5520814286.438061
2025-09-17,BONK,0.0353,9876000793.049135
2025-09-18,BONK,0.035,12469062608.82531
2025-09-19,BONK,0.0333,7385788593.763814
2025-09-20,BONK,0.0325,5553735460.835358
2025-09-21,BONK,0.0314,4860570232.582703
2025-09-22,BONK,0.0294,10698393103.237644
2025-09-23,BONK,0.0289,5254841753.573085
2025-09-24,BONK,0.0287,4213476637.887553
2025-09-25,BONK,0.0274,5358257491.940562
2025-09-26,BONK,0.0283,3892825419.9746656
2025-09-27,BONK,0.0276,2024239333.872606
2025-09-28,BONK,0.0281,3482336274.728705
2025-09-29,BONK,0.0276,4779545526.999911
2025-09-30,BONK,0.0274,3475861122.753706
2025-10-01,BONK,0.0292,6680863926.653309
2025-10-02,BONK,0.0295,7949254025.621667
2025-10-03,BONK,0.0295,9083996937.51549
2025-10-04,BONK,0.0287,8907663297.64115
2025-10-05,BONK,0.0283,9213635233.312347
2025-10-06,BONK,0.0309,12447435362.197313
2025-10-07,BONK,0.0286,10145189471.417562
2025-10-08,BONK,0.0291,5547748289.229306
2025-10-09,BONK,0.0277,5009063621.041772
2025-10-10,BONK,0.0201,16140762266.137817
2025-10-11,BONK,0.0209,16459199338.715715
2025-10-12,BONK,0.0234,9531329211.579618
2025-10-13,BONK,0.0249,7791933883.895652
2025-10-14,BONK,0.0245,7499768911.085365
2025-10-15,BONK,0.023,3760579884.009186
2025-10-16,BONK,0.0219,4466452017.71877
2025-10-17,BONK,0.0217,5426387879.204858
2025-10-18,BONK,0.0218,2161871133.7917085
2025-10-19,BONK,0.0221,2103315820.7314086
2025-10-20,BONK,0.0225,3551421462.7300563
2025-10-21,BONK,0.0216,2931969773.2275434
2025-10-22,BONK,0.021,3398497763.0328364
2025-10-23,BONK,0.0219,2111232301.9863033
2025-10-24,BONK,0.0223,2847766100.127645
2025-10-25,BONK,0.0221,1807075002.6112545
2025-10-26,BONK,0.0228,2399741921.8655496
2025-10-27,BONK,0.022,2829645676.2135997
2025-10-28,BONK,0.0214,3190727760.1021676
2025-10-29,BONK,0.0217,3566081300.8610144
2025-10-30,BONK,0.0199,5977384396.733189
2025-10-31,BONK,0.0209,3926652420.0140033
2025-11-01,BONK,0.0212,1995571387.7938595
2025-11-02,BONK,0.0213,1788761835.3310604
2025-11-03,BONK,0.0178,6693039866.757289
2025-11-04,BONK,0.0172,7796306359.290457
2025-11-05,BONK,0.0183,5894498629.209808
2025-11-06,BONK,0.0179,4161154056.6455536
2025-11-07,BONK,0.0199,5737344189.456284
2025-11-08,BONK,0.0192,2868184600.748295
2025-11-09,BONK,0.0192,3895524710.1452217
2025-11-10,BONK,0.0199,4817179608.274627
2025-11-11,BONK,0.0185,3558624559.398945
2025-11-12,BONK,0.0182,3010793780.4441943
2025-11-13,BONK,0.0176,3673999788.6322155
2025-11-14,BONK,0.0167,5065044252.941099
2025-11-15,BONK,0.0168,2427705980.6039495
2025-11-16,BONK,0.0159,3913178303.04812
2025-11-17,BONK,0.0152,4414564593.997225
2025-11-18,BONK,0.0155,3004350202.2393155
2025-11-19,BONK,0.015,2229593812.3967156
2025-11-20,BONK,0.0144,2954941582.5240774
2025-11-21,BONK,0.0134,5780250282.765054
2025-11-22,BONK,0.0131,2984928237.1269703
2025-11-23,BONK,0.0135,4320741405.215514
2025-11-24,BONK,0.0153,4710465719.740625
2025-11-25,BONK,0.0146,2605296646.8897743
2025-11-26,BONK,0.015,2230134138.5906777
2025-11-27,BONK,0.0153,4029510124.2167134
2025-11-28,BONK,0.0149,1972323328.1809626
2025-11-29,BONK,0.0146,432918509.7597992
2025-11-30,BONK,0.0142,887894267.7120912
2025-12-01,BONK,0.0133,2205185724.6524987
2025-12-02,BONK,0.0146,2427879512.261198
2025-12-03,BONK,0.0149,1999786747.9524257
2025-12-04,BONK,0.0143,1680530733.3984137
2025-12-05,BONK,0.0136,1737203056.2501366
2025-12-06,BONK,0.0141,1726882932.8828719
2025-12-07,BONK,0.0136,4945010684.564354
2025-12-08,BONK,0.0142,2857455610.936368
2025-12-09,BONK,0.0148,3152463344.49673
2025-12-10,BONK,0.0141,2728666883.1141047
2025-12-11,BONK,0.0143,3940525867.637094
2025-12-12,BONK,0.0137,3123845338.9085646
2025-12-13,BONK,0.0139,1251210272.9636922
2025-12-14,BONK,0.0136,1321227039.8317745
2025-12-15,BONK,0.0131,2956843372.8053036
2025-12-16,BONK,0.0129,1862057575.667029
2025-12-17,BONK,0.0122,2113923129.9456782
2025-12-18,BONK,0.0114,1516178450.8422878
2025-12-19,BONK,0.0122,1407967144.8208654
2025-12-20,BONK,0.0123,608298729.3424414
2025-12-21,BONK,0.012,561282599.1552279
2025-12-22,BONK,0.0121,738289876.6881927
2025-12-23,BONK,0.0119,591263691.8946924
2025-12-24,BONK,0.0115,717119760.0215724
2025-12-25,BONK,0.0114,594093400.4910018
2025-12-26,BONK,0.0115,600160789.4677384
2025-12-27,BONK,0.0118,378932647.1548199
2025-12-28,BONK,0.0117,654220086.3039364
2025-12-29,BONK,0.0113,867783811.3930466
2025-12-30,BONK,0.0113,608746861.2408957
2025-12-31,BONK,0.011,671151155.0731691
2026-01-01,BONK,0.0119,907339517.914703
2026-01-02,BONK,0.0134,6431979437.629914
2026-01-03,BONK,0.0135,3095464097.5537233
2026-01-04,BONK,0.0173,62762402268.3454
2026-01-05,BONK,0.0175,30787450714.750275
2026-01-06,BONK,0.0173,40986191798.19152
2026-01-07,BONK,0.0163,9506787807.741177
2026-01-08,BONK,0.016,7155337331.153853
2026-01-09,BONK,0.016,2614050162.2657027
2026-01-10,BONK,0.0155,2147345875.7867312
2026-01-11,BONK,0.0153,1672139805.695113
2026-01-12,BONK,0.015,5957252880.7393875
2026-01-13,BONK,0.0169,6031996121.832328
2026-01-14,BONK,0.0162,10145675292.049608
2026-01-15,BONK,0.0155,3827096934.294533
2026-01-16,BONK,0.0158,3842389698.0426836
2026-01-17,BONK,0.0153,2543443232.7979226
2026-01-18,BONK,0.0143,1673926883.0993955
2026-01-19,BONK,0.0138,3535626885.3283052
2026-01-20,BONK,0.0132,1600574603.2688913
2026-01-21,BONK,0.0136,2241033809.5611477
2026-01-22,BONK,0.0134,1699646369.000968
2026-01-23,BONK,0.0134,1749924985.5464132
2026-01-24,BONK,0.013,812680762.4578853
2026-01-25,BONK,0.0124,2667594858.056254
2026-01-26,BONK,0.0128,2040288280.1087716
2026-01-27,BONK,0.0129,1278707863.1982253
2026-01-28,BONK,0.0126,1296912885.6622574
2026-01-29,BONK,0.0121,1901827675.166103
2026-01-30,BONK,0.012,1773691117.5190232
2026-01-31,BONK,0.0108,3018094813.0449257
2026-02-01,BONK,0.0103,2093798193.9001865
2026-02-02,BONK,0.0106,2559233265.561958
2026-02-03,BONK,0.0105,2240248033.1434097
2026-02-04,BONK,0.0103,1427544817.1630538
2026-02-05,BONK,0.00865,3946830891.412834
2026-02-06,BONK,0.0097,6650031998.975254
2026-02-07,BONK,0.00956,2067511432.2344632
2026-02-08,BONK,0.0093,863200654.3334559
2026-02-09,BONK,0.00916,1061726587.5871203
2026-02-10,BONK,0.00887,760738310.08301
2026-02-11,BONK,0.00868,1438741796.3247733
2026-02-12,BONK,0.00893,4976408663.345529
2026-02-13,BONK,0.00919,2029571141.103276
2026-02-14,BONK,0.0106,7707873221.77839
2026-02-15,BONK,0.00972,4396892418.925477
2026-02-16,BONK,0.00973,3158580187.6704907
2026-02-17,BONK,0.00962,1204067576.6581452
2026-02-18,BONK,0.00916,1040159142.3072224
2026-02-19,BONK,0.0091,1411176508.4024413
2026-02-20,BONK,0.00946,1772652037.771038
2026-02-21,BONK,0.00923,876071659.4892424
2026-02-22,BONK,0.00901,647633635.2535247
2026-02-23,BONK,0.00862,1366725974.3002155
2026-02-24,BONK,0.00841,858953853.2349062
2026-02-25,BONK,0.00925,2282217110.383558
2026-02-26,BONK,0.00886,1276402203.607398
2026-02-27,BONK,0.00865,1424301393.472446
2026-02-28,BONK,0.00878,1873242032.6479917
2026-03-01,BONK,0.00852,1554562286.6669157
2026-03-02,BONK,0.00877,2097517734.7137175
2026-03-03,BONK,0.00876,1172445563.2670186
2026-03-04,BONK,0.00905,1790820008.3283117
2026-03-05,BONK,0.00895,1318880868.4305608
2026-03-06,BONK,0.00865,990851704.5948375
2026-03-07,BONK,0.00839,475691270.42103285
2026-03-08,BONK,0.00826,622075923.3910294
2026-03-09,BONK,0.00856,973041096.699042
2026-03-10,BONK,0.0087,1573568483.30633
2026-03-11,BONK,0.00872,784241279.0543627
2026-03-12,BONK,0.00892,891304577.2549692
2026-03-13,BONK,0.00902,9420517339.606958
2026-03-14,BONK,0.0089,2374701864.7409787
2026-03-15,BONK,0.00893,1719352012.6572576
2026-03-16,BONK,0.00976,16615027704.825918
2026-03-17,BONK,0.0098,3126867708.737583
2026-03-18,BONK,0.00917,7803645759.044694
2026-03-19,BONK,0.00889,1998062189.4407165
2026-03-20,BONK,0.00888,1715549030.8146973
2026-03-21,BONK,0.00886,9000422.43333193
2024-11-08,DRIFT,2037.0,1703774600702.2773
2024-11-09,DRIFT,2495.0,2351225834908.5977
2024-11-10,DRIFT,2471.0,963320361604.8976
2024-11-11,DRIFT,2255.0,312876552028.3876
2024-11-12,DRIFT,1976.0,162055261504.75797
2024-11-13,DRIFT,1818.0,256968398497.77588
2024-11-14,DRIFT,1600.0,47922820907.27548
2024-11-15,DRIFT,1725.0,92891793099.8531
2024-11-16,DRIFT,1719.0,41093796461.1576
2024-11-17,DRIFT,2270.0,559038767901.5708
2024-11-18,DRIFT,2191.0,402556586547.7994
2024-11-19,DRIFT,2008.0,90099607621.46666
2024-11-20,DRIFT,1866.0,42348915301.817894
2024-11-21,DRIFT,1924.0,74959481888.90126
2024-11-22,DRIFT,1939.0,40930454618.26055
2024-11-23,DRIFT,1912.0,48529511765.612976
2024-11-24,DRIFT,1850.0,32354952945.278698
2024-11-25,DRIFT,1820.0,23349111998.11141
2024-11-26,DRIFT,1771.0,18658154174.235497
2024-11-27,DRIFT,1818.0,11474235799.316925
2024-11-28,DRIFT,1961.0,70832532596.07278
2024-11-29,DRIFT,1989.0,55767802082.46899
2024-11-30,DRIFT,1965.0,24977135477.36985
2024-12-01,DRIFT,2037.0,39831275099.01375
2024-12-02,DRIFT,1946.0,34579944843.86322
2024-12-03,DRIFT,1946.0,51003633350.00197
2024-12-04,DRIFT,1992.0,34680613358.00188
2024-12-05,DRIFT,2262.0,284584582689.1203
2024-12-06,DRIFT,2378.0,489955050394.5865
2024-12-07,DRIFT,2290.0,54724874361.78404
2024-12-08,DRIFT,2255.0,27660281091.919933
2024-12-09,DRIFT,1875.0,40343046510.738785
2024-12-10,DRIFT,1740.0,50636294209.75559
2024-12-11,DRIFT,1863.0,28824149884.882088
2024-12-12,DRIFT,1861.0,15856467032.746817
2024-12-13,DRIFT,1845.0,7984595090.635663
2024-12-14,DRIFT,1805.0,17923933041.210167
2024-12-15,DRIFT,1872.0,11492679798.49624
2024-12-16,DRIFT,1806.0,13221480048.451286
2024-12-17,DRIFT,1738.0,11674100971.911764
2024-12-18,DRIFT,1598.0,9706827317.854624
2024-12-19,DRIFT,1489.0,10557568007.793034
2024-12-20,DRIFT,1633.0,30581877455.410675
2024-12-21,DRIFT,1914.0,253845244315.858
2024-12-22,DRIFT,1693.0,47885087480.113045
2024-12-23,DRIFT,1730.0,19491407363.07959
2024-12-24,DRIFT,1872.0,80881182415.86667
2024-12-25,DRIFT,2114.0,204957766463.36447
2024-12-26,DRIFT,1975.0,81341526733.13507
2024-12-27,DRIFT,1859.0,25919461457.68097
2024-12-28,DRIFT,1887.0,18136215663.26021
2024-12-29,DRIFT,2022.0,65157708622.40887
2024-12-30,DRIFT,1851.0,38328109166.0269
2024-12-31,DRIFT,2030.0,316410152780.577
2025-01-01,DRIFT,1975.0,375099335347.913
2025-01-02,DRIFT,1935.0,60723331909.22677
2025-01-03,DRIFT,2078.0,46442774393.61544
2025-01-04,DRIFT,2046.0,55659770865.52138
2025-01-05,DRIFT,2034.0,25678277849.787544
2025-01-06,DRIFT,2045.0,33153630691.941822
2025-01-07,DRIFT,2100.0,106702061026.72044
2025-01-08,DRIFT,1889.0,49466451738.96762
2025-01-09,DRIFT,1716.0,32144998815.418804
2025-01-10,DRIFT,1728.0,18157836243.99852
2025-01-11,DRIFT,1775.0,10021425434.9621
2025-01-12,DRIFT,1726.0,5924191313.728509
2025-01-13,DRIFT,1641.0,11091691935.957197
2025-01-14,DRIFT,1669.0,62648890563.43992
2025-01-15,DRIFT,1707.0,12737276897.786343
2025-01-16,DRIFT,1655.0,10633671911.92702
2025-01-17,DRIFT,1734.0,8696072413.134827
2025-01-18,DRIFT,1874.0,76834675365.21266
2025-01-19,DRIFT,1612.0,34910803290.90785
2025-01-20,DRIFT,1516.0,14611744871.925783
2025-01-21,DRIFT,1562.0,9713649191.144398
2025-01-22,DRIFT,1558.0,5615755032.699412
2025-01-23,DRIFT,1506.0,4436571976.846762
2025-01-24,DRIFT,1463.0,4582374167.855602
2025-01-25,DRIFT,1467.0,4876308218.683621
2025-01-26,DRIFT,1455.0,9125834081.935444
2025-01-27,DRIFT,1460.0,43472056019.3967
2025-01-28,DRIFT,1379.0,6837787926.120312
2025-01-29,DRIFT,1379.0,6448454825.824813
2025-01-30,DRIFT,1402.0,8827702587.206577
2025-01-31,DRIFT,1397.0,6100873649.897823
2025-02-01,DRIFT,1297.0,5580884572.483849
2025-02-02,DRIFT,1140.0,6332128028.960783
2025-02-03,DRIFT,1229.0,13714670729.067183
2025-02-04,DRIFT,1173.0,3452662469.8932395
2025-02-05,DRIFT,1125.0,1905535515.8909924
2025-02-06,DRIFT,1065.0,2924883255.0679398
2025-02-07,DRIFT,1096.0,3353546996.360769
2025-02-08,DRIFT,1205.0,5007645749.488774
2025-02-09,DRIFT,1138.0,7245382761.784399
2025-02-10,DRIFT,1213.0,3970989022.22344
2025-02-11,DRIFT,1194.0,7601422872.627398
2025-02-12,DRIFT,1244.0,17620781800.78263
2025-02-13,DRIFT,1187.0,4442414537.57021
2025-02-14,DRIFT,1247.0,4859590024.965075
2025-02-15,DRIFT,1203.0,2305825573.2350006
2025-02-16,DRIFT,1117.0,2459976904.2434244
2025-02-17,DRIFT,1042.0,5236451043.630044
2025-02-18,DRIFT,995.1,4978434253.853869
2025-02-19,DRIFT,996.3,1254478896.7707293
2025-02-20,DRIFT,1033.0,1569161730.2252257
2025-02-21,DRIFT,1005.0,6290683354.386314
2025-02-22,DRIFT,1012.0,2408595435.2901154
2025-02-23,DRIFT,1008.0,9429766586.06101
2025-02-24,DRIFT,887.3,3629275150.7291203
2025-02-25,DRIFT,930.6,3883300943.0211854
2025-02-26,DRIFT,966.6,2558837934.0535903
2025-02-27,DRIFT,1000.0,16291645062.27562
2025-02-28,DRIFT,1022.0,7260605291.646673
2025-03-01,DRIFT,1012.0,2877555282.5113134
2025-03-02,DRIFT,1094.0,4219157714.0680137
2025-03-03,DRIFT,995.3,3066963659.954062
2025-03-04,DRIFT,1087.0,14351611460.469063
2025-03-05,DRIFT,1077.0,7079738066.208433
2025-03-06,DRIFT,1037.0,2730471362.132321
2025-03-07,DRIFT,991.4,1748174384.554891
2025-03-08,DRIFT,960.9,1310039393.6339731
2025-03-09,DRIFT,884.5,1170806770.9083188
2025-03-10,DRIFT,794.0,1816598682.3808722
2025-03-11,DRIFT,775.1,3978387564.5174294
2025-03-12,DRIFT,782.0,2374678731.3357763
2025-03-13,DRIFT,750.6,1488682375.1490252
2025-03-14,DRIFT,743.4,3498232475.6151934
2025-03-15,DRIFT,842.0,51851230027.87427
2025-03-16,DRIFT,820.4,29173448550.61293
2025-03-17,DRIFT,954.8,86322792925.52725
2025-03-18,DRIFT,906.2,35331664418.25131
2025-03-19,DRIFT,873.1,6405157172.185864
2025-03-20,DRIFT,884.5,6204559217.930332
2025-03-21,DRIFT,957.7,10806012072.510132
2025-03-22,DRIFT,908.5,4687123136.678959
2025-03-23,DRIFT,921.7,45152099893.79827
2025-03-24,DRIFT,924.2,5838284290.5974655
2025-03-25,DRIFT,932.7,2936497699.516831
2025-03-26,DRIFT,948.2,17606894617.51568
2025-03-27,DRIFT,1003.0,32182084439.353893
2025-03-28,DRIFT,902.7,16391781045.247744
2025-03-29,DRIFT,851.9,3108475423.2850237
2025-03-30,DRIFT,869.5,3716534090.600898
2025-03-31,DRIFT,850.3,5573750378.521836
2025-04-01,DRIFT,851.2,1157083953.5781238
2025-04-02,DRIFT,775.7,2336178629.58532
2025-04-03,DRIFT,767.8,1348906673.3920913
2025-04-04,DRIFT,767.8,1198057988.4668534
2025-04-05,DRIFT,762.6,420357583.78400767
2025-04-06,DRIFT,680.4,1585183332.6496012
2025-04-07,DRIFT,678.5,2524033907.5225863
2025-04-08,DRIFT,643.9,796285836.2093784
2025-04-09,DRIFT,691.2,1399412385.5632982
2025-04-10,DRIFT,685.9,1513763134.272698
2025-04-11,DRIFT,730.2,3750562732.9694915
2025-04-12,DRIFT,757.4,4198755249.6478667
2025-04-13,DRIFT,696.8,1581588517.7981336
2025-04-14,DRIFT,707.9,1608372249.174227
2025-04-15,DRIFT,682.0,1325401288.1853392
2025-04-16,DRIFT,663.4,1311313349.587883
2025-04-17,DRIFT,665.5,1356586105.9757204
2025-04-18,DRIFT,698.1,2535937141.2512746
2025-04-19,DRIFT,717.9,1019047039.5417655
2025-04-20,DRIFT,719.6,972356625.732188
2025-04-21,DRIFT,726.8,1336888363.02002
2025-04-22,DRIFT,754.8,1278479199.9144258
2025-04-23,DRIFT,760.0,1181448823.3940296
2025-04-24,DRIFT,752.8,1197030840.9569144
2025-04-25,DRIFT,763.6,1561307452.3478866
2025-04-26,DRIFT,786.7,1555352380.5802088
2025-04-27,DRIFT,745.4,1159995906.7469037
2025-04-28,DRIFT,784.9,11517732259.21181
2025-04-29,DRIFT,829.4,42042089655.8065
2025-04-30,DRIFT,1016.0,273610928795.9591
2025-05-01,DRIFT,927.0,68708555978.41215
2025-05-02,DRIFT,885.3,11589858332.529963
2025-05-03,DRIFT,875.2,43401202945.23746
2025-05-04,DRIFT,834.5,5181135540.144003
2025-05-05,DRIFT,904.8,24113168567.71044
2025-05-06,DRIFT,812.0,6996779533.424455
2025-05-07,DRIFT,840.9,3777730063.989043
2025-05-08,DRIFT,922.0,55312976343.138664
2025-05-09,DRIFT,1006.0,16947884282.070105
2025-05-10,DRIFT,1006.0,8521059426.272316
2025-05-11,DRIFT,961.6,5701488846.488968
2025-05-12,DRIFT,967.6,11962197259.71066
2025-05-13,DRIFT,971.4,3793536981.848137
2025-05-14,DRIFT,930.3,3178031921.791652
2025-05-15,DRIFT,874.5,2872081107.3853064
2025-05-16,DRIFT,869.2,1041998298.7255253
2025-05-17,DRIFT,862.3,1381570611.2750754
2025-05-18,DRIFT,893.6,2836613800.703198
2025-05-19,DRIFT,882.2,3179886025.0762143
2025-05-20,DRIFT,931.1,2975726565.7190137
2025-05-21,DRIFT,912.1,3268518726.0596914
2025-05-22,DRIFT,938.7,3484426521.913122
2025-05-23,DRIFT,874.3,14373747270.22734
2025-05-24,DRIFT,873.4,1325868912.1729674
2025-05-25,DRIFT,881.9,2658971483.8956895
2025-05-26,DRIFT,872.9,1112203556.754237
2025-05-27,DRIFT,894.0,1522329817.2464678
2025-05-28,DRIFT,959.2,12110103796.855438
2025-05-29,DRIFT,971.0,18956471245.04623
2025-05-30,DRIFT,839.6,25354348952.87396
2025-05-31,DRIFT,848.4,5728458758.390081
2025-06-01,DRIFT,843.0,1606598847.7006056
2025-06-02,DRIFT,812.4,1755790064.7189302
2025-06-03,DRIFT,798.3,2102975202.1822746
2025-06-04,DRIFT,766.6,2153433014.611471
2025-06-05,DRIFT,670.9,3290150351.4201646
2025-06-06,DRIFT,658.2,2230474230.7268753
2025-06-07,DRIFT,683.6,932957261.1068996
2025-06-08,DRIFT,675.0,910693787.6937106
2025-06-09,DRIFT,692.2,1512992537.436618
2025-06-10,DRIFT,699.0,2710586176.2332673
2025-06-11,DRIFT,715.5,6343627480.823014
2025-06-12,DRIFT,663.1,2389531272.686939
2025-06-13,DRIFT,639.2,1858222966.5886614
2025-06-14,DRIFT,628.1,942712570.9114534
2025-06-15,DRIFT,642.8,996859296.9483535
2025-06-16,DRIFT,624.1,1497272242.5691938
2025-06-17,DRIFT,590.6,1353605988.4572864
2025-06-18,DRIFT,612.0,3129840954.3765316
2025-06-19,DRIFT,600.6,3670836027.77283
2025-06-20,DRIFT,600.5,2125601536.8777897
2025-06-21,DRIFT,549.1,1484168427.0081167
2025-06-22,DRIFT,507.3,1996338336.1809347
2025-06-23,DRIFT,547.8,1206199267.3062687
2025-06-24,DRIFT,556.5,3683949022.2283278
2025-06-25,DRIFT,536.1,998038261.3824942
2025-06-26,DRIFT,518.6,655264745.4217556
2025-06-27,DRIFT,527.6,754244278.6030288
2025-06-28,DRIFT,534.3,726171169.711124
2025-06-29,DRIFT,588.4,20123310255.841896
2025-06-30,DRIFT,525.4,3402573103.157635
2025-07-01,DRIFT,512.2,2643926991.534163
2025-07-02,DRIFT,526.4,1832862403.9225771
2025-07-03,DRIFT,534.8,1121025933.9654918
2025-07-04,DRIFT,550.0,11509937125.126396
2025-07-05,DRIFT,557.4,8373863907.540868
2025-07-06,DRIFT,548.3,10468763507.293364
2025-07-07,DRIFT,530.2,1638521574.0985222
2025-07-08,DRIFT,534.6,5401090122.628626
2025-07-09,DRIFT,538.7,2102271905.49637
2025-07-10,DRIFT,568.1,4899937836.450932
2025-07-11,DRIFT,593.4,16396358296.436888
2025-07-12,DRIFT,603.2,4315740590.248232
2025-07-13,DRIFT,641.1,13641739254.316612
2025-07-14,DRIFT,639.9,17995801329.262714
2025-07-15,DRIFT,633.3,2980401426.679671
2025-07-16,DRIFT,639.0,1950444487.2401047
2025-07-17,DRIFT,684.5,35941335035.2964
2025-07-18,DRIFT,661.3,7238596048.681952
2025-07-19,DRIFT,672.8,7677071459.501014
2025-07-20,DRIFT,693.5,3447995346.46616
2025-07-21,DRIFT,945.3,383182959212.1107
2025-07-22,DRIFT,876.9,43993316160.66716
2025-07-23,DRIFT,806.3,9516700646.604061
2025-07-24,DRIFT,794.0,9497340299.174158
2025-07-25,DRIFT,813.8,4862121569.594298
2025-07-26,DRIFT,815.8,9320833587.127844
2025-07-27,DRIFT,837.5,26890442668.817238
2025-07-28,DRIFT,776.1,3945959065.9013486
2025-07-29,DRIFT,780.5,5952440220.863836
2025-07-30,DRIFT,757.0,5886022454.4749
2025-07-31,DRIFT,726.0,1321995984.520218
2025-08-01,DRIFT,705.0,1985434677.9950016
2025-08-02,DRIFT,688.0,666725740.007605
2025-08-03,DRIFT,715.0,821504770.4497205
2025-08-04,DRIFT,740.0,704321945.4077902
2025-08-05,DRIFT,708.0,751063809.9258934
2025-08-06,DRIFT,690.0,958766744.9939691
2025-08-07,DRIFT,725.0,1683792526.3089716
2025-08-08,DRIFT,787.0,23974064143.312767
2025-08-09,DRIFT,798.0,19403500457.998158
2025-08-10,DRIFT,788.0,6086907700.349733
2025-08-11,DRIFT,761.0,2830420797.7906213
2025-08-12,DRIFT,787.0,3111507083.6361146
2025-08-13,DRIFT,811.0,5555303330.881152
2025-08-14,DRIFT,744.0,4187219178.7789216
2025-08-15,DRIFT,746.0,1219883979.7630577
2025-08-16,DRIFT,767.0,1212255272.3973463
2025-08-17,DRIFT,752.0,912276829.6566305
2025-08-18,DRIFT,722.0,1288149147.222106
2025-08-19,DRIFT,703.0,1844378153.1745157
2025-08-20,DRIFT,742.0,921746887.4254273
2025-08-21,DRIFT,713.0,707576129.5899245
2025-08-22,DRIFT,749.0,2663939161.1939607
2025-08-23,DRIFT,788.0,9900754668.231396
2025-08-24,DRIFT,796.0,12783932964.758598
2025-08-25,DRIFT,719.0,4392509859.306824
2025-08-26,DRIFT,741.0,1772392140.34493
2025-08-27,DRIFT,845.0,53561498452.33344
2025-08-28,DRIFT,918.0,107761906241.60472
2025-08-29,DRIFT,856.0,16931307050.069641
2025-08-30,DRIFT,874.0,7262322937.405038
2025-08-31,DRIFT,821.0,4212636851.565042
2025-09-01,DRIFT,777.0,3302238576.6695194
2025-09-02,DRIFT,793.0,2438382007.5663514
2025-09-03,DRIFT,772.0,2956624970.1214623
2025-09-04,DRIFT,743.0,1723022113.2976623
2025-09-05,DRIFT,755.0,1495229060.0450263
2025-09-06,DRIFT,756.0,743807485.4338347
2025-09-07,DRIFT,748.0,2416787668.376511
2025-09-08,DRIFT,776.0,2534839688.681474
2025-09-09,DRIFT,784.0,11258085333.860357
2025-09-10,DRIFT,826.0,18484714183.746605
2025-09-11,DRIFT,832.0,3363641674.89658
2025-09-12,DRIFT,900.0,34446376042.31708
2025-09-13,DRIFT,902.0,25905339149.13716
2025-09-14,DRIFT,921.0,5821606383.154091
2025-09-15,DRIFT,872.0,19218650833.432373
2025-09-16,DRIFT,952.0,7872012710.490026
2025-09-17,DRIFT,1160.0,40436211236.43485
2025-09-18,DRIFT,1245.0,93291783113.76205
2025-09-19,DRIFT,1245.0,66903338723.40796
2025-09-20,DRIFT,1180.0,18517238144.015667
2025-09-21,DRIFT,1140.0,11620755284.211206
2025-09-22,DRIFT,1072.0,35442095398.0236
2025-09-23,DRIFT,1021.0,12222795492.032478
2025-09-24,DRIFT,1151.0,29099203577.68397
2025-09-25,DRIFT,1010.0,11070178519.161682
2025-09-26,DRIFT,1045.0,7240858508.379595
2025-09-27,DRIFT,1183.0,36149029560.08693
2025-09-28,DRIFT,1115.0,16840519336.083107
2025-09-29,DRIFT,1103.0,31312849827.153492
2025-09-30,DRIFT,1187.0,19695112161.140167
2025-10-01,DRIFT,1257.0,16992275710.914305
2025-10-02,DRIFT,1266.0,7311173035.764847
2025-10-03,DRIFT,1284.0,5688724068.794276
2025-10-04,DRIFT,1237.0,10446544653.174135
2025-10-05,DRIFT,1295.0,36300878933.911156
2025-10-06,DRIFT,1265.0,11429526635.157522
2025-10-07,DRIFT,1211.0,7075957966.797213
2025-10-08,DRIFT,1218.0,3439872815.2715087
2025-10-09,DRIFT,1128.0,4852035465.656667
2025-10-10,DRIFT,913.0,10031013296.822222
2025-10-11,DRIFT,781.0,8533342312.490422
2025-10-12,DRIFT,886.0,15670328295.485672
2025-10-13,DRIFT,937.0,6815216327.224136
2025-10-14,DRIFT,891.0,5547708022.171173
2025-10-15,DRIFT,842.0,2756069580.0602417
2025-10-16,DRIFT,789.0,7235421796.568699
2025-10-17,DRIFT,764.0,3840676968.6581726
2025-10-18,DRIFT,758.0,1982803761.5494678
2025-10-19,DRIFT,768.0,1871052495.9821799
2025-10-20,DRIFT,770.0,2727453708.031776
2025-10-21,DRIFT,737.0,3327362306.2367754
2025-10-22,DRIFT,705.0,2605828337.7795267
2025-10-23,DRIFT,729.0,1278433811.0016077
2025-10-24,DRIFT,739.0,1886539759.9570024
2025-10-25,DRIFT,738.0,1005362645.9168339
2025-10-26,DRIFT,750.0,2514446211.19002
2025-10-27,DRIFT,678.0,8917901449.40568
2025-10-28,DRIFT,613.0,6148304994.917572
2025-10-29,DRIFT,626.0,4960008858.064068
2025-10-30,DRIFT,585.0,2884989043.6183615
2025-10-31,DRIFT,592.0,1550965082.276787
2025-11-01,DRIFT,614.0,1573838305.7080348
2025-11-02,DRIFT,606.0,1088898681.9611948
2025-11-03,DRIFT,503.0,5126057704.090537
2025-11-04,DRIFT,509.0,4624116462.397489
2025-11-05,DRIFT,527.0,2542301021.9741015
2025-11-06,DRIFT,514.0,1506497458.174135
2025-11-07,DRIFT,555.0,2684732361.928601
2025-11-08,DRIFT,534.0,2275649219.2663336
2025-11-09,DRIFT,528.0,1783775067.5827549
2025-11-10,DRIFT,548.0,2142842905.447891
2025-11-11,DRIFT,501.0,2786686938.781603
2025-11-12,DRIFT,494.0,2409237793.710901
2025-11-13,DRIFT,476.0,4858703695.15745
2025-11-14,DRIFT,448.0,7548642253.163071
2025-11-15,DRIFT,475.0,1937355603.555787
2025-11-16,DRIFT,425.0,3456770929.4403563
2025-11-17,DRIFT,397.0,2514278009.5500536
2025-11-18,DRIFT,405.0,2559781792.8477044
2025-11-19,DRIFT,367.0,4394773483.8985195
2025-11-20,DRIFT,348.0,2535813614.0185666
2025-11-21,DRIFT,322.0,2968668779.1591563
2025-11-22,DRIFT,323.0,2773868321.028693
2025-11-23,DRIFT,323.0,5152981733.886851
2025-11-24,DRIFT,332.0,1840493130.5473728
2025-11-25,DRIFT,346.0,3582720124.473564
2025-11-26,DRIFT,351.0,1441672076.563056
2025-11-27,DRIFT,371.0,27054977693.48444
2025-11-28,DRIFT,396.0,14619065292.768587
2025-11-29,DRIFT,385.0,2857719075.6676254
2025-11-30,DRIFT,361.0,1617517918.2410507
2025-12-01,DRIFT,328.0,1451295496.3548594
2025-12-02,DRIFT,346.0,1977130492.2001255
2025-12-03,DRIFT,350.0,1619833820.9858387
2025-12-04,DRIFT,356.0,6877793010.598278
2025-12-05,DRIFT,348.0,2361489326.301625
2025-12-06,DRIFT,349.0,572490277.8513991
2025-12-07,DRIFT,332.0,1170628896.938926
2025-12-08,DRIFT,353.0,2336480690.7293873
2025-12-09,DRIFT,354.0,1512631324.9663281
2025-12-10,DRIFT,329.0,1466234999.5410292
2025-12-11,DRIFT,308.0,2316776980.1634088
2025-12-12,DRIFT,297.0,1152575605.6453266
2025-12-13,DRIFT,296.0,409540281.20978844
2025-12-14,DRIFT,276.0,996469640.2280556
2025-12-15,DRIFT,251.0,1781817233.1463826
2025-12-16,DRIFT,244.0,1032468561.3397615
2025-12-17,DRIFT,223.0,1354943152.6605268
2025-12-18,DRIFT,206.0,1232072963.2052042
2025-12-19,DRIFT,230.0,1342741387.7349346
2025-12-20,DRIFT,236.0,2431843197.215037
2025-12-21,DRIFT,226.0,1925653568.002726
2025-12-22,DRIFT,233.0,1775037545.0787826
2025-12-23,DRIFT,242.0,2376883053.5128484
2025-12-24,DRIFT,240.0,1769539565.0607529
2025-12-25,DRIFT,233.0,616547885.744555
2025-12-26,DRIFT,232.0,647112093.6751606
2025-12-27,DRIFT,237.0,3475039261.544549
2025-12-28,DRIFT,240.0,3252530368.017835
2025-12-29,DRIFT,234.0,8396013054.261262
2025-12-30,DRIFT,227.0,994688632.6866828
2025-12-31,DRIFT,221.0,624424344.6631368
2026-01-01,DRIFT,231.0,553018688.5196543
2026-01-02,DRIFT,249.0,2888655660.9772296
2026-01-03,DRIFT,246.0,1077743345.462145
2026-01-04,DRIFT,258.0,1374442832.269336
2026-01-05,DRIFT,266.0,1474643651.7339683
2026-01-06,DRIFT,267.0,1757485956.8331676
2026-01-07,DRIFT,244.0,1831142474.6042652
2026-01-08,DRIFT,238.0,1311668153.8314562
2026-01-09,DRIFT,238.0,3889271703.872232
2026-01-10,DRIFT,234.0,759150866.2981441
2026-01-11,DRIFT,231.0,593779308.970721
2026-01-12,DRIFT,222.0,1095015102.3115194
2026-01-13,DRIFT,241.0,12926077612.83972
2026-01-14,DRIFT,265.0,40660185841.74435
2026-01-15,DRIFT,255.0,8419992264.086544
2026-01-16,DRIFT,267.0,13616332665.628302
2026-01-17,DRIFT,269.0,11563596965.217974
2026-01-18,DRIFT,269.0,30124416781.541973
2026-01-19,DRIFT,252.0,8294199561.269025
2026-01-20,DRIFT,224.0,5922989327.421454
2026-01-21,DRIFT,231.0,4209749439.435907
2026-01-22,DRIFT,221.0,2217523662.2375875
2026-01-23,DRIFT,226.0,2584246332.562568
2026-01-24,DRIFT,232.0,1385854015.222962
2026-01-25,DRIFT,222.0,17111609092.291733
2026-01-26,DRIFT,229.0,29692168395.2705
2026-01-27,DRIFT,219.0,4139800372.6963696
2026-01-28,DRIFT,216.0,3295466882.720755
2026-01-29,DRIFT,191.0,3847617026.1893735
2026-01-30,DRIFT,183.0,5237876866.8823395
2026-01-31,DRIFT,160.0,4494459856.750933
2026-02-01,DRIFT,160.0,8004188073.436918
2026-02-02,DRIFT,163.0,4559035668.934901
2026-02-03,DRIFT,156.0,991453100.9794382
2026-02-04,DRIFT,151.0,1026692423.2069737
2026-02-05,DRIFT,120.0,2671758337.4104176
2026-02-06,DRIFT,133.0,2045122630.1609075
2026-02-07,DRIFT,135.0,5995031894.77161
2026-02-08,DRIFT,129.0,799963196.9489088
2026-02-09,DRIFT,125.0,1659012899.6438327
2026-02-10,DRIFT,121.0,2629648088.319112
2026-02-11,DRIFT,124.0,2009057764.644559
2026-02-12,DRIFT,130.0,5090441913.875562
2026-02-13,DRIFT,137.0,3300172873.642644
2026-02-14,DRIFT,141.0,3625152266.3299265
2026-02-15,DRIFT,134.0,4812107874.40664
2026-02-16,DRIFT,137.0,2787531400.668388
2026-02-17,DRIFT,141.0,10009995542.965084
2026-02-18,DRIFT,132.0,5436852712.8551445
2026-02-19,DRIFT,127.0,2222718093.879732
2026-02-20,DRIFT,137.0,2472808705.9853907
2026-02-21,DRIFT,133.0,1307551635.9736717
2026-02-22,DRIFT,127.0,1843046150.6114554
2026-02-23,DRIFT,120.0,962747703.9779549
2026-02-24,DRIFT,120.0,1484684732.904069
2026-02-25,DRIFT,124.0,1284698909.5823054
2026-02-26,DRIFT,122.0,768551904.018787
2026-02-27,DRIFT,126.0,3815103024.058625
2026-02-28,DRIFT,131.0,7732165052.964653
2026-03-01,DRIFT,124.0,1980799026.4317036
2026-03-02,DRIFT,125.0,1508706215.91664
2026-03-03,DRIFT,125.0,1429000687.5855045
2026-03-04,DRIFT,129.0,1212332315.655894
2026-03-05,DRIFT,129.0,1402541382.1110663
2026-03-06,DRIFT,124.0,1033635598.0352113
2026-03-07,DRIFT,119.0,558725516.2316923
2026-03-08,DRIFT,116.0,385011110.49228007
2026-03-09,DRIFT,118.0,633464548.9786775
2026-03-10,DRIFT,121.0,560396715.5112044
2026-03-11,DRIFT,120.0,398391882.49375504
2026-03-12,DRIFT,119.0,551784435.7355034
2026-03-13,DRIFT,121.0,1086717315.194439
2026-03-14,DRIFT,120.0,499939274.0374935
2026-03-15,DRIFT,121.0,496643882.41533816
2026-03-16,DRIFT,133.0,16339291211.640427
2026-03-17,DRIFT,133.0,2124481549.9441774
2026-03-18,DRIFT,127.0,1118166802.0314314
2026-03-19,DRIFT,125.0,679867047.0471298
2026-03-20,DRIFT,131.0,1305480278.9507477
2026-03-21,DRIFT,131.0,5509525.40506156
2023-01-01,FLOW,836.0,3510497079.871515
2023-01-02,FLOW,847.0,6956153729.565993
2023-01-03,FLOW,928.0,75703109299.95645
2023-01-04,FLOW,933.0,30130643484.989502
2023-01-05,FLOW,906.0,10491496390.512426
2023-01-06,FLOW,889.0,15574391647.924839
2023-01-07,FLOW,891.0,11026992377.286337
2023-01-08,FLOW,922.0,9785797730.090853
2023-01-09,FLOW,988.0,43960475746.77623
2023-01-10,FLOW,1010.0,17496973727.12167
2023-01-11,FLOW,1025.0,16362887597.572653
2023-01-12,FLOW,1090.0,58724846147.943596
2023-01-13,FLOW,1160.0,39325378151.59683
2023-01-14,FLOW,1270.0,80137429357.89745
2023-01-15,FLOW,1345.0,107624207814.47615
2023-01-16,FLOW,1340.0,41067758557.341896
2023-01-17,FLOW,1310.0,19254011194.950695
2023-01-18,FLOW,1210.0,28558743880.847244
2023-01-19,FLOW,1295.0,16416424104.271303
2023-01-20,FLOW,1380.0,23106864578.1637
2023-01-21,FLOW,1350.0,31263195405.775963
2023-01-22,FLOW,1490.0,84046716695.34706
2023-01-23,FLOW,1495.0,53104219642.88453
2023-01-24,FLOW,1385.0,50976582915.48043
2023-01-25,FLOW,1425.0,28066083614.279892
2023-01-26,FLOW,1420.0,22989473753.16502
2023-01-27,FLOW,1430.0,18296790411.06472
2023-01-28,FLOW,1405.0,19640670759.037872
2023-01-29,FLOW,1435.0,11158950083.476152
2023-01-30,FLOW,1300.0,16716536460.146458
2023-01-31,FLOW,1355.0,12667958694.271925
2023-02-01,FLOW,1410.0,18374065727.738724
2023-02-02,FLOW,1410.0,19596025253.977863
2023-02-03,FLOW,1495.0,24865303252.10156
2023-02-04,FLOW,1495.0,18814669845.509834
2023-02-05,FLOW,1435.0,33801594691.03604
2023-02-06,FLOW,1435.0,19866916567.31746
2023-02-07,FLOW,1515.0,20220524252.78206
2023-02-08,FLOW,1555.0,58424877182.95203
2023-02-09,FLOW,1385.0,25227303932.998127
2023-02-10,FLOW,1385.0,13114819326.6096
2023-02-11,FLOW,1405.0,6540948931.426065
2023-02-12,FLOW,1380.0,8730303642.641172
2023-02-13,FLOW,1345.0,11707233205.884384
2023-02-14,FLOW,1380.0,16346275095.991734
2023-02-15,FLOW,1475.0,21784195876.833435
2023-02-16,FLOW,1435.0,35315416264.500565
2023-02-17,FLOW,1700.0,93505260300.77002
2023-02-18,FLOW,1690.0,67111389762.79569
2023-02-19,FLOW,1740.0,37050670908.16306
2023-02-20,FLOW,1790.0,63832654829.28741
2023-02-21,FLOW,1710.0,46327977303.59931
2023-02-22,FLOW,1675.0,43844705285.36977
2023-02-23,FLOW,1645.0,22176438216.226444
2023-02-24,FLOW,1575.0,27468780284.748898
2023-02-25,FLOW,1625.0,54381639973.98971
2023-02-26,FLOW,1625.0,12676573668.972557
2023-02-27,FLOW,1615.0,17267874118.294094
2023-02-28,FLOW,1555.0,10760905453.486547
2023-03-01,FLOW,1575.0,13316664217.233622
2023-03-02,FLOW,1515.0,20047067988.94165
2023-03-03,FLOW,1435.0,20300546750.782497
2023-03-04,FLOW,1410.0,7920813555.420621
2023-03-05,FLOW,1405.0,6407964423.160978
2023-03-06,FLOW,1395.0,15161790000.64395
2023-03-07,FLOW,1345.0,11901065739.200466
2023-03-08,FLOW,1270.0,11224339923.469412
2023-03-09,FLOW,1210.0,13709993802.838634
2023-03-10,FLOW,1200.0,18807382398.254665
2023-03-11,FLOW,1175.0,11152591992.835157
2023-03-12,FLOW,1235.0,11153405149.539377
2023-03-13,FLOW,1295.0,21827748278.319077
2023-03-14,FLOW,1365.0,23656844725.701572
2023-03-15,FLOW,1290.0,18792216301.46193
2023-03-16,FLOW,1325.0,8483504098.740277
2023-03-17,FLOW,1415.0,16454192896.776901
2023-03-18,FLOW,1385.0,16506649992.294674
2023-03-19,FLOW,1435.0,17939800700.123806
2023-03-20,FLOW,1395.0,18898777543.528114
2023-03-21,FLOW,1415.0,119158389012.23262
2023-03-22,FLOW,1345.0,24531722460.356255
2023-03-23,FLOW,1350.0,17663383335.417774
2023-03-24,FLOW,1310.0,12907039151.871645
2023-03-25,FLOW,1285.0,8869435113.999075
2023-03-26,FLOW,1300.0,6914699156.401426
2023-03-27,FLOW,1225.0,14126792258.93803
2023-03-28,FLOW,1245.0,11047352346.379286
2023-03-29,FLOW,1310.0,19679629782.742584
2023-03-30,FLOW,1280.0,13642167933.581837
2023-03-31,FLOW,1315.0,10276448444.526207
2023-04-01,FLOW,1320.0,7706649111.416218
2023-04-02,FLOW,1285.0,8208685190.682876
2023-04-03,FLOW,1290.0,14263865742.510248
2023-04-04,FLOW,1295.0,9204907517.615498
2023-04-05,FLOW,1335.0,16462662312.964464
2023-04-06,FLOW,1345.0,34586929787.637535
2023-04-07,FLOW,1315.0,12087917081.293596
2023-04-08,FLOW,1300.0,7767431542.448786
2023-04-09,FLOW,1300.0,9272953616.568447
2023-04-10,FLOW,1315.0,7814440069.571439
2023-04-11,FLOW,1315.0,8965485548.88536
2023-04-12,FLOW,1310.0,12339161710.734715
2023-04-13,FLOW,1335.0,7624687786.567039
2023-04-14,FLOW,1375.0,14330750859.341825
2023-04-15,FLOW,1390.0,8470797098.148472
2023-04-16,FLOW,1390.0,8290974326.170856
2023-04-17,FLOW,1360.0,12053075087.475834
2023-04-18,FLOW,1375.0,9948596991.34576
2023-04-19,FLOW,1270.0,16610298658.415592
2023-04-20,FLOW,1250.0,12768838453.26435
2023-04-21,FLOW,1205.0,11014053011.479853
2023-04-22,FLOW,1235.0,6829511001.484925
2023-04-23,FLOW,1210.0,4220498865.597896
2023-04-24,FLOW,1220.0,36899304111.7989
2023-04-25,FLOW,1220.0,21066476346.80571
2023-04-26,FLOW,1185.0,14977895937.404148
2023-04-27,FLOW,1200.0,7438298823.344508
2023-04-28,FLOW,1210.0,5383251226.743567
2023-04-29,FLOW,1205.0,2633242104.4230957
2023-04-30,FLOW,1195.0,3606680275.4929624
2023-05-01,FLOW,1145.0,9034989649.919273
2023-05-02,FLOW,1155.0,5227296522.133686
2023-05-03,FLOW,1160.0,8091274265.352585
2023-05-04,FLOW,1180.0,14151229335.458244
2023-05-05,FLOW,1165.0,6519671384.055468
2023-05-06,FLOW,1140.0,6245638676.020486
2023-05-07,FLOW,1125.0,3232886304.373841
2023-05-08,FLOW,1040.0,12393043918.967026
2023-05-09,FLOW,1050.0,7229145948.6914215
2023-05-10,FLOW,1055.0,6710721760.364917
2023-05-11,FLOW,1015.0,5703712773.581313
2023-05-12,FLOW,1025.0,8492374455.223556
2023-05-13,FLOW,1020.0,2402687011.680807
2023-05-14,FLOW,1020.0,2392061703.9707737
2023-05-15,FLOW,1030.0,4049324684.0918818
2023-05-16,FLOW,1030.0,2900373636.2968845
2023-05-17,FLOW,1065.0,12179311668.153126
2023-05-18,FLOW,1050.0,4387405432.69645
2023-05-19,FLOW,1045.0,2677695802.8127933
2023-05-20,FLOW,1040.0,2312106490.776015
2023-05-21,FLOW,1005.0,4351144032.111011
2023-05-22,FLOW,1020.0,5436092845.400864
2023-05-23,FLOW,1030.0,4327850125.149682
2023-05-24,FLOW,996.0,5419929686.489135
2023-05-25,FLOW,1000.0,5593359483.79434
2023-05-26,FLOW,1005.0,2856283175.946636
2023-05-27,FLOW,1005.0,3294553674.0050626
2023-05-28,FLOW,1025.0,3201402388.213385
2023-05-29,FLOW,1010.0,4447578099.131696
2023-05-30,FLOW,996.0,5102224333.186003
2023-05-31,FLOW,969.0,7867786693.094167
2023-06-01,FLOW,962.0,6646931422.566086
2023-06-02,FLOW,965.0,8847404093.22956
2023-06-03,FLOW,963.0,5156261605.833226
2023-06-04,FLOW,967.0,4725311941.9929905
2023-06-05,FLOW,886.0,17768539330.3401
2023-06-06,FLOW,889.0,11617338260.03004
2023-06-07,FLOW,835.0,9509022922.409906
2023-06-08,FLOW,826.0,6965268159.772478
2023-06-09,FLOW,805.0,6223465133.7994375
2023-06-10,FLOW,674.0,25236789658.218353
2023-06-11,FLOW,670.0,5678368533.528843
2023-06-12,FLOW,655.0,8684382850.507246
2023-06-13,FLOW,642.0,7858974740.075634
2023-06-14,FLOW,602.0,12417212487.67686
2023-06-15,FLOW,603.0,12376293963.520441
2023-06-16,FLOW,613.0,7209254047.425845
2023-06-17,FLOW,615.0,6544096503.660996
2023-06-18,FLOW,601.0,6007608251.968054
2023-06-19,FLOW,605.0,5520633732.107725
2023-06-20,FLOW,619.0,15070323737.960125
2023-06-21,FLOW,729.0,169718179940.94144
2023-06-22,FLOW,715.0,145227836382.7236
2023-06-23,FLOW,754.0,64204720459.44772
2023-06-24,FLOW,769.0,33323221753.77717
2023-06-25,FLOW,756.0,20184472420.3309
2023-06-26,FLOW,720.0,17904467858.658165
2023-06-27,FLOW,719.0,14718751748.062641
2023-06-28,FLOW,679.0,33822346533.33983
2023-06-29,FLOW,688.0,18666045073.82332
2023-06-30,FLOW,723.0,34359868312.53516
2023-07-01,FLOW,943.0,293606065532.8559
2023-07-02,FLOW,954.0,323433571224.74585
2023-07-03,FLOW,915.0,230030319899.43405
2023-07-04,FLOW,849.0,54193740701.565285
2023-07-05,FLOW,815.0,38251637214.64135
2023-07-06,FLOW,831.0,105857984951.15146
2023-07-07,FLOW,816.0,26326366260.55323
2023-07-08,FLOW,800.0,17870858298.272522
2023-07-09,FLOW,805.0,25350269942.90723
2023-07-10,FLOW,795.0,19769218568.21292
2023-07-11,FLOW,792.0,26905072331.044155
2023-07-12,FLOW,770.0,16398581226.23601
2023-07-13,FLOW,814.0,32697755992.97146
2023-07-14,FLOW,795.0,49656608521.99959
2023-07-15,FLOW,783.0,14907687617.610897
2023-07-16,FLOW,787.0,49745991431.17593
2023-07-17,FLOW,801.0,38713799736.18625
2023-07-18,FLOW,821.0,115968236139.22836
2023-07-19,FLOW,829.0,56378183216.91117
2023-07-20,FLOW,822.0,29127956715.77212
2023-07-21,FLOW,823.0,20488759724.375713
2023-07-22,FLOW,810.0,13617332355.903202
2023-07-23,FLOW,802.0,19271093086.64306
2023-07-24,FLOW,767.0,23020991588.396862
2023-07-25,FLOW,763.0,16773765770.942102
2023-07-26,FLOW,766.0,14035920943.591526
2023-07-27,FLOW,755.0,6517774092.990509
2023-07-28,FLOW,757.0,9744104633.637266
2023-07-29,FLOW,766.0,7290137944.041905
2023-07-30,FLOW,759.0,29610209958.222397
2023-07-31,FLOW,754.0,7993511304.717563
2023-08-01,FLOW,768.0,13737278359.063255
2023-08-02,FLOW,757.0,11947711044.511547
2023-08-03,FLOW,744.0,7950241651.679015
2023-08-04,FLOW,736.0,7547808030.717137
2023-08-05,FLOW,736.0,6043297914.605935
2023-08-06,FLOW,736.0,7380901665.6359005
2023-08-07,FLOW,724.0,8301775348.937846
2023-08-08,FLOW,743.0,6977211313.54599
2023-08-09,FLOW,736.0,5451628765.358536
2023-08-10,FLOW,740.0,3333382949.714705
2023-08-11,FLOW,743.0,3320142149.2548437
2023-08-12,FLOW,746.0,2796318397.255358
2023-08-13,FLOW,743.0,4850674885.311998
2023-08-14,FLOW,740.0,4407278477.500872
2023-08-15,FLOW,704.0,6622606200.123444
2023-08-16,FLOW,660.0,10097926226.536018
2023-08-17,FLOW,613.0,11062340901.19311
2023-08-18,FLOW,627.0,7073976214.743004
2023-08-19,FLOW,640.0,3672208880.969984
2023-08-20,FLOW,644.0,10692419348.59868
2023-08-21,FLOW,630.0,5496549268.743036
2023-08-22,FLOW,625.0,4525232485.810312
2023-08-23,FLOW,634.0,4403287317.433548
2023-08-24,FLOW,621.0,3815389876.0761876
2023-08-25,FLOW,615.0,4832946427.3123045
2023-08-26,FLOW,613.0,1621590546.202669
2023-08-27,FLOW,616.0,1909783733.6203473
2023-08-28,FLOW,616.0,4360818626.529085
2023-08-29,FLOW,643.0,8599384655.216839
2023-08-30,FLOW,629.0,11071973816.232172
2023-08-31,FLOW,600.0,5937831046.639734
2023-09-01,FLOW,590.0,5648262625.865148
2023-09-02,FLOW,585.0,5325784150.019984
2023-09-03,FLOW,585.0,3768596284.6001515
2023-09-04,FLOW,594.0,6629177941.864059
2023-09-05,FLOW,595.0,4476226428.91541
2023-09-06,FLOW,594.0,4698723185.995781
2023-09-07,FLOW,598.0,3002347428.6904755
2023-09-08,FLOW,592.0,2926831230.737918
2023-09-09,FLOW,590.0,1892544828.8934875
2023-09-10,FLOW,570.0,6146537951.288079
2023-09-11,FLOW,546.0,8207549236.411685
2023-09-12,FLOW,555.0,4335554503.092454
2023-09-13,FLOW,566.0,2930784837.109182
2023-09-14,FLOW,576.0,5664019123.989372
2023-09-15,FLOW,583.0,4766242027.243026
2023-09-16,FLOW,637.0,53570463926.20561
2023-09-17,FLOW,588.0,13736955655.383978
2023-09-18,FLOW,603.0,17379036069.442616
2023-09-19,FLOW,604.0,6675452945.1055155
2023-09-20,FLOW,604.0,5525331913.162464
2023-09-21,FLOW,600.0,18799613384.354958
2023-09-22,FLOW,602.0,4524078823.969964
2023-09-23,FLOW,610.0,6516906134.168101
2023-09-24,FLOW,597.0,5602679664.499831
2023-09-25,FLOW,603.0,15350536960.884573
2023-09-26,FLOW,602.0,4833078227.829327
2023-09-27,FLOW,603.0,4339705570.333827
2023-09-28,FLOW,608.0,3140733205.266406
2023-09-29,FLOW,617.0,5345409095.575808
2023-09-30,FLOW,622.0,4607941251.172366
2023-10-01,FLOW,635.0,5546097846.511365
2023-10-02,FLOW,612.0,8173949140.937937
2023-10-03,FLOW,603.0,6808110716.278068
2023-10-04,FLOW,591.0,6254353878.500482
2023-10-05,FLOW,585.0,4071560708.2675357
2023-10-06,FLOW,596.0,3579442080.0634484
2023-10-07,FLOW,607.0,8726376777.293419
2023-10-08,FLOW,598.0,3815022469.602381
2023-10-09,FLOW,572.0,7852915606.941749
2023-10-10,FLOW,581.0,7126124260.254748
2023-10-11,FLOW,574.0,4260022940.300018
2023-10-12,FLOW,571.0,2793305990.606024
2023-10-13,FLOW,580.0,3418091135.3255267
2023-10-14,FLOW,625.0,130842825619.0791
2023-10-15,FLOW,617.0,63504323477.94674
2023-10-16,FLOW,619.0,17773775166.087814
2023-10-17,FLOW,611.0,8668341746.026653
2023-10-18,FLOW,590.0,7189286796.99785
2023-10-19,FLOW,579.0,8352669267.708663
2023-10-20,FLOW,603.0,7677462008.42557
2023-10-21,FLOW,619.0,5088277859.470906
2023-10-22,FLOW,614.0,4747651258.768558
2023-10-23,FLOW,652.0,10409017908.33824
2023-10-24,FLOW,707.0,54789477671.702126
2023-10-25,FLOW,700.0,15379590055.22723
2023-10-26,FLOW,691.0,28932752182.789078
2023-10-27,FLOW,713.0,29837381286.511467
2023-10-28,FLOW,727.0,13386585024.696358
2023-10-29,FLOW,737.0,17841852171.865986
2023-10-30,FLOW,736.0,17418577807.05014
2023-10-31,FLOW,712.0,16049315207.665844
2023-11-01,FLOW,729.0,11694935080.993353
2023-11-02,FLOW,705.0,23202094108.129715
2023-11-03,FLOW,700.0,15497933157.084778
2023-11-04,FLOW,723.0,10375940090.03414
2023-11-05,FLOW,774.0,73816017641.79863
2023-11-06,FLOW,802.0,28138495328.602688
2023-11-07,FLOW,806.0,42051337253.06707
2023-11-08,FLOW,838.0,45907199142.96042
2023-11-09,FLOW,822.0,38489124316.68691
2023-11-10,FLOW,848.0,26580753647.385315
2023-11-11,FLOW,872.0,23508504676.660812
2023-11-12,FLOW,935.0,117351228681.28531
2023-11-13,FLOW,882.0,27915850767.411785
2023-11-14,FLOW,910.0,79679733238.04243
2023-11-15,FLOW,935.0,21963922477.904568
2023-11-16,FLOW,899.0,50105410850.48812
2023-11-17,FLOW,893.0,17193157917.937252
2023-11-18,FLOW,916.0,14288884153.653913
2023-11-19,FLOW,924.0,8588167068.333607
2023-11-20,FLOW,905.0,18893730753.65012
2023-11-21,FLOW,808.0,15872255595.562078
2023-11-22,FLOW,857.0,10704587485.600756
2023-11-23,FLOW,847.0,8684203936.527277
2023-11-24,FLOW,867.0,6744226628.846822
2023-11-25,FLOW,913.0,33155937477.199333
2023-11-26,FLOW,921.0,18353735844.865005
2023-11-27,FLOW,892.0,26490146579.40007
2023-11-28,FLOW,890.0,10113816247.744448
2023-11-29,FLOW,874.0,9485819131.336628
2023-11-30,FLOW,875.0,6717423556.635838
2023-12-01,FLOW,902.0,8782419731.999058
2023-12-02,FLOW,919.0,8024325868.720802
2023-12-03,FLOW,918.0,10429496870.371502
2023-12-04,FLOW,981.0,35901663676.17101
2023-12-05,FLOW,1105.0,179229006124.1369
2023-12-06,FLOW,1045.0,37274666722.56395
2023-12-07,FLOW,1075.0,25462557102.16913
2023-12-08,FLOW,1110.0,17867598087.320675
2023-12-09,FLOW,1165.0,60077037585.816086
2023-12-10,FLOW,1145.0,27106444129.356876
2023-12-11,FLOW,1060.0,33312887413.531906
2023-12-12,FLOW,1080.0,18210371417.728245
2023-12-13,FLOW,1085.0,21167064098.880714
2023-12-14,FLOW,1110.0,14196752796.582102
2023-12-15,FLOW,1035.0,10436433037.717733
2023-12-16,FLOW,1090.0,14305469099.535091
2023-12-17,FLOW,1070.0,11832838625.204233
2023-12-18,FLOW,1060.0,24997386001.322617
2023-12-19,FLOW,1060.0,17062065845.929918
2023-12-20,FLOW,1145.0,28444665674.136642
2023-12-21,FLOW,1240.0,66622804150.88952
2023-12-22,FLOW,1255.0,59133322813.57454
2023-12-23,FLOW,1235.0,17105553835.257471
2023-12-24,FLOW,1255.0,31254470321.654182
2023-12-25,FLOW,1320.0,59405844584.521706
2023-12-26,FLOW,1275.0,50877534253.240456
2023-12-27,FLOW,1300.0,30632277936.04608
2023-12-28,FLOW,1230.0,26881698169.216137
2023-12-29,FLOW,1220.0,26521597014.67693
2023-12-30,FLOW,1190.0,11923772303.354628
2023-12-31,FLOW,1225.0,18277167162.410473
2024-01-01,FLOW,1270.0,19712293123.22106
2024-01-02,FLOW,1230.0,22533818496.935722
2024-01-03,FLOW,1130.0,44029722572.39487
2024-01-04,FLOW,1150.0,32327723923.297905
2024-01-05,FLOW,1090.0,14936468788.94002
2024-01-06,FLOW,1110.0,14763270133.553576
2024-01-07,FLOW,1030.0,14321348939.030018
2024-01-08,FLOW,1105.0,29416069456.42021
2024-01-09,FLOW,1030.0,18025052842.78046
2024-01-10,FLOW,1110.0,25302507952.591965
2024-01-11,FLOW,1205.0,50589171905.43663
2024-01-12,FLOW,1150.0,39011326599.472694
2024-01-13,FLOW,1165.0,21985141687.132607
2024-01-14,FLOW,1115.0,10529004554.185755
2024-01-15,FLOW,1130.0,9283790979.968647
2024-01-16,FLOW,1170.0,11877875596.900509
2024-01-17,FLOW,1130.0,9533973539.107111
2024-01-18,FLOW,1085.0,11723143336.291327
2024-01-19,FLOW,1080.0,12601942744.819748
2024-01-20,FLOW,1085.0,4465788021.392744
2024-01-21,FLOW,1085.0,6992983042.366303
2024-01-22,FLOW,1020.0,29750854955.45834
2024-01-23,FLOW,1015.0,25723988697.16233
2024-01-24,FLOW,1035.0,11552188992.060244
2024-01-25,FLOW,1000.0,8859793227.1686
2024-01-26,FLOW,1040.0,9792563192.721785
2024-01-27,FLOW,1060.0,4207292474.11248
2024-01-28,FLOW,1019.0,5722685552.412565
2024-01-29,FLOW,1046.0,5674758375.102978
2024-01-30,FLOW,1015.0,8357749064.186767
2024-01-31,FLOW,985.2,10060225981.823103
2024-02-01,FLOW,998.0,6146642030.782482
2024-02-02,FLOW,1020.0,4640184685.01874
2024-02-03,FLOW,1026.0,3743179518.583923
2024-02-04,FLOW,983.5,4643156170.988047
2024-02-05,FLOW,992.2,6278191643.047666
2024-02-06,FLOW,1002.0,4643931554.184199
2024-02-07,FLOW,1012.0,5477707704.279187
2024-02-08,FLOW,1082.0,14184854547.741676
2024-02-09,FLOW,1095.0,16291775757.568312
2024-02-10,FLOW,1124.0,22594671981.88886
2024-02-11,FLOW,1110.0,8645098958.47012
2024-02-12,FLOW,1140.0,13386529139.763493
2024-02-13,FLOW,1164.0,42086225198.67017
2024-02-14,FLOW,1257.0,44371832032.33703
2024-02-15,FLOW,1317.0,82611542083.3394
2024-02-16,FLOW,1322.0,37674607566.81895
2024-02-17,FLOW,1292.0,20526906782.464127
2024-02-18,FLOW,1328.0,14252384989.594074
2024-02-19,FLOW,1331.0,15572178067.21353
2024-02-20,FLOW,1283.0,21267015588.803368
2024-02-21,FLOW,1234.0,15225087593.542051
2024-02-22,FLOW,1338.0,25331894218.11966
2024-02-23,FLOW,1409.0,52427184679.39807
2024-02-24,FLOW,1382.0,52719903763.90038
2024-02-25,FLOW,1414.0,22354535802.04364
2024-02-26,FLOW,1440.0,50659545968.4292
2024-02-27,FLOW,1483.0,54568930899.03329
2024-02-28,FLOW,1480.0,49689982660.65965
2024-02-29,FLOW,1497.0,51956359847.8538
2024-03-01,FLOW,1586.0,39719187471.064705
2024-03-02,FLOW,1683.0,62528122137.8689
2024-03-03,FLOW,1690.0,47931332186.22041
2024-03-04,FLOW,1722.0,60872360608.03083
2024-03-05,FLOW,1611.0,67227227763.98363
2024-03-06,FLOW,1717.0,47096782066.57994
2024-03-07,FLOW,1880.0,193015117829.3853
2024-03-08,FLOW,1889.0,44997991734.99492
2024-03-09,FLOW,1936.0,50252736170.15235
2024-03-10,FLOW,2022.0,73312848244.38925
2024-03-11,FLOW,2119.0,102708820426.56154
2024-03-12,FLOW,2329.0,185144647992.0763
2024-03-13,FLOW,2285.0,65056215860.902855
2024-03-14,FLOW,2204.0,73732063408.95047
2024-03-15,FLOW,2047.0,94891808871.01671
2024-03-16,FLOW,1881.0,50027746429.137566
2024-03-17,FLOW,1991.0,58112371877.67297
2024-03-18,FLOW,1889.0,43291564607.62298
2024-03-19,FLOW,1795.0,101263089165.03087
2024-03-20,FLOW,1959.0,60795138052.946266
2024-03-21,FLOW,1906.0,35043346524.24953
2024-03-22,FLOW,1839.0,29424854870.039604
2024-03-23,FLOW,1843.0,17038919155.019651
2024-03-24,FLOW,1881.0,32936842233.653496
2024-03-25,FLOW,1957.0,35878078608.72802
2024-03-26,FLOW,2063.0,39967301528.167496
2024-03-27,FLOW,1993.0,51854807202.07827
2024-03-28,FLOW,1992.0,32677033850.897095
2024-03-29,FLOW,1938.0,23040908115.181828
2024-03-30,FLOW,1870.0,17056178158.694208
2024-03-31,FLOW,1907.0,13772465775.028053
2024-04-01,FLOW,1811.0,24858477995.86701
2024-04-02,FLOW,1707.0,25557102814.90054
2024-04-03,FLOW,1720.0,18275904291.302933
2024-04-04,FLOW,1791.0,16991506598.916002
2024-04-05,FLOW,1807.0,18335367827.33726
2024-04-06,FLOW,1801.0,8542268365.359813
2024-04-07,FLOW,1791.0,6056917353.749193
2024-04-08,FLOW,1872.0,16894067528.225012
2024-04-09,FLOW,1794.0,14751998455.129578
2024-04-10,FLOW,1745.0,14595744791.174145
2024-04-11,FLOW,1708.0,14170630165.965618
2024-04-12,FLOW,1519.0,26752832901.550316
2024-04-13,FLOW,1330.0,32683808370.802223
2024-04-14,FLOW,1407.0,22652745643.11388
2024-04-15,FLOW,1338.0,17922119735.250084
2024-04-16,FLOW,1320.0,19520395663.960846
2024-04-17,FLOW,1263.0,14153504067.787315
2024-04-18,FLOW,1291.0,12817688903.80359
2024-04-19,FLOW,1285.0,15256725614.618711
2024-04-20,FLOW,1375.0,10814903070.906414
2024-04-21,FLOW,1355.0,9228070550.87196
2024-04-22,FLOW,1397.0,12041643846.11793
2024-04-23,FLOW,1376.0,9767215678.397543
2024-04-24,FLOW,1359.0,35913098437.68647
2024-04-25,FLOW,1331.0,19344855052.840153
2024-04-26,FLOW,1302.0,8564394725.152707
2024-04-27,FLOW,1309.0,9989405444.192453
2024-04-28,FLOW,1285.0,6481009325.2770405
2024-04-29,FLOW,1286.0,10677451258.356989
2024-04-30,FLOW,1206.0,14911428817.093233
2024-05-01,FLOW,1219.0,16291518986.004562
2024-05-02,FLOW,1226.0,7762762370.546426
2024-05-03,FLOW,1291.0,10220215528.383217
2024-05-04,FLOW,1284.0,6238924585.972712
2024-05-05,FLOW,1286.0,4514623160.263133
2024-05-06,FLOW,1251.0,8810734588.729124
2024-05-07,FLOW,1232.0,6344462691.014929
2024-05-08,FLOW,1224.0,11580478803.562857
2024-05-09,FLOW,1272.0,6434018259.130814
2024-05-10,FLOW,1218.0,9700884404.315836
2024-05-11,FLOW,1193.0,5646457791.91737
2024-05-12,FLOW,1176.0,4212898499.971965
2024-05-13,FLOW,1187.0,8907804003.934416
2024-05-14,FLOW,1145.0,5372362882.949611
2024-05-15,FLOW,1207.0,9506495117.08648
2024-05-16,FLOW,1210.0,5471172382.031115
2024-05-17,FLOW,1244.0,5267223653.217043
2024-05-18,FLOW,1264.0,3939408584.501121
2024-05-19,FLOW,1205.0,4359615279.449887
2024-05-20,FLOW,1299.0,9017535421.551233
2024-05-21,FLOW,1330.0,7121215673.496169
2024-05-22,FLOW,1297.0,5685947388.635151
2024-05-23,FLOW,1292.0,7736758113.56379
2024-05-24,FLOW,1308.0,5464441251.333191
2024-05-25,FLOW,1317.0,3752328073.4469414
2024-05-26,FLOW,1286.0,4590145735.335286
2024-05-27,FLOW,1330.0,5362762739.472288
2024-05-28,FLOW,1298.0,5154834735.627423
2024-05-29,FLOW,1268.0,5451390236.474968
2024-05-30,FLOW,1233.0,5668380111.43522
2024-05-31,FLOW,1224.0,3855552162.7197037
2024-06-01,FLOW,1248.0,1849166209.184374
2024-06-02,FLOW,1232.0,3300767718.92422
2024-06-03,FLOW,1220.0,6720348652.705583
2024-06-04,FLOW,1262.0,4808940817.98475
2024-06-05,FLOW,1296.0,4350787827.490413
2024-06-06,FLOW,1275.0,3626452657.8055067
2024-06-07,FLOW,1204.0,7167289175.328802
2024-06-08,FLOW,1140.0,8460843635.858896
2024-06-09,FLOW,1134.0,4393756920.062738
2024-06-10,FLOW,1097.0,5015297606.928101
2024-06-11,FLOW,1061.0,6935528577.306945
2024-06-12,FLOW,1096.0,6622476860.176134
2024-06-13,FLOW,1037.0,4296550157.257999
2024-06-14,FLOW,1005.0,6729581794.984951
2024-06-15,FLOW,1010.0,3061055492.003093
2024-06-16,FLOW,1017.0,3405025207.211345
2024-06-17,FLOW,925.4,10538644832.841154
2024-06-18,FLOW,843.2,10560653374.605776
2024-06-19,FLOW,881.4,4946945014.007888
2024-06-20,FLOW,897.8,5372608236.898478
2024-06-21,FLOW,889.0,3505984866.2046156
2024-06-22,FLOW,883.8,1677871002.8563006
2024-06-23,FLOW,868.1,1798621534.7474687
2024-06-24,FLOW,883.7,5968960025.650321
2024-06-25,FLOW,905.5,3567994176.781061
2024-06-26,FLOW,870.0,3077231116.366744
2024-06-27,FLOW,880.0,2621858613.344256
2024-06-28,FLOW,862.9,4030554075.519677
2024-06-29,FLOW,852.3,2591932702.192859
2024-06-30,FLOW,885.1,2740208555.956053
2024-07-01,FLOW,869.7,3170671469.303009
2024-07-02,FLOW,876.1,2204877535.6524377
2024-07-03,FLOW,850.2,3411573285.2677455
2024-07-04,FLOW,766.3,6451395185.766838
2024-07-05,FLOW,730.1,11660749586.835848
2024-07-06,FLOW,772.3,3733423420.2672305
2024-07-07,FLOW,719.0,2993644661.9678326
2024-07-08,FLOW,745.0,4783636893.197577
2024-07-09,FLOW,770.5,3425486436.9205985
2024-07-10,FLOW,783.3,2705973029.906469
2024-07-11,FLOW,771.3,2912920572.1612167
2024-07-12,FLOW,784.4,2300432789.7806926
2024-07-13,FLOW,802.4,2264818556.1109753
2024-07-14,FLOW,818.6,2892252827.282859
2024-07-15,FLOW,876.1,4536755047.576441
2024-07-16,FLOW,861.4,4952621815.105478
2024-07-17,FLOW,856.9,4789558504.708651
2024-07-18,FLOW,852.4,6049957688.348151
2024-07-19,FLOW,894.9,4492601957.102835
2024-07-20,FLOW,908.1,2517472220.837757
2024-07-21,FLOW,911.8,3412837475.483201
2024-07-22,FLOW,875.9,2767451043.23127
2024-07-23,FLOW,839.9,3208830454.6416826
2024-07-24,FLOW,935.8,59444303015.51918
2024-07-25,FLOW,891.3,18616267924.052094
2024-07-26,FLOW,942.9,26281213321.19519
2024-07-27,FLOW,939.8,7199673083.635664
2024-07-28,FLOW,919.2,6758204738.652779
2024-07-29,FLOW,929.8,5083434157.491196
2024-07-30,FLOW,956.0,15731728403.487465
2024-07-31,FLOW,939.2,12565683940.231825
2024-08-01,FLOW,981.4,15875835492.184689
2024-08-02,FLOW,854.7,12222150135.969105
2024-08-03,FLOW,794.0,9551060251.828636
2024-08-04,FLOW,746.0,5808777789.692595
2024-08-05,FLOW,732.9,18408573386.527435
2024-08-06,FLOW,746.4,6746108094.729164
2024-08-07,FLOW,726.5,5259034017.899525
2024-08-08,FLOW,786.4,4990840730.830899
2024-08-09,FLOW,781.5,3586135973.9082685
2024-08-10,FLOW,794.3,1868196048.3204224
2024-08-11,FLOW,745.5,3423164992.559519
2024-08-12,FLOW,776.7,3944020802.0040884
2024-08-13,FLOW,781.4,2661972946.470839
2024-08-14,FLOW,766.0,2498188783.1548576
2024-08-15,FLOW,740.5,2181502388.3714266
2024-08-16,FLOW,738.7,2647498235.7895975
2024-08-17,FLOW,742.9,1264629560.0859475
2024-08-18,FLOW,733.0,1512685559.243134
2024-08-19,FLOW,737.1,1826585778.8795762
2024-08-20,FLOW,747.3,2434126419.221876
2024-08-21,FLOW,776.5,2921008623.0268726
2024-08-22,FLOW,787.1,2241652486.4020367
2024-08-23,FLOW,815.7,2842220743.3513184
2024-08-24,FLOW,821.0,2446462519.9625406
2024-08-25,FLOW,801.5,6699412692.103758
2024-08-26,FLOW,770.1,5607370965.021724
2024-08-27,FLOW,743.0,3268641354.7599835
2024-08-28,FLOW,732.5,3255543007.5859857
2024-08-29,FLOW,750.9,1735621039.9208887
2024-08-30,FLOW,756.4,1990755115.632376
2024-08-31,FLOW,754.6,975447929.814811
2024-09-01,FLOW,722.9,2121657213.4743345
2024-09-02,FLOW,770.0,3269190481.7655697
2024-09-03,FLOW,745.2,9000312589.353312
2024-09-04,FLOW,754.3,5016397688.440897
2024-09-05,FLOW,722.8,3256466056.4945507
2024-09-06,FLOW,703.7,3572866423.0834656
2024-09-07,FLOW,704.8,1645942711.4369957
2024-09-08,FLOW,710.4,1912315641.4954455
2024-09-09,FLOW,729.2,2412216927.772746
2024-09-10,FLOW,732.2,2181801966.139793
2024-09-11,FLOW,738.0,2805967455.0647464
2024-09-12,FLOW,752.4,2323262149.4791775
2024-09-13,FLOW,754.0,2125159682.109252
2024-09-14,FLOW,751.0,1539169540.2213025
2024-09-15,FLOW,729.6,1632091718.8525171
2024-09-16,FLOW,709.7,2106922441.979252
2024-09-17,FLOW,719.3,1366136372.719644
2024-09-18,FLOW,731.9,2676926970.0438895
2024-09-19,FLOW,759.6,3757774153.656416
2024-09-20,FLOW,774.4,3915680483.377192
2024-09-21,FLOW,792.7,3445728573.998758
2024-09-22,FLOW,770.0,2615247749.573559
2024-09-23,FLOW,788.3,2814561195.5377464
2024-09-24,FLOW,802.2,3071147737.958989
2024-09-25,FLOW,805.0,5222600689.723407
2024-09-26,FLOW,822.2,4125963216.7034326
2024-09-27,FLOW,830.9,2464877827.307156
2024-09-28,FLOW,811.8,3112512393.8119173
2024-09-29,FLOW,806.6,3002261534.488124
2024-09-30,FLOW,768.1,3640131658.203187
2024-10-01,FLOW,724.0,5202601633.573229
2024-10-02,FLOW,715.7,3951186360.1055956
2024-10-03,FLOW,715.2,2900359103.9113903
2024-10-04,FLOW,735.9,2314770341.6622133
2024-10-05,FLOW,746.2,1846816780.3120027
2024-10-06,FLOW,744.2,2492289095.9305205
2024-10-07,FLOW,726.5,2964072222.4835906
2024-10-08,FLOW,727.7,1937376831.6491158
2024-10-09,FLOW,716.0,1934783608.284202
2024-10-10,FLOW,711.6,2120018530.997598
2024-10-11,FLOW,734.1,1998510215.150941
2024-10-12,FLOW,743.7,1460693918.2254684
2024-10-13,FLOW,733.9,1223442644.253911
2024-10-14,FLOW,758.0,2488469686.751576
2024-10-15,FLOW,755.8,3396894088.942282
2024-10-16,FLOW,749.1,2359193468.573723
2024-10-17,FLOW,728.4,2365475823.248703
2024-10-18,FLOW,759.8,2107337898.2870219
2024-10-19,FLOW,766.0,5252626044.065307
2024-10-20,FLOW,806.7,4706348779.722665
2024-10-21,FLOW,781.0,3408364649.5121765
2024-10-22,FLOW,782.0,2857470467.9525084
2024-10-23,FLOW,749.5,3038239784.3762956
2024-10-24,FLOW,756.2,2542346597.3648562
2024-10-25,FLOW,722.1,2912923221.0721455
2024-10-26,FLOW,718.7,1721002455.5008337
2024-10-27,FLOW,720.0,1233406949.9778433
2024-10-28,FLOW,727.9,2850924586.237669
2024-10-29,FLOW,758.0,2252660904.8145576
2024-10-30,FLOW,754.5,1678691217.5737422
2024-10-31,FLOW,716.0,2996767264.817819
2024-11-01,FLOW,712.0,2662878279.480245
2024-11-02,FLOW,708.8,2126223560.3000257
2024-11-03,FLOW,675.0,3752561524.0747724
2024-11-04,FLOW,663.8,3273285829.1416364
2024-11-05,FLOW,691.9,1971803627.6658442
2024-11-06,FLOW,746.1,4759588834.7921915
2024-11-07,FLOW,742.2,3634555097.2148285
2024-11-08,FLOW,760.0,4683159018.855186
2024-11-09,FLOW,780.7,4432569799.249899
2024-11-10,FLOW,836.0,11985577022.194584
2024-11-11,FLOW,886.1,12137185698.696964
2024-11-12,FLOW,867.1,19714574244.948044
2024-11-13,FLOW,841.0,11234606437.110586
2024-11-14,FLOW,811.6,7511763671.667107
2024-11-15,FLOW,877.6,7814634191.95082
2024-11-16,FLOW,972.5,21958973771.42136
2024-11-17,FLOW,905.0,10709893669.085533
2024-11-18,FLOW,1016.0,40993564234.82033
2024-11-19,FLOW,994.2,11404588619.997574
2024-11-20,FLOW,955.1,6856196177.38202
2024-11-21,FLOW,994.6,10546565646.223982
2024-11-22,FLOW,1046.0,16150480885.89747
2024-11-23,FLOW,1191.0,35777428474.80767
2024-11-24,FLOW,1342.0,79696602543.64703
2024-11-25,FLOW,1236.0,27114630135.24915
2024-11-26,FLOW,1219.0,18450556869.3429
2024-11-27,FLOW,1257.0,12838727942.097084
2024-11-28,FLOW,1233.0,8778246971.668278
2024-11-29,FLOW,1362.0,23414536229.423428
2024-11-30,FLOW,1375.0,36394037130.28153
2024-12-01,FLOW,1403.0,29503585422.295288
2024-12-02,FLOW,1494.0,52899094460.08511
2024-12-03,FLOW,1600.0,129714405831.88281
2024-12-04,FLOW,1716.0,87685149798.02545
2024-12-05,FLOW,1627.0,38625440690.94029
2024-12-06,FLOW,1617.0,33529134009.64908
2024-12-07,FLOW,1598.0,15455823476.307194
2024-12-08,FLOW,1635.0,17255164126.322906
2024-12-09,FLOW,1355.0,40891260279.11785
2024-12-10,FLOW,1300.0,34876390193.170784
2024-12-11,FLOW,1380.0,19509809163.836555
2024-12-12,FLOW,1417.0,17982005393.567467
2024-12-13,FLOW,1408.0,12640090859.84953
2024-12-14,FLOW,1343.0,13727351210.050518
2024-12-15,FLOW,1371.0,12826908582.415697
2024-12-16,FLOW,1332.0,13424644304.769764
2024-12-17,FLOW,1275.0,13152373436.354614
2024-12-18,FLOW,1163.0,13345166841.827835
2024-12-19,FLOW,1087.0,18999803030.535316
2024-12-20,FLOW,1124.0,28096240954.485523
2024-12-21,FLOW,1074.0,16377003238.831312
2024-12-22,FLOW,1097.0,11027059612.472792
2024-12-23,FLOW,1166.0,11439117104.0688
2024-12-24,FLOW,1189.0,9849261979.1696
2024-12-25,FLOW,1143.0,8807534382.273157
2024-12-26,FLOW,1064.0,9557085978.165287
2024-12-27,FLOW,1090.0,9763290430.117352
2024-12-28,FLOW,1113.0,6020817150.305806
2024-12-29,FLOW,1056.0,7403714653.773303
2024-12-30,FLOW,1059.0,9489941077.210302
2024-12-31,FLOW,1039.0,6635561767.663981
2025-01-01,FLOW,1087.0,4942790165.692285
2025-01-02,FLOW,1105.0,5366937060.042514
2025-01-03,FLOW,1165.0,9711501949.904882
2025-01-04,FLOW,1172.0,8975086602.882652
2025-01-05,FLOW,1187.0,9572760466.905897
2025-01-06,FLOW,1229.0,11687347933.939474
2025-01-07,FLOW,1124.0,9026483729.124664
2025-01-08,FLOW,1089.0,15691895346.004105
2025-01-09,FLOW,1101.0,14563646395.879915
2025-01-10,FLOW,1129.0,9145963036.72569
2025-01-11,FLOW,1116.0,5113701752.69543
2025-01-12,FLOW,1090.0,4474655614.148253
2025-01-13,FLOW,1057.0,10958695958.047186
2025-01-14,FLOW,1086.0,5248062743.119393
2025-01-15,FLOW,1146.0,9913725160.611456
2025-01-16,FLOW,1118.0,7973277745.93249
2025-01-17,FLOW,1185.0,9411589740.916788
2025-01-18,FLOW,1116.0,8977882115.601488
2025-01-19,FLOW,1048.0,12338174339.43517
2025-01-20,FLOW,1056.0,11373796171.415968
2025-01-21,FLOW,1070.0,6771366284.536277
2025-01-22,FLOW,1034.0,4327352156.280373
2025-01-23,FLOW,1031.0,5416811710.782936
2025-01-24,FLOW,1014.0,5412241010.944363
2025-01-25,FLOW,1025.0,3352593103.940176
2025-01-26,FLOW,1010.0,4155880754.2020903
2025-01-27,FLOW,973.3,10220781390.748013
2025-01-28,FLOW,932.2,3763862390.200092
2025-01-29,FLOW,950.6,3411342273.7798295
2025-01-30,FLOW,969.6,2735930547.2438984
2025-01-31,FLOW,991.9,4752086675.502671
2025-02-01,FLOW,939.6,4108439403.759742
2025-02-02,FLOW,820.7,10760445905.805304
2025-02-03,FLOW,835.0,20177256379.18441
2025-02-04,FLOW,781.6,10007640432.695602
2025-02-05,FLOW,764.9,4175665895.1596546
2025-02-06,FLOW,738.8,4634352469.171021
2025-02-07,FLOW,738.0,3985634344.2033634
2025-02-08,FLOW,773.9,2771165781.8683863
2025-02-09,FLOW,760.6,3754840526.9988675
2025-02-10,FLOW,775.0,3526700292.708742
2025-02-11,FLOW,776.0,3265464199.3514023
2025-02-12,FLOW,806.0,6591980249.391609
2025-02-13,FLOW,789.7,3035152899.084051
2025-02-14,FLOW,795.0,2266263958.6492333
2025-02-15,FLOW,779.2,1446743054.8381844
2025-02-16,FLOW,778.2,2741745519.4381003
2025-02-17,FLOW,784.2,2840606340.997393
2025-02-18,FLOW,754.0,3462882362.57481
2025-02-19,FLOW,778.7,1972868141.8463538
2025-02-20,FLOW,794.4,1526937247.526124
2025-02-21,FLOW,765.8,3407222065.30828
2025-02-22,FLOW,782.2,1855843543.0509362
2025-02-23,FLOW,764.8,1976982937.6926453
2025-02-24,FLOW,677.9,5314870533.335606
2025-02-25,FLOW,689.9,6985915302.350885
2025-02-26,FLOW,685.0,3589998745.0410447
2025-02-27,FLOW,709.5,3921434492.4351707
2025-02-28,FLOW,709.9,4214888297.00433
2025-03-01,FLOW,705.3,2021057772.2750437
2025-03-02,FLOW,789.4,4926133895.080033
2025-03-03,FLOW,674.2,4670533396.235414
2025-03-04,FLOW,656.2,5323924071.982546
2025-03-05,FLOW,682.6,2497522957.7647047
2025-03-06,FLOW,652.7,3476440203.4594774
2025-03-07,FLOW,652.1,3508580522.074457
2025-03-08,FLOW,644.2,2114035841.0947304
2025-03-09,FLOW,591.0,5128673203.799762
2025-03-10,FLOW,563.5,4602024514.122753
2025-03-11,FLOW,578.7,4636886151.631694
2025-03-12,FLOW,594.0,2008311634.806535
2025-03-13,FLOW,582.6,1721143513.2690582
2025-03-14,FLOW,594.5,1146811894.995607
2025-03-15,FLOW,610.1,1010656976.3800563
2025-03-16,FLOW,590.2,1356671641.9589148
2025-03-17,FLOW,612.6,1304197896.807681
2025-03-18,FLOW,621.5,2354449412.005536
2025-03-19,FLOW,643.0,2896408197.1573653
2025-03-20,FLOW,621.9,1436271654.8847234
2025-03-21,FLOW,609.4,1487008889.5956082
2025-03-22,FLOW,617.2,853594107.0558152
2025-03-23,FLOW,609.2,1173643199.7828696
2025-03-24,FLOW,633.3,2197834606.18487
2025-03-25,FLOW,632.3,1908364876.295629
2025-03-26,FLOW,628.8,2518564397.396848
2025-03-27,FLOW,621.1,1690134455.8720188
2025-03-28,FLOW,587.7,2294158466.238053
2025-03-29,FLOW,565.8,2028649837.7121751
2025-03-30,FLOW,568.2,1736193357.103537
2025-03-31,FLOW,568.3,2093063961.6700335
2025-04-01,FLOW,576.0,1593238985.4712896
2025-04-02,FLOW,549.1,2905813596.160303
2025-04-03,FLOW,550.5,3084975213.9304194
2025-04-04,FLOW,553.0,1378447538.332234
2025-04-05,FLOW,546.0,725074613.7324963
2025-04-06,FLOW,501.3,2588043669.1891527
2025-04-07,FLOW,489.1,5180878515.736676
2025-04-08,FLOW,469.5,2509788687.352913
2025-04-09,FLOW,510.6,3481653567.0220785
2025-04-10,FLOW,501.7,2223629840.9091926
2025-04-11,FLOW,508.8,1546348865.908323
2025-04-12,FLOW,524.0,1688022644.5952249
2025-04-13,FLOW,510.9,1411925706.3325462
2025-04-14,FLOW,511.0,2115515315.2287056
2025-04-15,FLOW,499.3,1848136482.8813035
2025-04-16,FLOW,499.7,2221829293.5858545
2025-04-17,FLOW,501.6,1459972188.7641954
2025-04-18,FLOW,522.2,2711652456.222624
2025-04-19,FLOW,532.9,2021312422.4854693
2025-04-20,FLOW,539.8,1184226129.5502527
2025-04-21,FLOW,530.5,2117869945.037268
2025-04-22,FLOW,562.3,2814258259.8351994
2025-04-23,FLOW,568.2,2671856591.0239396
2025-04-24,FLOW,576.5,1788974694.637739
2025-04-25,FLOW,586.9,1748371466.7246053
2025-04-26,FLOW,590.4,1971314853.051396
2025-04-27,FLOW,568.7,1555415818.384771
2025-04-28,FLOW,587.5,1746778226.2782629
2025-04-29,FLOW,580.1,1923471555.564135
2025-04-30,FLOW,581.1,1625720221.4900773
2025-05-01,FLOW,584.8,1389720180.9255702
2025-05-02,FLOW,581.2,1330436953.6482365
2025-05-03,FLOW,548.9,1553828877.700227
2025-05-04,FLOW,532.2,1553873554.8888803
2025-05-05,FLOW,536.5,1413101761.15969
2025-05-06,FLOW,524.8,1550548190.8046434
2025-05-07,FLOW,525.7,1001242684.4036818
2025-05-08,FLOW,575.7,2144520347.1193593
2025-05-09,FLOW,606.3,3971887761.648262
2025-05-10,FLOW,639.5,3536167751.582928
2025-05-11,FLOW,635.4,2633072133.4332285
2025-05-12,FLOW,642.5,4081267970.4346275
2025-05-13,FLOW,653.5,2893322530.1325293
2025-05-14,FLOW,630.8,4765420510.997547
2025-05-15,FLOW,602.5,3185040450.3016
2025-05-16,FLOW,593.5,1414426655.780099
2025-05-17,FLOW,575.0,1772740836.915575
2025-05-18,FLOW,591.6,1681084615.300975
2025-05-19,FLOW,570.5,1880882049.9728
2025-05-20,FLOW,570.9,1554798928.968295
2025-05-21,FLOW,580.5,2151114847.498416
2025-05-22,FLOW,604.7,2129166809.0925994
2025-05-23,FLOW,568.2,2586546698.500029
2025-05-24,FLOW,560.0,2320357809.776955
2025-05-25,FLOW,560.5,1719276292.270519
2025-05-26,FLOW,546.8,1390749908.82754
2025-05-27,FLOW,554.6,1637962061.8251464
2025-05-28,FLOW,563.7,2214807659.162969
2025-05-29,FLOW,550.6,1897587342.1016977
2025-05-30,FLOW,510.0,2803154094.842924
2025-05-31,FLOW,516.0,2065152675.666156
2025-06-01,FLOW,514.8,795985611.595008
2025-06-02,FLOW,525.0,1478166403.5246203
2025-06-03,FLOW,523.0,943332517.2387503
2025-06-04,FLOW,507.7,771386564.4297478
2025-06-05,FLOW,484.0,1621280343.9132168
2025-06-06,FLOW,493.1,1169347488.625894
2025-06-07,FLOW,507.8,322506602.60162824
2025-06-08,FLOW,500.9,543099899.6064845
2025-06-09,FLOW,520.6,1160845399.9611714
2025-06-10,FLOW,546.3,1737684236.672339
2025-06-11,FLOW,524.8,1509497994.944137
2025-06-12,FLOW,499.0,1233287719.3241756
2025-06-13,FLOW,489.4,2893964151.6276364
2025-06-14,FLOW,488.6,740608280.9775119
2025-06-15,FLOW,487.0,821918462.070474
2025-06-16,FLOW,483.9,1301346319.289427
2025-06-17,FLOW,480.5,1854735621.8323464
2025-06-18,FLOW,479.2,1258043134.67752
2025-06-19,FLOW,477.6,809156155.0856426
2025-06-20,FLOW,466.1,1340977665.597128
2025-06-21,FLOW,449.2,1868922718.6591678
2025-06-22,FLOW,424.2,3525373046.810421
2025-06-23,FLOW,457.7,2360951561.1871176
2025-06-24,FLOW,453.6,1361404578.8086176
2025-06-25,FLOW,447.1,1413321630.6124303
2025-06-26,FLOW,436.9,1022583802.4624666
2025-06-27,FLOW,443.1,671509381.0655824
2025-06-28,FLOW,449.3,571962225.2410256
2025-06-29,FLOW,461.6,806177111.5340172
2025-06-30,FLOW,445.4,983427566.2983198
2025-07-01,FLOW,433.9,1035083243.3745376
2025-07-02,FLOW,460.3,1261339498.2492304
2025-07-03,FLOW,462.4,1143878981.065431
2025-07-04,FLOW,441.7,1145401988.6153643
2025-07-05,FLOW,441.4,604957064.3940585
2025-07-06,FLOW,443.9,597379347.0954742
2025-07-07,FLOW,446.0,703771014.0578746
2025-07-08,FLOW,453.5,860423153.1899306
2025-07-09,FLOW,476.1,1941530861.321013
2025-07-10,FLOW,500.9,1848472960.2441978
2025-07-11,FLOW,504.4,3108731588.8149595
2025-07-12,FLOW,513.7,1897810890.1370125
2025-07-13,FLOW,527.3,1782406461.3554318
2025-07-14,FLOW,531.4,2767365642.937921
2025-07-15,FLOW,549.4,2083720685.597789
2025-07-16,FLOW,551.1,2502191127.2410803
2025-07-17,FLOW,558.6,2840516908.738349
2025-07-18,FLOW,568.9,3794388445.654311
2025-07-19,FLOW,596.4,3242316590.509019
2025-07-20,FLOW,610.9,3460015168.1324663
2025-07-21,FLOW,612.1,3540940989.8265076
2025-07-22,FLOW,599.6,3973589533.484269
2025-07-23,FLOW,562.5,4076546529.3855863
2025-07-24,FLOW,550.7,3434397440.064701
2025-07-25,FLOW,563.0,1781080897.4137568
2025-07-26,FLOW,564.6,817762155.852845
2025-07-27,FLOW,577.7,1185271424.3922222
2025-07-28,FLOW,543.9,2256066092.209061
2025-07-29,FLOW,546.1,2917395138.616803
2025-07-30,FLOW,539.0,1776970882.6807547
2025-07-31,FLOW,514.0,1346490379.670082
2025-08-01,FLOW,502.0,2125697479.756423
2025-08-02,FLOW,492.0,913925779.6449109
2025-08-03,FLOW,502.0,682929920.6031845
2025-08-04,FLOW,514.0,1103373748.7654898
2025-08-05,FLOW,500.0,1214769198.258535
2025-08-06,FLOW,499.0,896030147.4086217
2025-08-07,FLOW,512.0,1051022024.2931098
2025-08-08,FLOW,519.0,1415472458.4748464
2025-08-09,FLOW,533.0,1614107038.1809368
2025-08-10,FLOW,538.0,2002583871.795696
2025-08-11,FLOW,511.0,1870419013.368958
2025-08-12,FLOW,537.0,1662813368.3460836
2025-08-13,FLOW,568.0,3366602901.5749955
2025-08-14,FLOW,539.0,3232722384.7851276
2025-08-15,FLOW,535.0,1853477917.344108
2025-08-16,FLOW,548.0,1206289565.695987
2025-08-17,FLOW,553.0,1302182043.848445
2025-08-18,FLOW,531.0,2032110373.2257526
2025-08-19,FLOW,510.0,1538937517.796082
2025-08-20,FLOW,530.0,1577704765.0799577
2025-08-21,FLOW,522.0,1109227823.924676
2025-08-22,FLOW,567.0,2732172622.279431
2025-08-23,FLOW,565.0,1555451097.5750725
2025-08-24,FLOW,563.0,1498731391.431055
2025-08-25,FLOW,527.0,2217929177.2966347
2025-08-26,FLOW,543.0,1648435653.4273932
2025-08-27,FLOW,544.0,1193955125.0353832
2025-08-28,FLOW,612.0,15047531336.61015
2025-08-29,FLOW,561.0,7509209351.883103
2025-08-30,FLOW,555.0,2223862978.897318
2025-08-31,FLOW,591.0,70338470756.1442
2025-09-01,FLOW,554.0,24512736007.994156
2025-09-02,FLOW,562.0,6309478866.806021
2025-09-03,FLOW,576.0,3507728240.061792
2025-09-04,FLOW,556.0,3054661027.5005183
2025-09-05,FLOW,564.0,2259478738.1359324
2025-09-06,FLOW,559.0,1655001683.3513553
2025-09-07,FLOW,555.0,2576364250.5793986
2025-09-08,FLOW,565.0,2665600053.503833
2025-09-09,FLOW,563.0,3160148946.80641
2025-09-10,FLOW,576.0,2147133319.666341
2025-09-11,FLOW,577.0,2090038493.2087948
2025-09-12,FLOW,585.0,2646149131.084668
2025-09-13,FLOW,600.0,2724025553.853714
2025-09-14,FLOW,580.0,1886095038.316063
2025-09-15,FLOW,557.0,2757319469.7718396
2025-09-16,FLOW,562.0,1434103873.643743
2025-09-17,FLOW,570.0,1511160963.0900848
2025-09-18,FLOW,582.0,1967841852.6407182
2025-09-19,FLOW,559.0,1984402019.7823846
2025-09-20,FLOW,558.0,942272573.016123
2025-09-21,FLOW,545.0,1673367232.8105304
2025-09-22,FLOW,517.0,3614798009.3418427
2025-09-23,FLOW,509.0,1384290604.220384
2025-09-24,FLOW,508.0,1197938422.8890357
2025-09-25,FLOW,493.0,2420876482.1157494
2025-09-26,FLOW,509.0,1623097617.1484683
2025-09-27,FLOW,501.0,682704199.3309467
2025-09-28,FLOW,508.0,781170970.2107592
2025-09-29,FLOW,504.0,1170751579.2525523
2025-09-30,FLOW,499.0,1057965000.5708197
2025-10-01,FLOW,529.0,1707520086.120977
2025-10-02,FLOW,538.0,1589341547.0079472
2025-10-03,FLOW,544.0,1375641233.851519
2025-10-04,FLOW,531.0,984714472.1392606
2025-10-05,FLOW,533.0,1281967071.6429424
2025-10-06,FLOW,541.0,857984433.0980157
2025-10-07,FLOW,517.0,1090792559.1103735
2025-10-08,FLOW,536.0,830887439.4835542
2025-10-09,FLOW,524.0,955763364.5093054
2025-10-10,FLOW,412.0,4901174153.063619
2025-10-11,FLOW,416.0,3977750061.435072
2025-10-12,FLOW,444.0,1739531833.0490093
2025-10-13,FLOW,457.0,1393398772.0367582
2025-10-14,FLOW,451.0,1813262505.4887404
2025-10-15,FLOW,434.0,1091463858.2987354
2025-10-16,FLOW,419.0,1447763671.4432242
2025-10-17,FLOW,412.0,2052326292.011824
2025-10-18,FLOW,411.0,796139737.951935
2025-10-19,FLOW,419.0,695922228.7620711
2025-10-20,FLOW,416.0,1005838166.7912863
2025-10-21,FLOW,406.0,1235213865.9939935
2025-10-22,FLOW,408.0,1280858599.5759695
2025-10-23,FLOW,415.0,718309655.0422151
2025-10-24,FLOW,418.0,817847450.5298768
2025-10-25,FLOW,409.0,420829476.9577925
2025-10-26,FLOW,421.0,704667299.1952881
2025-10-27,FLOW,407.0,1395406841.5544696
2025-10-28,FLOW,404.0,1210709234.3357663
2025-10-29,FLOW,403.0,1158395278.7254584
2025-10-30,FLOW,395.0,1567637873.8485718
2025-10-31,FLOW,391.0,832787153.3538411
2025-11-01,FLOW,398.0,856085022.3197576
2025-11-02,FLOW,400.0,828219264.178612
2025-11-03,FLOW,361.0,2568932915.0298157
2025-11-04,FLOW,352.0,2626491142.7381086
2025-11-05,FLOW,361.0,2015224850.896359
2025-11-06,FLOW,356.0,1171285201.6288655
2025-11-07,FLOW,414.0,3755153434.9058304
2025-11-08,FLOW,424.0,3669187562.8062534
2025-11-09,FLOW,417.0,1859922279.5721104
2025-11-10,FLOW,421.0,1394322584.769921
2025-11-11,FLOW,412.0,1718978915.8212428
2025-11-12,FLOW,405.0,1380581562.2703016
2025-11-13,FLOW,401.0,1744552900.5481832
2025-11-14,FLOW,390.0,2416720026.936285
2025-11-15,FLOW,398.0,523635172.1855545
2025-11-16,FLOW,384.0,1220963704.6879067
2025-11-17,FLOW,377.0,1341271882.3793805
2025-11-18,FLOW,389.0,1317121112.6850665
2025-11-19,FLOW,387.0,1274480152.7804844
2025-11-20,FLOW,384.0,2301774615.199849
2025-11-21,FLOW,358.0,2656146759.470826
2025-11-22,FLOW,358.0,971065943.2874782
2025-11-23,FLOW,356.0,1705390465.4746575
2025-11-24,FLOW,352.0,2116918657.7523038
2025-11-25,FLOW,350.0,2922402016.833334
2025-11-26,FLOW,352.0,2646410771.5850816
2025-11-27,FLOW,355.0,1273379198.6619585
2025-11-28,FLOW,356.0,1563948361.1333523
2025-11-29,FLOW,360.0,722174511.7392336
2025-11-30,FLOW,347.0,990439845.8064029
2025-12-01,FLOW,326.0,1943065677.8664992
2025-12-02,FLOW,336.0,952125607.3043399
2025-12-03,FLOW,349.0,1064806088.5278007
2025-12-04,FLOW,340.0,800655280.1579655
2025-12-05,FLOW,329.0,663138091.732877
2025-12-06,FLOW,328.0,439047650.4659911
2025-12-07,FLOW,321.0,1036622936.5693933
2025-12-08,FLOW,316.0,1528942583.2726762
2025-12-09,FLOW,328.0,1741337579.5627315
2025-12-10,FLOW,322.0,934164231.40001
2025-12-11,FLOW,309.0,1341803100.5928655
2025-12-12,FLOW,294.0,1470005025.1406453
2025-12-13,FLOW,295.0,941074051.4541467
2025-12-14,FLOW,284.0,1271945583.4999366
2025-12-15,FLOW,279.0,1431579877.2129564
2025-12-16,FLOW,280.0,918304980.3046701
2025-12-17,FLOW,263.0,1304387594.985789
2025-12-18,FLOW,255.0,1193441160.518444
2025-12-19,FLOW,264.0,990253380.24063
2025-12-20,FLOW,263.0,626002216.1222707
2025-12-21,FLOW,257.0,812526049.11651
2025-12-22,FLOW,254.0,1210339434.7328398
2025-12-23,FLOW,252.0,1108686413.2400684
2025-12-24,FLOW,254.0,752841958.0244035
2025-12-25,FLOW,252.0,773885387.0348345
2025-12-26,FLOW,253.0,1067698214.2554538
2025-12-27,FLOW,200.0,32052572642.893154
2025-12-28,FLOW,196.0,27647518521.93443
2025-12-29,FLOW,169.0,31819205224.510757
2025-12-30,FLOW,167.0,16039278293.49318
2025-12-31,FLOW,156.0,6150562679.056329
2026-01-01,FLOW,156.0,13310468416.708181
2026-01-02,FLOW,156.0,12876091127.25762
2026-01-03,FLOW,166.0,42085631216.103226
2026-01-04,FLOW,164.0,10484948176.413849
2026-01-05,FLOW,160.0,8943071958.18354
2026-01-06,FLOW,162.0,12465710532.046154
2026-01-07,FLOW,158.0,9791196559.652412
2026-01-08,FLOW,157.0,6230006494.821391
2026-01-09,FLOW,159.0,7798754978.137988
2026-01-10,FLOW,157.0,2895533216.33573
2026-01-11,FLOW,153.0,3057318821.1643395
2026-01-12,FLOW,153.0,16385410970.856361
2026-01-13,FLOW,155.0,4453522981.059776
2026-01-14,FLOW,159.0,21335627853.56752
2026-01-15,FLOW,157.0,7030194778.315234
2026-01-16,FLOW,158.0,8605750570.71319
2026-01-17,FLOW,155.0,3401630508.7685914
2026-01-18,FLOW,148.0,3113860766.503428
2026-01-19,FLOW,140.0,10739555598.269638
2026-01-20,FLOW,130.0,5284448378.825083
2026-01-21,FLOW,132.0,3124111460.281375
2026-01-22,FLOW,127.0,3926599162.57932
2026-01-23,FLOW,140.0,45978413819.35864
2026-01-24,FLOW,136.0,10244415940.115074
2026-01-25,FLOW,119.0,7115937569.964036
2026-01-26,FLOW,119.0,9690331091.884148
2026-01-27,FLOW,124.0,21881979093.841667
2026-01-28,FLOW,126.0,43168826275.880325
2026-01-29,FLOW,115.0,10134194393.34472
2026-01-30,FLOW,118.0,14279590858.194635
2026-01-31,FLOW,109.0,4566663817.450957
2026-02-01,FLOW,109.0,27906169567.298958
2026-02-02,FLOW,107.0,4934045615.68797
2026-02-03,FLOW,105.0,3101031062.073778
2026-02-04,FLOW,105.0,5692481470.716269
2026-02-05,FLOW,89.1,7627235342.874911
2026-02-06,FLOW,97.5,20352276263.693363
2026-02-07,FLOW,96.1,5611682313.503608
2026-02-08,FLOW,97.3,2191561656.826181
2026-02-09,FLOW,97.8,3193339909.230067
2026-02-10,FLOW,100.0,3191616553.4787374
2026-02-11,FLOW,99.8,2695818774.73017
2026-02-12,FLOW,75.6,22591344162.455036
2026-02-13,FLOW,73.6,12410034175.427374
2026-02-14,FLOW,73.5,6288440581.166325
2026-02-15,FLOW,72.2,19319259919.19297
2026-02-16,FLOW,69.9,4116564984.513763
2026-02-17,FLOW,67.3,5847539925.9257
2026-02-18,FLOW,64.0,3294147016.033914
2026-02-19,FLOW,61.2,7657030878.818949
2026-02-20,FLOW,62.4,4383444869.950755
2026-02-21,FLOW,68.1,49988027349.0425
2026-02-22,FLOW,71.2,123298047725.50563
2026-02-23,FLOW,64.5,27910201011.03393
2026-02-24,FLOW,60.0,13677372376.431978
2026-02-25,FLOW,59.8,4036433877.0727525
2026-02-26,FLOW,59.3,2690013917.1188455
2026-02-27,FLOW,62.2,27474492700.24413
2026-02-28,FLOW,61.3,8181594933.353399
2026-03-01,FLOW,58.6,2448249132.864012
2026-03-02,FLOW,59.0,8625509311.545647
2026-03-03,FLOW,59.4,5689240400.999546
2026-03-04,FLOW,58.1,3215528283.4893236
2026-03-05,FLOW,58.1,1930388365.0254395
2026-03-06,FLOW,73.0,70115779009.09341
2026-03-07,FLOW,67.2,25093906525.880505
2026-03-08,FLOW,64.8,16439752149.651546
2026-03-09,FLOW,78.0,58290581164.170456
2026-03-10,FLOW,97.5,114977584577.02122
2026-03-11,FLOW,84.1,46048049452.53259
2026-03-12,FLOW,79.1,32314505820.173977
2026-03-13,FLOW,74.7,17391495854.84134
2026-03-14,FLOW,66.1,16872701948.555847
2026-03-15,FLOW,59.2,17198701804.021175
2026-03-16,FLOW,58.3,137808922.0825711
2023-01-01,GRS,408.0,457590931.74561024
2023-01-02,GRS,411.0,837777592.1896218
2023-01-03,GRS,410.0,836725626.5971332
2023-01-04,GRS,414.0,1037095449.8017927
2023-01-05,GRS,416.0,2256978497.4788685
2023-01-06,GRS,411.0,957718096.1255302
2023-01-07,GRS,412.0,488278325.41070193
2023-01-08,GRS,419.0,623619836.1323428
2023-01-09,GRS,425.0,2250344883.736738
2023-01-10,GRS,433.0,2433390137.9419107
2023-01-11,GRS,438.0,1923332757.4340703
2023-01-12,GRS,442.0,2840273409.5678477
2023-01-13,GRS,452.0,2602896890.268905
2023-01-14,GRS,465.0,9751282513.975222
2023-01-15,GRS,477.0,13130471901.003143
2023-01-16,GRS,481.0,12207789424.835924
2023-01-17,GRS,478.0,4312385375.841676
2023-01-18,GRS,458.0,9218604865.49797
2023-01-19,GRS,473.0,2141402105.1721995
2023-01-20,GRS,495.0,3753759292.6542788
2023-01-21,GRS,495.0,7787615922.64655
2023-01-22,GRS,499.0,3610302892.596428
2023-01-23,GRS,506.0,3851644648.212099
2023-01-24,GRS,494.0,10716423605.226572
2023-01-25,GRS,507.0,6613255747.923637
2023-01-26,GRS,510.0,5284609773.41987
2023-01-27,GRS,528.0,165875835915.82785
2023-01-28,GRS,511.0,9358229862.858017
2023-01-29,GRS,511.0,2984042161.1772747
2023-01-30,GRS,474.0,6870287155.746405
2023-01-31,GRS,482.0,2331390400.383877
2023-02-01,GRS,490.0,3778344655.2202725
2023-02-02,GRS,496.0,4548523832.120105
2023-02-03,GRS,512.0,5156824226.396575
2023-02-04,GRS,529.0,12166812260.609596
2023-02-05,GRS,517.0,26780146672.080303
2023-02-06,GRS,528.0,19667986803.767582
2023-02-07,GRS,524.0,5289046078.808168
2023-02-08,GRS,524.0,4240484079.688415
2023-02-09,GRS,510.0,31203306031.84955
2023-02-10,GRS,539.0,12283894686.540323
2023-02-11,GRS,547.0,4068447167.9956417
2023-02-12,GRS,536.0,3306166235.3238955
2023-02-13,GRS,533.0,3868933292.4146667
2023-02-14,GRS,555.0,12524075661.107662
2023-02-15,GRS,615.0,236357355213.70288
2023-02-16,GRS,581.0,40956846472.83883
2023-02-17,GRS,597.0,8944454378.639244
2023-02-18,GRS,595.0,5953088450.436493
2023-02-19,GRS,610.0,16607337833.035208
2023-02-20,GRS,615.0,8762527060.923191
2023-02-21,GRS,602.0,13111179928.709444
2023-02-22,GRS,594.0,5599428569.699309
2023-02-23,GRS,593.0,3070123432.5903034
2023-02-24,GRS,611.0,12060418969.733707
2023-02-25,GRS,597.0,5846340387.491142
2023-02-26,GRS,597.0,2671719610.3545313
2023-02-27,GRS,596.0,2952234891.9656544
2023-02-28,GRS,606.0,3383008636.308033
2023-03-01,GRS,603.0,3570316182.4631367
2023-03-02,GRS,581.0,4302665442.768699
2023-03-03,GRS,564.0,11107626879.579103
2023-03-04,GRS,557.0,1509028896.2428212
2023-03-05,GRS,558.0,1212815151.9334614
2023-03-06,GRS,541.0,1820033571.7961228
2023-03-07,GRS,533.0,1266100873.119019
2023-03-08,GRS,515.0,17271249629.59953
2023-03-09,GRS,493.0,3105241606.6931376
2023-03-10,GRS,497.0,2950384276.223358
2023-03-11,GRS,490.0,1332998019.3152006
2023-03-12,GRS,508.0,5404724337.567547
2023-03-13,GRS,545.0,5240766092.062504
2023-03-14,GRS,571.0,6883096917.826971
2023-03-15,GRS,608.0,44070184949.60867
2023-03-16,GRS,596.0,116201838349.30618
2023-03-17,GRS,603.0,30668328387.684406
2023-03-18,GRS,577.0,12264294248.738443
2023-03-19,GRS,577.0,5987129677.1259575
2023-03-20,GRS,560.0,4206910641.736505
2023-03-21,GRS,568.0,29724347726.43468
2023-03-22,GRS,550.0,3548648944.784108
2023-03-23,GRS,556.0,2125703411.4135876
2023-03-24,GRS,559.0,5108830855.945116
2023-03-25,GRS,554.0,1579549220.414698
2023-03-26,GRS,569.0,12394274616.253866
2023-03-27,GRS,540.0,3405419141.666413
2023-03-28,GRS,541.0,2152774743.8745885
2023-03-29,GRS,561.0,2642443871.629385
2023-03-30,GRS,575.0,11313743539.226889
2023-03-31,GRS,577.0,4669133954.601754
2023-04-01,GRS,586.0,4100171286.172688
2023-04-02,GRS,570.0,2888055233.33486
2023-04-03,GRS,560.0,2656661960.942898
2023-04-04,GRS,576.0,2799729645.5228834
2023-04-05,GRS,597.0,49478244325.73417
2023-04-06,GRS,588.0,7088628393.338273
2023-04-07,GRS,582.0,42111589671.28491
2023-04-08,GRS,575.0,2581480739.9610376
2023-04-09,GRS,578.0,4185960444.583414
2023-04-10,GRS,578.0,2261970905.0726438
2023-04-11,GRS,589.0,2263770991.1143804
2023-04-12,GRS,577.0,2601097109.3765283
2023-04-13,GRS,587.0,1779995134.0235019
2023-04-14,GRS,586.0,2721669144.80478
2023-04-15,GRS,588.0,1294978691.4708211
2023-04-16,GRS,591.0,3248750202.947462
2023-04-17,GRS,582.0,3194507846.6475267
2023-04-18,GRS,589.0,1731581077.0299454
2023-04-19,GRS,555.0,2514196172.428503
2023-04-20,GRS,576.0,4610332618.168752
2023-04-21,GRS,562.0,29416927181.41905
2023-04-22,GRS,561.0,2484933297.276024
2023-04-23,GRS,551.0,1001578081.4247708
2023-04-24,GRS,535.0,2110592422.1689897
2023-04-25,GRS,544.0,3357773484.772319
2023-04-26,GRS,558.0,8737814264.15787
2023-04-27,GRS,555.0,1819261515.543647
2023-04-28,GRS,550.0,1252797288.1100655
2023-04-29,GRS,557.0,2760721962.358239
2023-04-30,GRS,552.0,1004882340.9638855
2023-05-01,GRS,537.0,1824489132.265502
2023-05-02,GRS,530.0,1423597504.7605424
2023-05-03,GRS,523.0,1173378162.554885
2023-05-04,GRS,538.0,2590438940.3495855
2023-05-05,GRS,549.0,2015522530.7739234
2023-05-06,GRS,528.0,8183407117.615636
2023-05-07,GRS,523.0,756800853.6372199
2023-05-08,GRS,492.0,1659324040.202712
2023-05-09,GRS,507.0,2897522925.526521
2023-05-10,GRS,515.0,3335509940.904805
2023-05-11,GRS,495.0,733272495.5597876
2023-05-12,GRS,501.0,3095255206.1447964
2023-05-13,GRS,499.0,593489814.6845089
2023-05-14,GRS,505.0,3227660823.050813
2023-05-15,GRS,506.0,662911886.4517587
2023-05-16,GRS,502.0,440814273.5820204
2023-05-17,GRS,507.0,854798816.2453805
2023-05-18,GRS,504.0,432160615.4141858
2023-05-19,GRS,504.0,402319540.0369606
2023-05-20,GRS,506.0,1058705648.1883266
2023-05-21,GRS,494.0,453093832.0887995
2023-05-22,GRS,488.0,543328101.6173439
2023-05-23,GRS,487.0,390956761.16899383
2023-05-24,GRS,475.0,797210088.5672729
2023-05-25,GRS,467.0,1196376310.5611942
2023-05-26,GRS,466.0,325643674.88479686
2023-05-27,GRS,467.0,132324951.08418646
2023-05-28,GRS,479.0,386132055.8362925
2023-05-29,GRS,477.0,438306585.6604406
2023-05-30,GRS,495.0,674360331.9773463
2023-05-31,GRS,479.0,2784904348.9519906
2023-06-01,GRS,468.0,467204831.1255125
2023-06-02,GRS,471.0,393435973.37166166
2023-06-03,GRS,474.0,227509922.5580191
2023-06-04,GRS,478.0,3221110039.7202253
2023-06-05,GRS,453.0,2418148082.3995776
2023-06-06,GRS,459.0,657583324.9994782
2023-06-07,GRS,457.0,2693165541.321821
2023-06-08,GRS,453.0,597396291.2753637
2023-06-09,GRS,459.0,537031216.6271946
2023-06-10,GRS,417.0,16007316321.71316
2023-06-11,GRS,418.0,1235643708.6183095
2023-06-12,GRS,409.0,950972873.3545271
2023-06-13,GRS,403.0,606304793.9509659
2023-06-14,GRS,395.0,2706247445.7922435
2023-06-15,GRS,397.0,1061547290.2813293
2023-06-16,GRS,404.0,506310100.7444959
2023-06-17,GRS,411.0,596209922.1584264
2023-06-18,GRS,410.0,218568720.4389951
2023-06-19,GRS,412.0,288724156.95352995
2023-06-20,GRS,418.0,613776431.899442
2023-06-21,GRS,435.0,1638229389.915839
2023-06-22,GRS,439.0,2073368591.1243136
2023-06-23,GRS,461.0,1438589090.8581843
2023-06-24,GRS,470.0,2680871976.798612
2023-06-25,GRS,469.0,2095718028.2977612
2023-06-26,GRS,452.0,81767760162.07625
2023-06-27,GRS,445.0,4109536754.820436
2023-06-28,GRS,425.0,1631631951.0451856
2023-06-29,GRS,434.0,1945099173.74958
2023-06-30,GRS,442.0,2889018849.734509
2023-07-01,GRS,452.0,1837713225.6055183
2023-07-02,GRS,453.0,4457936714.285522
2023-07-03,GRS,455.0,894427887.5131099
2023-07-04,GRS,462.0,1438198541.159734
2023-07-05,GRS,459.0,1976120419.4003744
2023-07-06,GRS,448.0,1184807131.346796
2023-07-07,GRS,453.0,1007836893.1297265
2023-07-08,GRS,461.0,565396413.5391223
2023-07-09,GRS,462.0,3887540429.864645
2023-07-10,GRS,457.0,1331609472.904707
2023-07-11,GRS,485.0,5356310286.792098
2023-07-12,GRS,478.0,2728483652.7688537
2023-07-13,GRS,482.0,2822442152.1073146
2023-07-14,GRS,511.0,14581546016.059978
2023-07-15,GRS,480.0,64158538705.288574
2023-07-16,GRS,456.0,7393854017.841279
2023-07-17,GRS,450.0,4949529843.712316
2023-07-18,GRS,449.0,1940613661.047233
2023-07-19,GRS,448.0,1195451090.4425375
2023-07-20,GRS,448.0,999232897.0797241
2023-07-21,GRS,451.0,810467596.3820624
2023-07-22,GRS,461.0,1801175679.625099
2023-07-23,GRS,467.0,1999206031.301803
2023-07-24,GRS,448.0,1545421324.172275
2023-07-25,GRS,452.0,796154288.0677737
2023-07-26,GRS,450.0,730773739.3542751
2023-07-27,GRS,460.0,1275856656.4554613
2023-07-28,GRS,476.0,2379930433.901122
2023-07-29,GRS,497.0,2843847288.072825
2023-07-30,GRS,473.0,8187218137.833451
2023-07-31,GRS,476.0,6550073696.510227
2023-08-01,GRS,469.0,2549696581.5453935
2023-08-02,GRS,472.0,1350384119.0149193
2023-08-03,GRS,471.0,763425828.0335596
2023-08-04,GRS,485.0,1828304522.6697924
2023-08-05,GRS,492.0,25714367616.710564
2023-08-06,GRS,480.0,2605960670.2216563
2023-08-07,GRS,471.0,1645089151.9143572
2023-08-08,GRS,474.0,797368496.2887006
2023-08-09,GRS,472.0,878804092.0748702
2023-08-10,GRS,475.0,1099162517.4607036
2023-08-11,GRS,479.0,918999549.1294613
2023-08-12,GRS,552.0,65601850029.205894
2023-08-13,GRS,525.0,53706647544.88578
2023-08-14,GRS,555.0,45334111836.64794
2023-08-15,GRS,532.0,7847420397.343757
2023-08-16,GRS,520.0,62663214561.82247
2023-08-17,GRS,570.0,170110604987.68344
2023-08-18,GRS,669.0,98667581292.55014
2023-08-19,GRS,632.0,91961371484.22
2023-08-20,GRS,597.0,28761408863.540134
2023-08-21,GRS,574.0,11617002026.486788
2023-08-22,GRS,602.0,51436886950.719124
2023-08-23,GRS,616.0,37559631488.152985
2023-08-24,GRS,609.0,18568975987.822117
2023-08-25,GRS,630.0,28656117993.762333
2023-08-26,GRS,619.0,10322048530.043583
2023-08-27,GRS,606.0,5423125574.037322
2023-08-28,GRS,589.0,6133185675.571666
2023-08-29,GRS,600.0,33794584323.604282
2023-08-30,GRS,578.0,4660979453.623545
2023-08-31,GRS,552.0,2936066409.302554
2023-09-01,GRS,539.0,4880853314.401906
2023-09-02,GRS,807.0,74284530131.80505
2023-09-03,GRS,728.0,160243253957.51004
2023-09-04,GRS,685.0,63826253497.60816
2023-09-05,GRS,661.0,22908979188.39318
2023-09-06,GRS,636.0,9701066284.058012
2023-09-07,GRS,649.0,17488553453.27943
2023-09-08,GRS,643.0,7381684724.493661
2023-09-09,GRS,660.0,7496600256.491161
2023-09-10,GRS,736.0,94025040583.14565
2023-09-11,GRS,696.0,25002231488.624523
2023-09-12,GRS,825.0,43678714021.41285
2023-09-13,GRS,1325.0,218229870844.0096
2023-09-14,GRS,1500.0,213440648882.26462
2023-09-15,GRS,989.0,336855833970.4832
2023-09-16,GRS,930.0,212904687232.76263
2023-09-17,GRS,729.0,83156077930.0599
2023-09-18,GRS,807.0,159954561037.58115
2023-09-19,GRS,822.0,95444627208.67183
2023-09-20,GRS,765.0,38401276814.60138
2023-09-21,GRS,715.0,17437739178.24929
2023-09-22,GRS,719.0,8444749960.548345
2023-09-23,GRS,699.0,6762393431.051598
2023-09-24,GRS,702.0,40949903393.26733
2023-09-25,GRS,677.0,10449945889.223759
2023-09-26,GRS,671.0,5690923056.380725
2023-09-27,GRS,674.0,10132597751.401848
2023-09-28,GRS,673.0,3679719575.300216
2023-09-29,GRS,663.0,3353494137.646704
2023-09-30,GRS,670.0,8035335841.783662
2023-10-01,GRS,688.0,16622230191.162584
2023-10-02,GRS,671.0,4388139708.366568
2023-10-03,GRS,646.0,4165206457.3324003
2023-10-04,GRS,635.0,3814787333.7354355
2023-10-05,GRS,648.0,7275773021.795992
2023-10-06,GRS,650.0,4958441234.40042
2023-10-07,GRS,743.0,166455392358.3217
2023-10-08,GRS,676.0,34141126349.408535
2023-10-09,GRS,650.0,11720860690.275406
2023-10-10,GRS,644.0,14189779740.357319
2023-10-11,GRS,623.0,3821098847.223633
2023-10-12,GRS,627.0,4670113662.5925665
2023-10-13,GRS,634.0,4930584646.367363
2023-10-14,GRS,629.0,4318151228.686889
2023-10-15,GRS,622.0,6244403915.624716
2023-10-16,GRS,622.0,5946970178.517919
2023-10-17,GRS,612.0,4292314303.210717
2023-10-18,GRS,589.0,4008905954.5065327
2023-10-19,GRS,572.0,5700643609.513647
2023-10-20,GRS,588.0,3924514971.035209
2023-10-21,GRS,593.0,1911658634.157118
2023-10-22,GRS,618.0,22761119890.505405
2023-10-23,GRS,627.0,6623627124.894651
2023-10-24,GRS,622.0,8176117704.807812
2023-10-25,GRS,616.0,3688060519.9037905
2023-10-26,GRS,621.0,8896962902.14709
2023-10-27,GRS,652.0,23588907046.949505
2023-10-28,GRS,655.0,7636741567.662446
2023-10-29,GRS,679.0,28612076506.771435
2023-10-30,GRS,686.0,11364092637.494356
2023-10-31,GRS,661.0,9002224531.369627
2023-11-01,GRS,668.0,8276879461.050152
2023-11-02,GRS,668.0,5627320035.060958
2023-11-03,GRS,665.0,6156074799.630323
2023-11-04,GRS,686.0,6728452636.632372
2023-11-05,GRS,671.0,6137332516.454546
2023-11-06,GRS,669.0,4222400377.162444
2023-11-07,GRS,710.0,40271474683.23952
2023-11-08,GRS,815.0,241719678162.52097
2023-11-09,GRS,902.0,250649674700.4536
2023-11-10,GRS,966.0,180544775560.8099
2023-11-11,GRS,852.0,69922020118.24603
2023-11-12,GRS,789.0,19481699514.61411
2023-11-13,GRS,795.0,17343798608.695305
2023-11-14,GRS,762.0,11450013186.6911
2023-11-15,GRS,774.0,8622396518.962822
2023-11-16,GRS,759.0,8604626036.3113
2023-11-17,GRS,773.0,4796863213.854826
2023-11-18,GRS,772.0,9259357736.761028
2023-11-19,GRS,783.0,3770903471.4075494
2023-11-20,GRS,827.0,17001871479.139267
2023-11-21,GRS,735.0,10193767021.591427
2023-11-22,GRS,763.0,6163084840.170875
2023-11-23,GRS,760.0,3579588078.9682746
2023-11-24,GRS,765.0,3315167910.228818
2023-11-25,GRS,766.0,2460236701.0379915
2023-11-26,GRS,760.0,2843646104.5901055
2023-11-27,GRS,813.0,53667718262.19116
2023-11-28,GRS,796.0,12589604778.176558
2023-11-29,GRS,794.0,14798789275.497452
2023-11-30,GRS,772.0,6229980981.399954
2023-12-01,GRS,778.0,4195778645.2344956
2023-12-02,GRS,786.0,3511457769.6296067
2023-12-03,GRS,780.0,3123962558.8389034
2023-12-04,GRS,783.0,6775176371.737469
2023-12-05,GRS,794.0,6486285139.860623
2023-12-06,GRS,809.0,12864952728.574951
2023-12-07,GRS,808.0,7743613518.263866
2023-12-08,GRS,827.0,13367060183.255056
2023-12-09,GRS,862.0,39500399607.628975
2023-12-10,GRS,882.0,51861860356.79671
2023-12-11,GRS,810.0,13387891144.867496
2023-12-12,GRS,802.0,7687188911.662092
2023-12-13,GRS,800.0,6042163988.894528
2023-12-14,GRS,797.0,2929464524.308683
2023-12-15,GRS,777.0,2591910453.322262
2023-12-16,GRS,778.0,1909585876.9823174
2023-12-17,GRS,788.0,4780534416.136697
2023-12-18,GRS,760.0,6512993483.860432
2023-12-19,GRS,752.0,2909923288.0421333
2023-12-20,GRS,770.0,3537478202.845579
2023-12-21,GRS,781.0,4271674423.4206347
2023-12-22,GRS,780.0,2927455225.2731996
2023-12-23,GRS,775.0,2549648835.748395
2023-12-24,GRS,804.0,50333563499.61838
2023-12-25,GRS,801.0,8480262302.708328
2023-12-26,GRS,784.0,8627097247.410847
2023-12-27,GRS,787.0,4974855765.320139
2023-12-28,GRS,774.0,2996833497.560604
2023-12-29,GRS,777.0,3378602520.559975
2023-12-30,GRS,785.0,1648099488.0541234
2023-12-31,GRS,806.0,36925311973.700745
2024-01-01,GRS,794.0,5347233871.400762
2024-01-02,GRS,808.0,6355214475.112865
2024-01-03,GRS,754.0,8525597408.89145
2024-01-04,GRS,757.0,6211137077.014178
2024-01-05,GRS,782.0,13022972327.702404
2024-01-06,GRS,791.0,8100284706.881862
2024-01-07,GRS,736.0,4849074289.922585
2024-01-08,GRS,749.0,21252970900.178288
2024-01-09,GRS,707.0,5290778572.332868
2024-01-10,GRS,736.0,3869937629.002715
2024-01-11,GRS,754.0,4325556906.216983
2024-01-12,GRS,727.0,2543697845.6425114
2024-01-13,GRS,739.0,4691929875.850154
2024-01-14,GRS,720.0,1384887243.4664688
2024-01-15,GRS,732.0,1049247727.7789904
2024-01-16,GRS,739.0,1593631350.58064
2024-01-17,GRS,745.0,1877382494.235485
2024-01-18,GRS,744.0,9962838258.272003
2024-01-19,GRS,729.0,3833883396.5189276
2024-01-20,GRS,727.0,917894477.4031601
2024-01-21,GRS,732.0,1685106876.4947357
2024-01-22,GRS,697.0,2302477667.8978925
2024-01-23,GRS,677.0,1678473116.7835054
2024-01-24,GRS,693.0,2667878570.687618
2024-01-25,GRS,698.0,1515980937.2842488
2024-01-26,GRS,709.0,1019122851.7441031
2024-01-27,GRS,710.0,697695447.7358924
2024-01-28,GRS,698.2,680816582.4964362
2024-01-29,GRS,702.4,703186902.6583568
2024-01-30,GRS,695.6,499083297.15731215
2024-01-31,GRS,685.3,559724408.5129673
2024-02-01,GRS,681.4,1329445986.4805126
2024-02-02,GRS,682.3,354457573.70374596
2024-02-03,GRS,684.0,307171586.7610927
2024-02-04,GRS,682.4,567525050.9004654
2024-02-05,GRS,683.2,964144844.0354134
2024-02-06,GRS,682.6,1764181578.4432676
2024-02-07,GRS,675.6,570154913.5656874
2024-02-08,GRS,690.1,663837719.826797
2024-02-09,GRS,696.7,887935423.6664276
2024-02-10,GRS,691.0,504952965.6043876
2024-02-11,GRS,713.4,12802926018.824875
2024-02-12,GRS,711.9,3278265242.750177
2024-02-13,GRS,701.0,1574054575.4489982
2024-02-14,GRS,708.9,1406562540.7304823
2024-02-15,GRS,718.0,3314609910.499345
2024-02-16,GRS,727.3,2503092888.900895
2024-02-17,GRS,726.1,2855083297.809604
2024-02-18,GRS,733.3,2125205215.5119548
2024-02-19,GRS,755.3,7539266618.947589
2024-02-20,GRS,775.8,6108391815.785244
2024-02-21,GRS,799.9,14584222109.656279
2024-02-22,GRS,790.7,4829277006.609436
2024-02-23,GRS,768.5,2758543941.482114
2024-02-24,GRS,778.0,3144485030.407591
2024-02-25,GRS,755.5,16606219557.401201
2024-02-26,GRS,758.8,3405539106.430068
2024-02-27,GRS,761.3,3832672001.2193823
2024-02-28,GRS,784.1,5406247758.791962
2024-02-29,GRS,819.2,11436808366.734829
2024-03-01,GRS,870.0,10100004349.354216
2024-03-02,GRS,890.8,11463347358.274918
2024-03-03,GRS,904.5,32690075359.19293
2024-03-04,GRS,924.0,13665659392.121233
2024-03-05,GRS,875.0,17903328392.04838
2024-03-06,GRS,892.4,8874376541.351885
2024-03-07,GRS,916.6,7858206804.315467
2024-03-08,GRS,917.4,8016887838.612485
2024-03-09,GRS,937.7,47949467016.12531
2024-03-10,GRS,932.3,8356116493.238601
2024-03-11,GRS,961.9,36603355798.16499
2024-03-12,GRS,1030.0,23255734341.0857
2024-03-13,GRS,1031.0,28249916149.872467
2024-03-14,GRS,1005.0,13441766338.142292
2024-03-15,GRS,939.0,10801308756.283628
2024-03-16,GRS,872.5,85679749616.60396
2024-03-17,GRS,886.8,14741296129.673492
2024-03-18,GRS,853.4,7932568596.61543
2024-03-19,GRS,787.3,6451129297.103242
2024-03-20,GRS,861.9,35809135539.87284
2024-03-21,GRS,1002.0,411282436077.5801
2024-03-22,GRS,933.9,58500013852.45576
2024-03-23,GRS,902.0,11922297362.202969
2024-03-24,GRS,900.4,7650656723.994823
2024-03-25,GRS,919.3,15585340350.665369
2024-03-26,GRS,986.1,53649717318.27777
2024-03-27,GRS,957.9,26657771022.66625
2024-03-28,GRS,949.1,7576916739.002626
2024-03-29,GRS,989.3,58590236391.03307
2024-03-30,GRS,1009.0,51509923916.80224
2024-03-31,GRS,983.0,8274595946.403827
2024-04-01,GRS,926.7,6898461513.262519
2024-04-02,GRS,884.1,4764592843.212554
2024-04-03,GRS,886.1,3789850255.1820207
2024-04-04,GRS,949.2,10900657562.888447
2024-04-05,GRS,913.7,15417751696.541897
2024-04-06,GRS,918.9,4673520122.583031
2024-04-07,GRS,920.9,2546927272.17535
2024-04-08,GRS,937.7,6029844979.06601
2024-04-09,GRS,904.6,4557981438.7731495
2024-04-10,GRS,898.0,4017433796.61366
2024-04-11,GRS,948.6,40169642943.09446
2024-04-12,GRS,860.9,6720421719.245897
2024-04-13,GRS,745.2,5020760707.037678
2024-04-14,GRS,781.7,4100692359.00394
2024-04-15,GRS,763.6,6821515063.674865
2024-04-16,GRS,758.2,2582566323.264263
2024-04-17,GRS,765.4,32888511627.266285
2024-04-18,GRS,780.6,26275402652.016525
2024-04-19,GRS,770.7,6721716936.504793
2024-04-20,GRS,804.9,3657015412.516585
2024-04-21,GRS,802.9,2640696319.083502
2024-04-22,GRS,815.3,2314987242.9187193
2024-04-23,GRS,806.0,2573459121.519322
2024-04-24,GRS,783.0,3205744576.135056
2024-04-25,GRS,771.8,3764834503.411571
2024-04-26,GRS,762.1,3350512071.7490897
2024-04-27,GRS,774.0,5163242689.783287
2024-04-28,GRS,763.4,1421819115.8446915
2024-04-29,GRS,757.0,2248672413.550424
2024-04-30,GRS,731.0,1498857779.7817726
2024-05-01,GRS,714.9,2741872040.8886385
2024-05-02,GRS,705.0,2328324170.656704
2024-05-03,GRS,743.0,3538232524.8298244
2024-05-04,GRS,764.0,9554923882.178793
2024-05-05,GRS,765.0,1026339775.4260342
2024-05-06,GRS,751.8,1458361700.9366686
2024-05-07,GRS,747.0,897130428.3407708
2024-05-08,GRS,732.4,2048005618.790153
2024-05-09,GRS,746.9,671111658.6089848
2024-05-10,GRS,716.0,925503826.1247433
2024-05-11,GRS,726.0,11143585929.758125
2024-05-12,GRS,719.0,911557658.9808131
2024-05-13,GRS,720.0,2877928441.5311494
2024-05-14,GRS,713.1,970969332.4066906
2024-05-15,GRS,740.9,1161350434.4889529
2024-05-16,GRS,726.1,1030591884.805767
2024-05-17,GRS,753.0,10724043137.062992
2024-05-18,GRS,754.5,2504343034.6468587
2024-05-19,GRS,743.1,14144160981.245462
2024-05-20,GRS,764.9,3060552134.995841
2024-05-21,GRS,761.0,2149206992.001951
2024-05-22,GRS,749.2,1076120365.8235953
2024-05-23,GRS,737.0,2687039074.3688912
2024-05-24,GRS,739.0,968747119.5789208
2024-05-25,GRS,744.8,1199531715.4229095
2024-05-26,GRS,735.9,1280069862.6030974
2024-05-27,GRS,741.0,807702181.7012296
2024-05-28,GRS,723.4,1165548555.4471438
2024-05-29,GRS,723.0,671013111.9738317
2024-05-30,GRS,713.4,825355713.4375528
2024-05-31,GRS,709.5,455421357.54766697
2024-06-01,GRS,709.1,197171443.34707767
2024-06-02,GRS,705.0,314301444.7628595
2024-06-03,GRS,628.9,6974592567.835899
2024-06-04,GRS,604.3,5899764713.211951
2024-06-05,GRS,600.3,1910002642.6407485
2024-06-06,GRS,580.9,2155139241.6753993
2024-06-07,GRS,571.1,3559622470.2550373
2024-06-08,GRS,584.7,7711855494.760441
2024-06-09,GRS,575.3,1367721873.1566453
2024-06-10,GRS,573.5,3466635309.506293
2024-06-11,GRS,550.0,1133298023.7191634
2024-06-12,GRS,560.0,1166436654.373799
2024-06-13,GRS,552.0,4395643106.591165
2024-06-14,GRS,542.9,726051599.2285298
2024-06-15,GRS,541.5,1305025199.7644815
2024-06-16,GRS,498.5,12214617434.617105
2024-06-17,GRS,430.3,3936459057.884954
2024-06-18,GRS,402.0,2489815194.9953127
2024-06-19,GRS,412.5,768472879.481806
2024-06-20,GRS,431.0,5645027907.082675
2024-06-21,GRS,443.7,6080910584.2788105
2024-06-22,GRS,440.6,524993289.1215949
2024-06-23,GRS,430.9,464469137.77659744
2024-06-24,GRS,429.6,1222057352.2056694
2024-06-25,GRS,444.5,1522693427.0617158
2024-06-26,GRS,435.0,4570905936.16759
2024-06-27,GRS,436.0,1069045500.9397429
2024-06-28,GRS,445.9,9536778422.973038
2024-06-29,GRS,436.0,908917376.3015878
2024-06-30,GRS,441.0,915566933.2115848
2024-07-01,GRS,432.0,528372825.0097003
2024-07-02,GRS,426.0,507431444.7457149
2024-07-03,GRS,417.2,673791083.7466825
2024-07-04,GRS,379.1,6759302610.3815975
2024-07-05,GRS,370.7,3507548080.379906
2024-07-06,GRS,385.1,541611181.5778658
2024-07-07,GRS,505.0,132161551588.15062
2024-07-08,GRS,488.1,83626472916.0028
2024-07-09,GRS,500.7,66282267147.232735
2024-07-10,GRS,495.9,21245494685.826607
2024-07-11,GRS,461.6,6355014790.286607
2024-07-12,GRS,457.0,4054745472.1526523
2024-07-13,GRS,459.6,8979498682.03277
2024-07-14,GRS,458.6,1829978670.3695931
2024-07-15,GRS,469.4,6827086087.213603
2024-07-16,GRS,467.0,3073352402.4933424
2024-07-17,GRS,465.9,3849152157.604141
2024-07-18,GRS,464.0,3315795849.08531
2024-07-19,GRS,480.0,5591722461.130234
2024-07-20,GRS,486.9,6887017748.35561
2024-07-21,GRS,492.6,8437364306.872116
2024-07-22,GRS,477.5,2368393003.9528184
2024-07-23,GRS,466.1,1908655898.25785
2024-07-24,GRS,457.0,1277853446.5430026
2024-07-25,GRS,439.0,1551362909.463285
2024-07-26,GRS,458.9,1212339317.2105377
2024-07-27,GRS,464.6,2093084630.0882254
2024-07-28,GRS,474.3,6229979763.919829
2024-07-29,GRS,465.8,1516236640.6493912
2024-07-30,GRS,475.9,11218382168.549274
2024-07-31,GRS,454.0,3229979352.2272635
2024-08-01,GRS,442.3,1727137056.0181262
2024-08-02,GRS,420.9,7720858410.649741
2024-08-03,GRS,469.4,70062929673.47197
2024-08-04,GRS,409.3,26520900940.47196
2024-08-05,GRS,395.8,24534226069.804173
2024-08-06,GRS,407.2,9404162892.203455
2024-08-07,GRS,399.7,7070805135.482097
2024-08-08,GRS,428.8,7762340618.732168
2024-08-09,GRS,432.6,5680790613.3657255
2024-08-10,GRS,441.2,3038154161.377914
2024-08-11,GRS,423.3,3999971319.382584
2024-08-12,GRS,429.9,3029433218.6253724
2024-08-13,GRS,422.5,3410809336.375453
2024-08-14,GRS,423.4,921015366.0565802
2024-08-15,GRS,414.9,3399301511.5881596
2024-08-16,GRS,416.7,868412757.084728
2024-08-17,GRS,412.2,357078785.43484116
2024-08-18,GRS,410.8,436791817.16107976
2024-08-19,GRS,408.0,1625605276.6786733
2024-08-20,GRS,411.1,919764967.9796444
2024-08-21,GRS,415.1,561013639.5037856
2024-08-22,GRS,420.1,1374142655.1098907
2024-08-23,GRS,435.6,2828650885.063193
2024-08-24,GRS,436.5,1409556210.153076
2024-08-25,GRS,431.5,2881631617.8613715
2024-08-26,GRS,419.3,1127879102.0445585
2024-08-27,GRS,404.9,1604603368.5057797
2024-08-28,GRS,403.2,903252725.8981107
2024-08-29,GRS,401.4,360936186.9178316
2024-08-30,GRS,397.4,500969932.1923853
2024-08-31,GRS,401.0,305728943.9553066
2024-09-01,GRS,387.0,509411400.7504151
2024-09-02,GRS,396.0,877185335.034657
2024-09-03,GRS,384.9,1578686545.1027687
2024-09-04,GRS,384.6,901205508.288559
2024-09-05,GRS,373.5,398302103.4469265
2024-09-06,GRS,366.1,1061368408.4953418
2024-09-07,GRS,370.0,1087274823.4051156
2024-09-08,GRS,374.1,1975080923.0891418
2024-09-09,GRS,383.0,856409666.2003355
2024-09-10,GRS,387.7,571802351.1026238
2024-09-11,GRS,383.5,516479900.7893886
2024-09-12,GRS,389.1,383774676.16017216
2024-09-13,GRS,396.6,1395248212.0722818
2024-09-14,GRS,391.2,399309537.32433665
2024-09-15,GRS,384.5,458356072.5775586
2024-09-16,GRS,391.5,4834868155.353146
2024-09-17,GRS,400.9,3351922972.3091764
2024-09-18,GRS,411.5,36120434004.46825
2024-09-19,GRS,422.9,9843055581.582129
2024-09-20,GRS,453.1,39756247229.52455
2024-09-21,GRS,468.7,6270835820.964952
2024-09-22,GRS,463.0,3592071683.5569916
2024-09-23,GRS,474.9,2769251593.8434067
2024-09-24,GRS,469.0,1860326440.3305335
2024-09-25,GRS,468.4,2558780343.645394
2024-09-26,GRS,470.5,3132352344.263056
2024-09-27,GRS,470.5,1467583028.8787947
2024-09-28,GRS,466.6,1253335752.9755688
2024-09-29,GRS,507.9,19172779075.740303
2024-09-30,GRS,469.0,5700736282.201969
2024-10-01,GRS,441.5,4012974295.351101
2024-10-02,GRS,428.2,2170215909.421218
2024-10-03,GRS,430.5,11829391890.55327
2024-10-04,GRS,447.7,2854465736.1328244
2024-10-05,GRS,478.0,37621066093.95393
2024-10-06,GRS,480.5,7639968876.376988
2024-10-07,GRS,465.1,2793178890.227055
2024-10-08,GRS,468.2,1098659098.3239472
2024-10-09,GRS,460.7,1105900749.7160878
2024-10-10,GRS,473.6,13139222837.72832
2024-10-11,GRS,493.4,8238987678.452789
2024-10-12,GRS,492.0,1735251318.8871639
2024-10-13,GRS,516.0,12319441130.94703
2024-10-14,GRS,513.0,4642067907.939229
2024-10-15,GRS,528.0,4197230748.9169145
2024-10-16,GRS,513.0,4528555197.97166
2024-10-17,GRS,502.0,1680274119.6581905
2024-10-18,GRS,508.0,1308009809.0705016
2024-10-19,GRS,532.0,15402563781.5816
2024-10-20,GRS,527.0,2413709707.255457
2024-10-21,GRS,507.0,2124771773.7020078
2024-10-22,GRS,513.0,1116281867.588258
2024-10-23,GRS,507.0,1767452756.3140616
2024-10-24,GRS,498.0,1071451783.6471356
2024-10-25,GRS,472.0,1189252891.7935696
2024-10-26,GRS,473.0,984894825.6465666
2024-10-27,GRS,479.0,1147482912.9296978
2024-10-28,GRS,478.0,580370542.188905
2024-10-29,GRS,489.0,824973729.2923791
2024-10-30,GRS,487.0,589188631.728018
2024-10-31,GRS,472.0,883763247.197782
2024-11-01,GRS,472.0,450412950.2650793
2024-11-02,GRS,470.0,430262091.699544
2024-11-03,GRS,441.0,1065001057.9677283
2024-11-04,GRS,422.0,916612004.7627299
2024-11-05,GRS,428.0,1887090957.797977
2024-11-06,GRS,458.0,2347143406.6381526
2024-11-07,GRS,482.0,5161880132.173337
2024-11-08,GRS,487.0,2424875537.092257
2024-11-09,GRS,501.0,2830363040.4738145
2024-11-10,GRS,525.0,4526297653.861457
2024-11-11,GRS,553.0,5431020824.249929
2024-11-12,GRS,577.0,17899302654.30023
2024-11-13,GRS,585.0,12370192160.730892
2024-11-14,GRS,533.0,3829817024.317144
2024-11-15,GRS,554.0,3443537929.451643
2024-11-16,GRS,593.0,4074438238.0664277
2024-11-17,GRS,560.0,5138671377.229364
2024-11-18,GRS,586.0,3537616725.862318
2024-11-19,GRS,617.0,37099258424.97102
2024-11-20,GRS,581.0,6779212059.628484
2024-11-21,GRS,583.0,4209657989.5682697
2024-11-22,GRS,590.0,3749207385.597096
2024-11-23,GRS,607.0,4890947309.772579
2024-11-24,GRS,636.0,15854804492.228804
2024-11-25,GRS,701.0,26651034333.198143
2024-11-26,GRS,756.0,22227457999.60936
2024-11-27,GRS,745.0,9669562966.715885
2024-11-28,GRS,817.0,376500448697.6446
2024-11-29,GRS,816.0,57351416138.48222
2024-11-30,GRS,801.0,11960430111.217384
2024-12-01,GRS,786.0,7247003901.500557
2024-12-02,GRS,770.0,10941060234.18335
2024-12-03,GRS,776.0,28400587931.26053
2024-12-04,GRS,824.0,16332372298.446238
2024-12-05,GRS,818.0,12447383057.35441
2024-12-06,GRS,804.0,8768290608.794739
2024-12-07,GRS,807.0,4384935817.819041
2024-12-08,GRS,835.0,120252890840.75584
2024-12-09,GRS,740.0,31374727267.722042
2024-12-10,GRS,684.0,35235134732.68169
2024-12-11,GRS,720.0,8063792957.4990835
2024-12-12,GRS,729.0,9131470795.435972
2024-12-13,GRS,736.0,5096608541.8568735
2024-12-14,GRS,709.0,2620900248.1801276
2024-12-15,GRS,724.0,1949644570.1445744
2024-12-16,GRS,703.0,2851601284.941726
2024-12-17,GRS,677.0,4420827094.648293
2024-12-18,GRS,637.0,2365195096.9076777
2024-12-19,GRS,619.0,3681020252.6444583
2024-12-20,GRS,635.0,5477828652.84269
2024-12-21,GRS,625.0,2446393206.1630626
2024-12-22,GRS,688.0,9938028815.484114
2024-12-23,GRS,695.0,4223102342.478727
2024-12-24,GRS,703.0,82106114154.83696
2024-12-25,GRS,669.0,8914894473.015783
2024-12-26,GRS,629.0,3601470527.4370866
2024-12-27,GRS,644.0,2206717782.740885
2024-12-28,GRS,681.0,4955172164.768434
2024-12-29,GRS,647.0,3940328355.3217626
2024-12-30,GRS,648.0,4199095601.9603
2024-12-31,GRS,640.0,1960454927.6497025
2025-01-01,GRS,649.0,1565396150.8149936
2025-01-02,GRS,651.0,2300923906.902993
2025-01-03,GRS,670.0,2455367325.9867435
2025-01-04,GRS,683.0,3166436111.7426043
2025-01-05,GRS,718.0,11917838130.847876
2025-01-06,GRS,740.0,6866335898.762507
2025-01-07,GRS,692.0,108597600139.01706
2025-01-08,GRS,732.0,34904756025.92772
2025-01-09,GRS,886.0,94934994783.45117
2025-01-10,GRS,822.0,23048515289.812096
2025-01-11,GRS,958.0,939331672182.919
2025-01-12,GRS,902.0,100134168794.36192
2025-01-13,GRS,797.0,30945293762.595493
2025-01-14,GRS,819.0,30690812337.722523
2025-01-15,GRS,796.0,20265967646.73573
2025-01-16,GRS,783.0,10557302368.04715
2025-01-17,GRS,791.0,7919882761.08047
2025-01-18,GRS,747.0,7097845600.966494
2025-01-19,GRS,710.0,9057610882.151726
2025-01-20,GRS,713.0,4837467026.28912
2025-01-21,GRS,696.0,3954074078.765248
2025-01-22,GRS,714.0,2201786771.7734795
2025-01-23,GRS,687.0,3278293075.1529455
2025-01-24,GRS,693.0,2818364998.4481707
2025-01-25,GRS,714.0,4047790461.531687
2025-01-26,GRS,768.0,20060511500.770905
2025-01-27,GRS,724.0,9381672104.364681
2025-01-28,GRS,692.0,3060015399.4522924
2025-01-29,GRS,708.0,1877141797.2159102
2025-01-30,GRS,713.0,16118126536.906155
2025-01-31,GRS,701.0,4192570561.326039
2025-02-01,GRS,689.0,2044592701.3887043
2025-02-02,GRS,637.0,4575077844.5324545
2025-02-03,GRS,643.0,6191933614.2556715
2025-02-04,GRS,604.0,3376579918.9602413
2025-02-05,GRS,598.0,1341282909.994053
2025-02-06,GRS,583.0,935548088.1331519
2025-02-07,GRS,589.0,1148491061.3692982
2025-02-08,GRS,598.0,723015848.4975365
2025-02-09,GRS,613.0,4710951529.771639
2025-02-10,GRS,621.0,6771391472.87974
2025-02-11,GRS,615.0,2241451875.9243813
2025-02-12,GRS,620.0,2328003159.8329763
2025-02-13,GRS,601.0,1081591357.6626427
2025-02-14,GRS,606.0,887399702.3614914
2025-02-15,GRS,599.0,800662767.1889585
2025-02-16,GRS,623.0,3583292951.8885508
2025-02-17,GRS,613.0,3888458997.7297163
2025-02-18,GRS,603.0,1899566565.2718556
2025-02-19,GRS,599.0,470472991.47761655
2025-02-20,GRS,603.0,595086115.7856256
2025-02-21,GRS,603.0,1224082701.3192112
2025-02-22,GRS,617.0,1848879688.2714386
2025-02-23,GRS,607.0,833001412.2282352
2025-02-24,GRS,542.0,4578047066.701117
2025-02-25,GRS,545.0,5935132763.6742325
2025-02-26,GRS,541.0,890798937.9480151
2025-02-27,GRS,546.0,986215561.9931924
2025-02-28,GRS,544.0,2123066398.3250923
2025-03-01,GRS,560.0,3527541523.203835
2025-03-02,GRS,586.0,2530057826.4436154
2025-03-03,GRS,534.0,2621438921.965865
2025-03-04,GRS,516.0,974954935.6596326
2025-03-05,GRS,527.0,784533123.1114324
2025-03-06,GRS,516.0,408132823.7502262
2025-03-07,GRS,506.0,510607078.33869535
2025-03-08,GRS,502.0,210331270.82783413
2025-03-09,GRS,461.0,2219033326.452424
2025-03-10,GRS,436.0,9746602238.878036
2025-03-11,GRS,447.0,3468847827.887378
2025-03-12,GRS,459.0,872205174.6537253
2025-03-13,GRS,468.0,1846804800.9028082
2025-03-14,GRS,474.0,550207674.4562422
2025-03-15,GRS,473.0,1005405355.1923583
2025-03-16,GRS,473.0,804001380.2451595
2025-03-17,GRS,479.0,960881133.6373808
2025-03-18,GRS,482.0,2459963017.079801
2025-03-19,GRS,490.0,5073321773.3884115
2025-03-20,GRS,503.0,4849537416.92284
2025-03-21,GRS,486.0,1020535188.0762736
2025-03-22,GRS,481.0,979260257.348369
2025-03-23,GRS,479.0,229010887.04918972
2025-03-24,GRS,484.0,479697214.71307635
2025-03-25,GRS,492.0,1799465463.849241
2025-03-26,GRS,487.0,626172393.0407954
2025-03-27,GRS,490.0,318942363.5583437
2025-03-28,GRS,454.0,1167440759.9870915
2025-03-29,GRS,443.0,889394241.4715064
2025-03-30,GRS,444.0,241166807.21022323
2025-03-31,GRS,428.0,1593413808.6344736
2025-04-01,GRS,428.0,424180819.65313995
2025-04-02,GRS,412.0,954114003.4804562
2025-04-03,GRS,411.0,209852489.26437578
2025-04-04,GRS,413.0,423934831.6887337
2025-04-05,GRS,417.0,275623655.80946434
2025-04-06,GRS,397.0,1762842259.9538412
2025-04-07,GRS,407.0,7483614476.440836
2025-04-08,GRS,425.0,4067908655.8504596
2025-04-09,GRS,479.0,7770337661.9760895
2025-04-10,GRS,471.0,4391244890.577493
2025-04-11,GRS,465.0,941529227.7177323
2025-04-12,GRS,470.0,3172584307.2716813
2025-04-13,GRS,461.0,1823459020.2973366
2025-04-14,GRS,450.0,641876955.0822495
2025-04-15,GRS,479.0,3834123081.832
2025-04-16,GRS,510.0,9728451131.32878
2025-04-17,GRS,503.0,2132450653.3002057
2025-04-18,GRS,507.0,1198043865.5339398
2025-04-19,GRS,511.0,670540339.8626906
2025-04-20,GRS,496.0,1370507025.115499
2025-04-21,GRS,500.0,532797849.42275494
2025-04-22,GRS,516.0,3985746732.822234
2025-04-23,GRS,508.0,1693760407.2479756
2025-04-24,GRS,501.0,1327577369.5076776
2025-04-25,GRS,510.0,1186311593.8367376
2025-04-26,GRS,507.0,1157794862.9628687
2025-04-27,GRS,521.0,10375999878.149773
2025-04-28,GRS,532.0,3286474665.4991293
2025-04-29,GRS,526.0,21232407998.26776
2025-04-30,GRS,511.0,1779425795.571123
2025-05-01,GRS,513.0,759995544.2126142
2025-05-02,GRS,520.0,871417162.8601712
2025-05-03,GRS,513.0,929623768.7207586
2025-05-04,GRS,516.0,1208190460.0555675
2025-05-05,GRS,493.0,1454066363.2571762
2025-05-06,GRS,473.0,1849718874.3658762
2025-05-07,GRS,471.0,698167295.7908651
2025-05-08,GRS,495.0,1227017392.1735797
2025-05-09,GRS,502.0,1397470995.9564369
2025-05-10,GRS,508.0,1073633628.2419721
2025-05-11,GRS,513.0,4536700362.869027
2025-05-12,GRS,516.0,1675595551.2846808
2025-05-13,GRS,523.0,2616746736.566699
2025-05-14,GRS,524.0,1240683255.3789132
2025-05-15,GRS,498.0,1255868315.5632672
2025-05-16,GRS,501.0,419274113.5739966
2025-05-17,GRS,492.0,506797022.58807296
2025-05-18,GRS,494.0,307740468.6753101
2025-05-19,GRS,478.0,655536616.9903866
2025-05-20,GRS,479.0,260058142.75588965
2025-05-21,GRS,477.0,293591443.1543013
2025-05-22,GRS,488.0,417380791.23093086
2025-05-23,GRS,474.0,724661812.4852887
2025-05-24,GRS,474.0,201355972.76635224
2025-05-25,GRS,471.0,314616702.92451954
2025-05-26,GRS,465.0,309303110.0671583
2025-05-27,GRS,467.0,336657833.30653703
2025-05-28,GRS,460.0,220869455.876928
2025-05-29,GRS,458.0,104538541.10377334
2025-05-30,GRS,447.0,582709227.144522
2025-05-31,GRS,434.0,403494185.8476688
2025-06-01,GRS,431.0,242228249.1865854
2025-06-02,GRS,453.0,2349377051.1047497
2025-06-03,GRS,449.0,613997533.5802485
2025-06-04,GRS,441.0,322549532.9547649
2025-06-05,GRS,422.0,480581748.7279618
2025-06-06,GRS,426.0,138667798.03963158
2025-06-07,GRS,429.0,139100636.6863928
2025-06-08,GRS,433.0,189908102.86147895
2025-06-09,GRS,442.0,232201301.4094462
2025-06-10,GRS,444.0,435247878.8324008
2025-06-11,GRS,444.0,167244015.8123515
2025-06-12,GRS,435.0,220062108.01317358
2025-06-13,GRS,423.0,392019182.5571569
2025-06-14,GRS,424.0,100229745.01361552
2025-06-15,GRS,424.0,76618315.18057416
2025-06-16,GRS,419.0,252827822.7362793
2025-06-17,GRS,414.0,217398818.56111237
2025-06-18,GRS,410.0,156322370.4935204
2025-06-19,GRS,410.0,134306393.464537
2025-06-20,GRS,408.0,320620919.92542815
2025-06-21,GRS,391.0,337424420.5503737
2025-06-22,GRS,367.0,789350946.1274908
2025-06-23,GRS,381.0,403925464.24943703
2025-06-24,GRS,387.0,1989604540.9538002
2025-06-25,GRS,392.0,1358502977.2138515
2025-06-26,GRS,374.0,552679299.3119547
2025-06-27,GRS,374.0,114144404.57811402
2025-06-28,GRS,376.0,87342293.10058431
2025-06-29,GRS,381.0,238086623.39655653
2025-06-30,GRS,377.0,220634017.18489766
2025-07-01,GRS,379.0,257501064.5849767
2025-07-02,GRS,413.0,3366505432.936204
2025-07-03,GRS,412.0,618336834.1302592
2025-07-04,GRS,439.0,2307453070.11142
2025-07-05,GRS,419.0,560982210.9251686
2025-07-06,GRS,411.0,2869980613.6631684
2025-07-07,GRS,471.0,44433419458.125854
2025-07-08,GRS,427.0,12605813425.229364
2025-07-09,GRS,418.0,3187141251.5413647
2025-07-10,GRS,425.0,3373946228.636487
2025-07-11,GRS,428.0,2641551574.6924114
2025-07-12,GRS,449.0,6074440931.2492
2025-07-13,GRS,449.0,1661006866.2175837
2025-07-14,GRS,451.0,1176205742.09915
2025-07-15,GRS,451.0,1363375060.4723258
2025-07-16,GRS,449.0,1209696729.7109616
2025-07-17,GRS,446.0,1215821127.3964975
2025-07-18,GRS,448.0,1495499858.0644057
2025-07-19,GRS,455.0,1030331875.2188325
2025-07-20,GRS,468.0,1680352967.8295333
2025-07-21,GRS,471.0,1584573950.7559803
2025-07-22,GRS,484.0,33364160380.102665
2025-07-23,GRS,461.0,5236163588.24267
2025-07-24,GRS,446.0,1997434664.0335553
2025-07-25,GRS,443.0,1158894570.459017
2025-07-26,GRS,443.0,446179138.4668829
2025-07-27,GRS,455.0,1245184758.9619756
2025-07-28,GRS,447.0,646123164.6848228
2025-07-29,GRS,441.0,499354850.2558751
2025-07-30,GRS,460.0,11891274754.272694
2025-07-31,GRS,444.0,1714948122.8834755
2025-08-01,GRS,427.0,1022439315.6636928
2025-08-02,GRS,414.0,437260659.40430546
2025-08-03,GRS,422.0,214082327.97411036
2025-08-04,GRS,428.0,271730293.80532366
2025-08-05,GRS,419.0,398825594.51055104
2025-08-06,GRS,421.0,249354390.2265049
2025-08-07,GRS,426.0,334685106.8464303
2025-08-08,GRS,428.0,255432800.69795865
2025-08-09,GRS,436.0,493917502.4757372
2025-08-10,GRS,438.0,533916242.70156276
2025-08-11,GRS,429.0,363769162.3762439
2025-08-12,GRS,439.0,686927394.3723425
2025-08-13,GRS,442.0,370049347.7325752
2025-08-14,GRS,425.0,942371512.0866799
2025-08-15,GRS,427.0,321605776.3690992
2025-08-16,GRS,428.0,101303588.08515304
2025-08-17,GRS,429.0,167578477.9044047
2025-08-18,GRS,420.0,335283808.9226808
2025-08-19,GRS,413.0,324370930.02501976
2025-08-20,GRS,421.0,230608685.2552088
2025-08-21,GRS,416.0,247724113.19490016
2025-08-22,GRS,426.0,415869354.81919783
2025-08-23,GRS,424.0,212511668.0728163
2025-08-24,GRS,423.0,215694916.70486823
2025-08-25,GRS,415.0,449648863.91341984
2025-08-26,GRS,421.0,305150016.1839677
2025-08-27,GRS,418.0,142255459.61340606
2025-08-28,GRS,427.0,970714682.6850665
2025-08-29,GRS,414.0,1186828791.949866
2025-08-30,GRS,414.0,470760390.85820216
2025-08-31,GRS,413.0,175915164.8869209
2025-09-01,GRS,408.0,287738267.9185157
2025-09-02,GRS,412.0,122423046.43057685
2025-09-03,GRS,412.0,92861314.14892092
2025-09-04,GRS,405.0,127369901.37134475
2025-09-05,GRS,406.0,137189800.98368552
2025-09-06,GRS,404.0,107857279.29181442
2025-09-07,GRS,403.0,105128777.77841738
2025-09-08,GRS,407.0,139945167.62441972
2025-09-09,GRS,411.0,225973865.75909334
2025-09-10,GRS,412.0,226857800.1527573
2025-09-11,GRS,412.0,268836601.49326694
2025-09-12,GRS,415.0,269555902.24184805
2025-09-13,GRS,416.0,384433429.3996144
2025-09-14,GRS,412.0,285109573.08628136
2025-09-15,GRS,406.0,225195648.73298737
2025-09-16,GRS,408.0,111241821.27694081
2025-09-17,GRS,409.0,130931671.02386302
2025-09-18,GRS,413.0,915778220.9979271
2025-09-19,GRS,406.0,230878656.82470426
2025-09-20,GRS,408.0,117857719.244052
2025-09-21,GRS,408.0,996751448.8135517
2025-09-22,GRS,390.0,706430882.1567816
2025-09-23,GRS,390.0,349561989.6010047
2025-09-24,GRS,389.0,127636026.18952389
2025-09-25,GRS,379.0,286968691.1697272
2025-09-26,GRS,380.0,403905113.2783526
2025-09-27,GRS,375.0,278468989.84110373
2025-09-28,GRS,376.0,115221379.663844
2025-09-29,GRS,377.0,260841847.73330176
2025-09-30,GRS,375.0,1051439177.4351562
2025-10-01,GRS,384.0,327978459.6367219
2025-10-02,GRS,383.0,290031969.4727661
2025-10-03,GRS,384.0,189956156.65476096
2025-10-04,GRS,385.0,174086396.7835069
2025-10-05,GRS,383.0,163114841.56114596
2025-10-06,GRS,389.0,68765233.11266185
2025-10-07,GRS,381.0,249833892.7897292
2025-10-08,GRS,377.0,153690675.498233
2025-10-09,GRS,380.0,673266794.1731844
2025-10-10,GRS,350.0,648340927.093657
2025-10-11,GRS,344.0,536983990.0568452
2025-10-12,GRS,357.0,291521757.7548448
2025-10-13,GRS,358.0,295320389.31544554
2025-10-14,GRS,358.0,458776311.4819738
2025-10-15,GRS,350.0,254487236.1687075
2025-10-16,GRS,341.0,202310998.55434227
2025-10-17,GRS,329.0,563657624.9651314
2025-10-18,GRS,327.0,146418874.59009346
2025-10-19,GRS,330.0,389770968.0920451
2025-10-20,GRS,331.0,133898061.30698979
2025-10-21,GRS,325.0,171124274.97264126
2025-10-22,GRS,323.0,69923901.55477674
2025-10-23,GRS,324.0,40761474.08889636
2025-10-24,GRS,323.0,84850452.68709292
2025-10-25,GRS,320.0,92313114.6801664
2025-10-26,GRS,328.0,62944692.11788392
2025-10-27,GRS,335.0,232584349.2256995
2025-10-28,GRS,326.0,124287335.37897478
2025-10-29,GRS,328.0,67704201.35687071
2025-10-30,GRS,318.0,117211854.0053085
2025-10-31,GRS,319.0,64081657.67863574
2025-11-01,GRS,318.0,46036220.38558656
2025-11-02,GRS,313.0,61092793.695869744
2025-11-03,GRS,259.0,516303383.4858645
2025-11-04,GRS,241.0,1062420939.0943902
2025-11-05,GRS,241.0,668210963.9015826
2025-11-06,GRS,253.0,20673133263.700966
2025-11-07,GRS,271.0,5155918130.027271
2025-11-08,GRS,267.0,1554766134.796936
2025-11-09,GRS,271.0,737153488.2837423
2025-11-10,GRS,272.0,521749468.23312175
2025-11-11,GRS,277.0,3382136145.5739684
2025-11-12,GRS,341.0,132335301730.21579
2025-11-13,GRS,289.0,17253703853.62538
2025-11-14,GRS,294.0,19390567876.811646
2025-11-15,GRS,319.0,49737117519.00896
2025-11-16,GRS,287.0,7673314800.296336
2025-11-17,GRS,261.0,3519319948.99148
2025-11-18,GRS,256.0,1891611800.0557184
2025-11-19,GRS,250.0,1645488858.869725
2025-11-20,GRS,241.0,768852046.5601978
2025-11-21,GRS,237.0,1083690279.296622
2025-11-22,GRS,230.0,634565201.729328
2025-11-23,GRS,238.0,4179216665.8429146
2025-11-24,GRS,240.0,1318645175.8803504
2025-11-25,GRS,239.0,570974397.4961255
2025-11-26,GRS,242.0,523360836.1327447
2025-11-27,GRS,264.0,13817796433.001484
2025-11-28,GRS,258.0,2831138798.047867
2025-11-29,GRS,267.0,10521410984.350595
2025-11-30,GRS,275.0,23584885196.625973
2025-12-01,GRS,244.0,2314720783.506302
2025-12-02,GRS,204.0,14500793865.273151
2025-12-03,GRS,300.0,138166782525.7748
2025-12-04,GRS,298.0,73982448355.8458
2025-12-05,GRS,267.0,32970158960.24117
2025-12-06,GRS,252.0,25990823505.642982
2025-12-07,GRS,237.0,14083854484.478428
2025-12-08,GRS,241.0,13550763926.18968
2025-12-09,GRS,235.0,6020730135.261478
2025-12-10,GRS,229.0,6884658077.384588
2025-12-11,GRS,238.0,41648109520.516525
2025-12-12,GRS,239.0,19989511799.922527
2025-12-13,GRS,230.0,5304961170.61479
2025-12-14,GRS,233.0,19702843023.586304
2025-12-15,GRS,217.0,12208420053.554415
2025-12-16,GRS,298.0,133173072987.26593
2025-12-17,GRS,290.0,75830108249.00749
2025-12-18,GRS,272.0,25289006233.45843
2025-12-19,GRS,261.0,17164684846.83235
2025-12-20,GRS,252.0,12492311581.15401
2025-12-21,GRS,241.0,22233415475.526825
2025-12-22,GRS,246.0,23860279584.610348
2025-12-23,GRS,261.0,51752325440.16428
2025-12-24,GRS,279.0,43878998335.81133
2025-12-25,GRS,261.0,22430521961.973118
2025-12-26,GRS,235.0,17603132543.684032
2025-12-27,GRS,234.0,17931226370.60865
2025-12-28,GRS,233.0,11188942757.685326
2025-12-29,GRS,222.0,11450494647.756224
2025-12-30,GRS,222.0,13832066302.090801
2025-12-31,GRS,223.0,7608496389.226444
2026-01-01,GRS,217.0,4841923771.105817
2026-01-02,GRS,214.0,3678380712.737887
2026-01-03,GRS,236.0,66835780898.27893
2026-01-04,GRS,228.0,20340762710.429176
2026-01-05,GRS,224.0,13333965817.091572
2026-01-06,GRS,227.0,33750403379.97377
2026-01-07,GRS,216.0,12650994860.918953
2026-01-08,GRS,212.0,18078265431.982086
2026-01-09,GRS,216.0,23630241166.393005
2026-01-10,GRS,217.0,11282391670.573856
2026-01-11,GRS,208.0,18242098619.652435
2026-01-12,GRS,212.0,77435076975.7528
2026-01-13,GRS,201.0,21034861035.61331
2026-01-14,GRS,182.0,16931410811.26973
2026-01-15,GRS,91.4,20216586790.170322
2025-08-08,IP,9010.0,137586551734.33707
2025-08-09,IP,9045.0,35730066723.25997
2025-08-10,IP,9435.0,41271452640.61138
2025-08-11,IP,8525.0,34006023481.47617
2025-08-12,IP,7990.0,58597260564.71633
2025-08-13,IP,8110.0,25640583443.113888
2025-08-14,IP,7650.0,12450686867.552906
2025-08-15,IP,7840.0,5189666244.821631
2025-08-16,IP,7985.0,5345444013.022382
2025-08-17,IP,8320.0,7906309607.79945
2025-08-18,IP,7850.0,6525133131.006596
2025-08-19,IP,7715.0,3939912723.164427
2025-08-20,IP,8095.0,4252244738.1812105
2025-08-21,IP,8000.0,2206248426.8098397
2025-08-22,IP,8345.0,4387136517.957288
2025-08-23,IP,8250.0,4462869554.22297
2025-08-24,IP,8765.0,7584344936.644094
2025-08-25,IP,7830.0,7393571482.31182
2025-08-26,IP,8780.0,10660853711.31861
2025-08-27,IP,8320.0,5156877764.899245
2025-08-28,IP,8555.0,2246850862.532578
2025-08-29,IP,8450.0,1922739717.7444625
2025-08-30,IP,10950.0,168930202367.49844
2025-08-31,IP,11090.0,188875480577.4224
2025-09-01,IP,10570.0,46334664223.29683
2025-09-02,IP,10810.0,10159080042.516024
2025-09-03,IP,11220.0,31553728120.75851
2025-09-04,IP,11050.0,32800685553.8902
2025-09-05,IP,11270.0,24099419608.796455
2025-09-06,IP,11200.0,10911703469.44395
2025-09-07,IP,12290.0,21567219208.68956
2025-09-08,IP,11960.0,21166118254.730564
2025-09-09,IP,14640.0,210936257465.4648
2025-09-10,IP,14490.0,41727776920.4322
2025-09-11,IP,13340.0,16741609725.289734
2025-09-12,IP,13390.0,10396931735.31088
2025-09-13,IP,13720.0,7908826897.149998
2025-09-14,IP,13540.0,5038283212.56673
2025-09-15,IP,13370.0,24964736927.918217
2025-09-16,IP,13900.0,9162244547.026348
2025-09-17,IP,14060.0,11946810839.051458
2025-09-18,IP,14600.0,20565101802.76807
2025-09-19,IP,14980.0,12234467643.993137
2025-09-20,IP,16600.0,35178914579.66589
2025-09-21,IP,19080.0,201231164459.23523
2025-09-22,IP,19350.0,110168920850.70364
2025-09-23,IP,16910.0,41274912645.590996
2025-09-24,IP,16420.0,27589670017.676853
2025-09-25,IP,12300.0,45509904628.03085
2025-09-26,IP,12480.0,90045018233.25916
2025-09-27,IP,11860.0,13834480150.862028
2025-09-28,IP,13380.0,84281262597.11635
2025-09-29,IP,12440.0,36761590620.42204
2025-09-30,IP,12700.0,9799923308.690638
2025-10-01,IP,12550.0,11954826489.406448
2025-10-02,IP,13050.0,8242956770.271363
2025-10-03,IP,14300.0,18422931350.887062
2025-10-04,IP,13760.0,7953509248.227505
2025-10-05,IP,13700.0,5205716985.269028
2025-10-06,IP,14760.0,8695806343.969702
2025-10-07,IP,13610.0,5736205328.331665
2025-10-08,IP,13320.0,3859018855.2163796
2025-10-09,IP,12810.0,4895066635.398303
2025-10-10,IP,7055.0,30886839259.130688
2025-10-11,IP,8165.0,140895128498.36716
2025-10-12,IP,8525.0,60675108106.06247
2025-10-13,IP,10260.0,121503321486.09508
2025-10-14,IP,9935.0,83739365081.55896
2025-10-15,IP,9215.0,27168135705.59334
2025-10-16,IP,8550.0,22852628740.94947
2025-10-17,IP,8550.0,39882891726.099365
2025-10-18,IP,8405.0,8218682579.699909
2025-10-19,IP,8245.0,8228834083.306824
2025-10-20,IP,8305.0,16393649169.562881
2025-10-21,IP,8125.0,8584050375.393512
2025-10-22,IP,7825.0,4672388090.219151
2025-10-23,IP,7720.0,5481030909.434286
2025-10-24,IP,8115.0,10735085679.714222
2025-10-25,IP,7800.0,5705651873.806482
2025-10-26,IP,8080.0,6278815489.605777
2025-10-27,IP,7625.0,17634980271.369007
2025-10-28,IP,7480.0,5555287932.113942
2025-10-29,IP,7200.0,5056919588.011968
2025-10-30,IP,6670.0,6158534748.035029
2025-10-31,IP,6575.0,2731367992.0192842
2025-11-01,IP,6685.0,7125072399.853371
2025-11-02,IP,6425.0,4009334213.7827616
2025-11-03,IP,5945.0,6480474680.383596
2025-11-04,IP,5560.0,5661955852.35263
2025-11-05,IP,5280.0,23979217524.23298
2025-11-06,IP,5030.0,6530443870.394179
2025-11-07,IP,5865.0,10993536829.566805
2025-11-08,IP,5755.0,6310925847.007082
2025-11-09,IP,5650.0,5227837827.387592
2025-11-10,IP,5785.0,5502691457.64245
2025-11-11,IP,5310.0,5035336889.2994375
2025-11-12,IP,5635.0,43134722316.196236
2025-11-13,IP,5395.0,42175089813.22493
2025-11-14,IP,4592.0,21992045676.455925
2025-11-15,IP,4752.0,12934046386.010534
2025-11-16,IP,4393.0,4839227674.353522
2025-11-17,IP,4124.0,6414168262.113515
2025-11-18,IP,4220.0,3976786472.453052
2025-11-19,IP,4120.0,18439081355.70074
2025-11-20,IP,3750.0,5534089754.387437
2025-11-21,IP,3586.0,7026780872.14978
2025-11-22,IP,3427.0,3490756679.5885015
2025-11-23,IP,3732.0,15293425625.27228
2025-11-24,IP,3738.0,7909169508.055544
2025-11-25,IP,4474.0,32406732596.465252
2025-11-26,IP,4027.0,40704390467.37188
2025-11-27,IP,3938.0,16306376499.62992
2025-11-28,IP,3880.0,6270779931.083036
2025-11-29,IP,3816.0,3094458737.153485
2025-11-30,IP,3788.0,5654369548.2369795
2025-12-01,IP,3448.0,8564665048.498981
2025-12-02,IP,3450.0,5412941505.9419775
2025-12-03,IP,3544.0,5216741841.218895
2025-12-04,IP,3506.0,4580696796.549607
2025-12-05,IP,3287.0,3009085123.9503603
2025-12-06,IP,3307.0,2031777793.9351928
2025-12-07,IP,3107.0,2435544553.9519043
2025-12-08,IP,3211.0,3310792524.5924115
2025-12-09,IP,3283.0,2623980836.1689534
2025-12-10,IP,3090.0,2246776463.1556435
2025-12-11,IP,3004.0,2087298139.6493924
2025-12-12,IP,2806.0,2682796092.468143
2025-12-13,IP,2859.0,971669711.1698503
2025-12-14,IP,2700.0,1603905764.344758
2025-12-15,IP,2562.0,2042376178.8572104
2025-12-16,IP,2526.0,1343940393.328997
2025-12-17,IP,2438.0,3306088937.4961185
2025-12-18,IP,2362.0,2019974719.1370552
2025-12-19,IP,2496.0,1530582281.7239635
2025-12-20,IP,2437.0,1962714351.0376818
2025-12-21,IP,2342.0,4181454523.4797564
2025-12-22,IP,2268.0,3722298182.1830926
2025-12-23,IP,2203.0,2613177324.6445894
2025-12-24,IP,2177.0,1907322289.7604597
2025-12-25,IP,2105.0,2654097477.34619
2025-12-26,IP,2129.0,2609449018.0039525
2025-12-27,IP,2293.0,15387188079.958294
2025-12-28,IP,2247.0,14966580409.644648
2025-12-29,IP,2244.0,8682184456.6433
2025-12-30,IP,2330.0,2899621408.201062
2025-12-31,IP,2512.0,24052243981.039673
2026-01-01,IP,2852.0,125681780230.57303
2026-01-02,IP,3052.0,134921496756.69086
2026-01-03,IP,3052.0,45953927659.753296
2026-01-04,IP,3080.0,25033627464.943607
2026-01-05,IP,3136.0,42891758351.7664
2026-01-06,IP,3106.0,21037807498.749496
2026-01-07,IP,2952.0,28837673914.020164
2026-01-08,IP,2950.0,13431983367.451628
2026-01-09,IP,2968.0,5658530941.206635
2026-01-10,IP,2966.0,3113863205.2232876
2026-01-11,IP,3355.0,36316710931.7538
2026-01-12,IP,4271.0,229017378478.7841
2026-01-13,IP,5785.0,464764375416.0941
2026-01-14,IP,5070.0,176921839195.609
2026-01-15,IP,4154.0,138756395003.45084
2026-01-16,IP,4179.0,80058385871.94992
2026-01-17,IP,3808.0,65600191013.539474
2026-01-18,IP,4081.0,225263577726.7607
2026-01-19,IP,3659.0,56534982107.78177
2026-01-20,IP,3397.0,40664728087.12129
2026-01-21,IP,3496.0,143979383558.82178
2026-01-22,IP,3670.0,151152232749.485
2026-01-23,IP,3422.0,67701951803.78755
2026-01-24,IP,3560.0,97094163866.29022
2026-01-25,IP,3165.0,24254585129.38419
2026-01-26,IP,3159.0,35505446997.94528
2026-01-27,IP,3197.0,25055432545.597622
2026-01-28,IP,3027.0,14945552124.30792
2026-01-29,IP,2798.0,25957935868.907234
2026-01-30,IP,2661.0,46532567460.98336
2026-01-31,IP,2231.0,30082203190.94204
2026-02-01,IP,2179.0,28123588983.002583
2026-02-02,IP,2223.0,41673532816.891914
2026-02-03,IP,2091.0,33722681161.960087
2026-02-04,IP,1965.0,19937263018.091183
2026-02-05,IP,1741.0,34342531669.572067
2026-02-06,IP,2001.0,25994631900.247116
2026-02-07,IP,1908.0,9461721136.020973
2026-02-08,IP,1861.0,6104274900.609877
2026-02-09,IP,1820.0,21603655326.6611
2026-02-10,IP,1735.0,15581828252.244987
2026-02-11,IP,1686.0,20620831927.19523
2026-02-12,IP,1645.0,19900272884.24655
2026-02-13,IP,1708.0,57809172144.550156
2026-02-14,IP,1763.0,29378732329.810707
2026-02-15,IP,1679.0,62669838228.554794
2026-02-16,IP,1746.0,55141368677.20974
2026-02-17,IP,1705.0,18282475121.682632
2026-02-18,IP,1639.0,15446413646.10307
2026-02-19,IP,1653.0,16027465020.337973
2026-02-20,IP,1657.0,14249872955.139282
2026-02-21,IP,1611.0,10125694400.809875
2026-02-22,IP,1576.0,9478843306.379898
2026-02-23,IP,1500.0,12639424046.622746
2026-02-24,IP,1502.0,9004706986.831278
2026-02-25,IP,1523.0,16735527849.848328
2026-02-26,IP,1445.0,15042863983.702843
2026-02-27,IP,1380.0,10866036898.000597
2026-02-28,IP,1358.0,12731524000.440004
2026-03-01,IP,1277.0,11031947248.24865
2026-03-02,IP,1239.0,18325617541.881958
2026-03-03,IP,1243.0,37810342274.89365
2026-03-04,IP,1251.0,24991378909.52472
2026-03-05,IP,1255.0,28075677380.35397
2026-03-06,IP,1245.0,22241205449.07388
2026-03-07,IP,1207.0,12869024452.97243
2026-03-08,IP,1155.0,12355394078.440895
2026-03-09,IP,1153.0,11262089588.927801
2026-03-10,IP,1173.0,13124584754.257574
2026-03-11,IP,1138.0,8959452872.104229
2026-03-12,IP,1159.0,11363550338.130842
2026-03-13,IP,1169.0,9453073606.912172
2026-03-14,IP,1159.0,32844907872.107513
2026-03-15,IP,1162.0,9254496719.436026
2026-03-16,IP,1203.0,15371999320.274473
2026-03-17,IP,1182.0,14236650141.78136
2026-03-18,IP,1221.0,50984296968.82232
2026-03-19,IP,1164.0,16197598758.13193
2026-03-20,IP,1128.0,12627929747.345272
2026-03-21,IP,1125.0,77890549.5788585
2025-07-29,NOM,94.28,322966204317.5172
2025-07-30,NOM,91.46666667,235690788584.57364
2025-07-31,NOM,84.06666667,54104037685.03929
2025-08-01,NOM,80.93333333,57470391410.859375
2025-08-02,NOM,76.26666667,22537182781.282745
2025-08-03,NOM,77.26666667,12085153287.775103
2025-08-04,NOM,78.73333333,16265531954.061121
2025-08-05,NOM,74.66666667,15760822822.550646
2025-08-06,NOM,76.66666667,35693360336.67714
2025-08-07,NOM,87.0,239865944720.94696
2025-08-08,NOM,87.46666667,64111022345.449425
2025-08-09,NOM,89.13333333,78911801656.33542
2025-08-10,NOM,84.73333333,29086105588.04721
2025-08-11,NOM,79.73333333,13404875499.11411
2025-08-12,NOM,79.93333333,13115682996.699902
2025-08-13,NOM,80.2,13914316110.451517
2025-08-14,NOM,74.06666667,9504503636.191017
2025-08-15,NOM,76.06666667,4754458507.015728
2025-08-16,NOM,75.93333333,2654513067.5747795
2025-08-17,NOM,75.66666667,4243412582.4400153
2025-08-18,NOM,72.06666667,5195649530.143638
2025-08-19,NOM,67.2,4308557031.670803
2025-08-20,NOM,69.6,3058835508.427761
2025-08-21,NOM,67.46666667,1651645272.1558378
2025-08-22,NOM,72.2,52386895160.4033
2025-08-23,NOM,71.33333333,14575390132.957613
2025-08-24,NOM,68.66666667,3549605234.812036
2025-08-25,NOM,64.22666667,4064165465.5497227
2025-08-26,NOM,65.08,2144626566.1389856
2025-08-27,NOM,63.22666667,2752797159.292557
2025-08-28,NOM,64.22666667,3473173248.7311873
2025-08-29,NOM,61.22666667,4753468543.871403
2025-08-30,NOM,60.96,1695090170.846985
2025-08-31,NOM,59.02666667,1445611327.0506358
2025-09-01,NOM,56.6,2709537878.8763704
2025-09-02,NOM,58.04,5058188614.874132
2025-09-03,NOM,58.92,1532790773.8150346
2025-09-04,NOM,56.94666667,1358239734.371014
2025-09-05,NOM,58.54666667,9624782340.146212
2025-09-06,NOM,61.18666667,32045781545.837288
2025-09-07,NOM,61.57333333,30838600915.73581
2025-09-08,NOM,60.30666667,8562753588.230454
2025-09-09,NOM,60.09333333,7163860115.206778
2025-09-10,NOM,69.86666667,196319069441.84653
2025-09-11,NOM,64.73333333,31775673607.580917
2025-09-12,NOM,64.77333333,11313383719.455482
2025-09-13,NOM,66.93333333,16295745365.928312
2025-09-14,NOM,64.94666667,5836199089.741398
2025-09-15,NOM,64.82666667,7131274576.501329
2025-09-16,NOM,66.6,36345559703.01184
2025-09-17,NOM,67.06666667,14409638011.290249
2025-09-18,NOM,71.66666667,10280870957.75724
2025-09-19,NOM,79.33333333,92147182534.07999
2025-09-20,NOM,77.93333333,30542156066.56469
2025-09-21,NOM,74.8,14404680185.208221
2025-09-22,NOM,80.86666667,148397270401.13693
2025-09-23,NOM,79.46666667,45401523049.01648
2025-09-24,NOM,79.93333333,11185455858.2838
2025-09-25,NOM,74.93333333,19481298412.73955
2025-09-26,NOM,71.46666667,18732552896.053955
2025-09-27,NOM,69.66666667,6218372150.282194
2025-09-28,NOM,77.53333333,81845042668.16965
2025-09-29,NOM,73.86666667,14314669635.63549
2025-09-30,NOM,69.86666667,4262508781.495016
2025-10-01,NOM,64.73333333,13405644909.230145
2025-10-02,NOM,59.84,13348273823.528727
2025-10-03,NOM,59.05333333,7809954099.72084
2025-10-04,NOM,62.58666667,86517838053.97275
2025-10-05,NOM,61.73333333,16933179413.09665
2025-10-06,NOM,62.25333333,21169562434.449997
2025-10-07,NOM,59.49333333,5309121354.177821
2025-10-08,NOM,60.04,1641996882.1279516
2025-10-09,NOM,54.24,12039288934.986412
2025-10-10,NOM,45.64,47940424155.3273
2025-10-11,NOM,47.25333333,18793221213.36604
2025-10-12,NOM,50.0,6797479819.950263
2025-10-13,NOM,50.36,5817837397.260518
2025-10-14,NOM,47.73333333,4447632019.939682
2025-10-15,NOM,46.69333333,5594744570.053146
2025-10-16,NOM,46.2,9750573250.029371
2025-10-17,NOM,43.96,2461049789.82721
2025-10-18,NOM,43.78666667,1260465869.8364792
2025-10-19,NOM,44.36,768267345.4337486
2025-10-20,NOM,43.44,1072620842.1236482
2025-10-21,NOM,33.8,19412052876.216827
2025-10-22,NOM,30.6,9888085014.219782
2025-10-23,NOM,31.4,3592160313.996761
2025-10-24,NOM,30.8,3747075529.262533
2025-10-25,NOM,31.4,8809346260.633879
2025-10-26,NOM,35.1,97823118771.02434
2025-10-27,NOM,32.0,11406459624.797705
2025-10-28,NOM,31.1,15230828608.789246
2025-10-29,NOM,30.0,3772404738.9660354
2025-10-30,NOM,27.5,3230509021.4638524
2025-10-31,NOM,27.9,2476317566.2360234
2025-11-01,NOM,28.1,1222409155.3371844
2025-11-02,NOM,27.1,2298427674.7306504
2025-11-03,NOM,22.9,7033162993.609575
2025-11-04,NOM,21.8,4208527347.920968
2025-11-05,NOM,21.7,2389442345.7450414
2025-11-06,NOM,19.9,2047581212.4780724
2025-11-07,NOM,21.6,4113174572.190821
2025-11-08,NOM,23.0,3739718830.7806644
2025-11-09,NOM,21.8,2214304179.7820897
2025-11-10,NOM,21.9,3484412920.5976434
2025-11-11,NOM,21.0,9925695028.652506
2025-11-12,NOM,21.5,2667529318.1787715
2025-11-13,NOM,20.4,8259834299.632159
2025-11-14,NOM,20.5,7430495753.7482195
2025-11-15,NOM,20.0,2879032788.1486473
2025-11-16,NOM,19.2,4928738117.093475
2025-11-17,NOM,18.1,1801505602.34573
2025-11-18,NOM,17.8,1877959912.147071
2025-11-19,NOM,17.4,1142702575.357602
2025-11-20,NOM,17.3,2229031694.3310723
2025-11-21,NOM,17.7,4121657483.8182173
2025-11-22,NOM,17.8,10124420832.639482
2025-11-23,NOM,18.8,5283644328.030347
2025-11-24,NOM,18.3,3607080497.222429
2025-11-25,NOM,18.1,2515192425.6736546
2025-11-26,NOM,18.0,1880397372.7704527
2025-11-27,NOM,19.0,5068640007.215331
2025-11-28,NOM,18.7,4045729543.069203
2025-11-29,NOM,17.8,1851139761.1521387
2025-11-30,NOM,17.1,2574909758.0825467
2025-12-01,NOM,14.9,2272364268.5998125
2025-12-02,NOM,15.5,1264785767.7400773
2025-12-03,NOM,15.8,829973745.3883789
2025-12-04,NOM,15.8,1316183318.9619813
2025-12-05,NOM,15.2,1051871325.7988796
2025-12-06,NOM,15.2,641052195.2225689
2025-12-07,NOM,14.6,719723725.4325916
2025-12-08,NOM,14.6,809109773.649333
2025-12-09,NOM,14.7,663502180.8209454
2025-12-10,NOM,13.8,1330580916.191466
2025-12-11,NOM,13.4,1159955749.228219
2025-12-12,NOM,13.1,712846409.6894586
2025-12-13,NOM,13.1,480505294.8503577
2025-12-14,NOM,12.0,1153166285.8255181
2025-12-15,NOM,11.1,1568925981.5838568
2025-12-16,NOM,11.2,1473862981.5310073
2025-12-17,NOM,10.2,1914600625.6957877
2025-12-18,NOM,9.53,1595832047.856432
2025-12-19,NOM,10.4,3318121057.9814425
2025-12-20,NOM,11.7,37305601522.77528
2025-12-21,NOM,10.8,3704303867.760408
2025-12-22,NOM,10.7,2297292699.751363
2025-12-23,NOM,10.6,1721960603.2325883
2025-12-24,NOM,10.9,5024265786.491075
2025-12-25,NOM,11.6,16698486474.50482
2025-12-26,NOM,11.3,16596057094.474686
2025-12-27,NOM,11.6,8394759000.588212
2025-12-28,NOM,11.3,2576696738.9242964
2025-12-29,NOM,11.5,5461429456.502578
2025-12-30,NOM,11.5,4106510087.6884465
2025-12-31,NOM,11.0,2580214323.148996
2026-01-01,NOM,10.9,1496508996.735352
2026-01-02,NOM,11.3,2359207322.1004353
2026-01-03,NOM,12.3,18986563653.536175
2026-01-04,NOM,12.2,5009241827.53693
2026-01-05,NOM,12.5,3002297139.531403
2026-01-06,NOM,12.8,4163440377.406532
2026-01-07,NOM,12.3,3312057153.260762
2026-01-08,NOM,11.9,2784559611.1652026
2026-01-09,NOM,11.9,1311238568.6655872
2026-01-10,NOM,12.1,2323457926.2813716
2026-01-11,NOM,11.9,7325849057.844185
2026-01-12,NOM,11.5,2271799961.740722
2026-01-13,NOM,12.0,1832986001.972652
2026-01-14,NOM,12.3,2713371822.6482534
2026-01-15,NOM,11.7,1736769767.8284237
2026-01-16,NOM,11.9,1117364227.5157142
2026-01-17,NOM,11.9,1100683130.7473295
2026-01-18,NOM,11.6,1960538757.7567012
2026-01-19,NOM,11.1,1259197386.810667
2026-01-20,NOM,9.91,2239727727.13006
2026-01-21,NOM,10.2,1224320534.605418
2026-01-22,NOM,10.1,1120797432.646325
2026-01-23,NOM,10.5,2174507425.6570864
2026-01-24,NOM,12.8,24345451087.004887
2026-01-25,NOM,21.8,554604318840.6333
2026-01-26,NOM,17.4,90435498184.0785
2026-01-27,NOM,15.3,22054679444.64576
2026-01-28,NOM,15.1,53740127953.95021
2026-01-29,NOM,13.7,12577709608.31677
2026-01-30,NOM,14.9,37408943953.99015
2026-01-31,NOM,12.5,18846227904.64917
2026-02-01,NOM,10.7,10328946705.680828
2026-02-02,NOM,11.1,8854794429.751055
2026-02-03,NOM,10.3,3653479461.864614
2026-02-04,NOM,10.2,4243125285.134571
2026-02-05,NOM,8.55,4947717412.288067
2026-02-06,NOM,9.25,7196271753.001316
2026-02-07,NOM,9.01,16795879177.779785
2026-02-08,NOM,9.21,18822854594.736946
2026-02-09,NOM,9.05,4148706957.6709013
2026-02-10,NOM,9.24,4248949422.679914
2026-02-11,NOM,9.5,3442174186.941136
2026-02-12,NOM,8.69,17391337094.80806
2026-02-13,NOM,8.24,4214138708.9570093
2026-02-14,NOM,8.4,3045700795.2985487
2026-02-15,NOM,8.27,30836716955.10537
2026-02-16,NOM,8.58,19787581978.84528
2026-02-17,NOM,8.43,4826201961.201291
2026-02-18,NOM,8.15,2616922885.9138446
2026-02-19,NOM,7.82,4856710059.654137
2026-02-20,NOM,8.54,21962739984.88722
2026-02-21,NOM,8.52,25700664852.0794
2026-02-22,NOM,8.1,33413954069.239628
2026-02-23,NOM,7.61,4488698780.342509
2026-02-24,NOM,7.16,3847086921.521153
2026-02-25,NOM,7.22,1688682605.6321278
2026-02-26,NOM,6.78,2999723337.893511
2026-02-27,NOM,6.58,34062696766.962364
2026-02-28,NOM,6.17,4076316498.817576
2026-03-01,NOM,6.3,2820016435.1944027
2026-03-02,NOM,6.15,4993565049.606297
2026-03-03,NOM,6.15,3056881517.0022254
2026-03-04,NOM,6.05,1797650032.5669286
2026-03-05,NOM,6.0,999128858.3294355
2026-03-06,NOM,6.3,18121256914.91093
2026-03-07,NOM,6.05,2027811279.6788974
2026-03-08,NOM,6.04,1171683812.834253
2026-03-09,NOM,6.16,2448250131.253408
2026-03-10,NOM,6.37,18343687877.23177
2026-03-11,NOM,6.14,4711466138.977266
2026-03-12,NOM,7.58,67357702570.31442
2026-03-13,NOM,7.55,45421203132.43908
2026-03-14,NOM,7.09,10723001340.193733
2026-03-15,NOM,6.96,16503810694.393082
2026-03-16,NOM,6.83,8440497921.74243
2026-03-17,NOM,7.25,67731391540.7394
2026-03-18,NOM,6.77,22695683285.13903
2026-03-19,NOM,6.79,10405111494.555882
2026-03-20,NOM,6.79,4649747370.359525
2026-03-21,NOM,6.81,81543142.93447478
2025-05-21,OM,571.6,108377990779.7797
2025-05-22,OM,583.2,12990433912.481714
2025-05-23,OM,544.0,12036692007.747545
2025-05-24,OM,563.6,4154417563.2680044
2025-05-25,OM,561.6,4112747654.8490973
2025-05-26,OM,541.4,2134612598.892001
2025-05-27,OM,542.0,2055082890.3270497
2025-05-28,OM,542.4,2574457670.4669876
2025-05-29,OM,522.1,1619685753.9335403
2025-05-30,OM,423.7,11761955570.216337
2025-05-31,OM,439.6,83760028999.16965
2025-06-01,OM,449.2,9019893506.500198
2025-06-02,OM,461.9,9087726495.395168
2025-06-03,OM,459.3,4711859440.770835
2025-06-04,OM,438.8,3507718065.9769306
2025-06-05,OM,392.3,3242989476.853983
2025-06-06,OM,414.2,2294222467.7432528
2025-06-07,OM,420.3,709692501.2461905
2025-06-08,OM,411.6,648090018.1565678
2025-06-09,OM,422.4,1689589967.9092727
2025-06-10,OM,424.6,2957886083.9805226
2025-06-11,OM,400.3,12037187844.661392
2025-06-12,OM,372.7,3759416559.0373363
2025-06-13,OM,362.7,3845094813.672935
2025-06-14,OM,366.3,6344091175.474385
2025-06-15,OM,362.3,5105027939.585646
2025-06-16,OM,354.2,1916047977.1026354
2025-06-17,OM,347.8,1165370006.4784284
2025-06-18,OM,349.2,2393321313.719478
2025-06-19,OM,337.8,1599203578.6873446
2025-06-20,OM,321.6,924514434.5546976
2025-06-21,OM,300.3,1213002451.218624
2025-06-22,OM,281.8,1582883951.4540567
2025-06-23,OM,308.0,1660780191.4989116
2025-06-24,OM,303.5,1615268110.7547996
2025-06-25,OM,288.8,1030779794.0877069
2025-06-26,OM,276.0,1052384727.7031189
2025-06-27,OM,281.1,911565529.195708
2025-06-28,OM,286.5,506776274.21508247
2025-06-29,OM,296.8,5642192572.808562
2025-06-30,OM,285.1,1121381177.3478334
2025-07-01,OM,271.5,801974280.949586
2025-07-02,OM,290.1,1546751926.0147157
2025-07-03,OM,293.8,12327733832.798178
2025-07-04,OM,283.5,1500953011.45653
2025-07-05,OM,280.0,472368578.311364
2025-07-06,OM,287.6,577728486.6128169
2025-07-07,OM,283.5,528326614.6859925
2025-07-08,OM,279.7,394081491.075514
2025-07-09,OM,284.2,959635419.7171326
2025-07-10,OM,299.0,1906891998.8922305
2025-07-11,OM,297.7,5419587473.311364
2025-07-12,OM,296.2,2643353834.067421
2025-07-13,OM,301.6,5948762063.369821
2025-07-14,OM,330.3,23994114680.7237
2025-07-15,OM,322.6,7761090678.330993
2025-07-16,OM,320.7,3211440395.703875
2025-07-17,OM,317.9,3685024096.927859
2025-07-18,OM,313.0,4830085815.396631
2025-07-19,OM,322.3,1626936648.9427624
2025-07-20,OM,489.5,175969553464.58072
2025-07-21,OM,449.7,140105654861.6389
2025-07-22,OM,425.5,30841232741.196396
2025-07-23,OM,379.3,15235939674.740738
2025-07-24,OM,361.1,8876920004.232433
2025-07-25,OM,374.8,11557826339.05393
2025-07-26,OM,386.3,76103035373.19426
2025-07-27,OM,382.9,13561376776.452438
2025-07-28,OM,361.1,5069773423.243203
2025-07-29,OM,351.7,5622477288.062684
2025-07-30,OM,346.0,2469503535.0501714
2025-07-31,OM,331.0,4010618655.820247
2025-08-01,OM,329.0,5237406006.677546
2025-08-02,OM,330.0,2574225919.5767827
2025-08-03,OM,351.0,35529114519.09337
2025-08-04,OM,358.0,13429136258.821095
2025-08-05,OM,353.0,9227248948.34099
2025-08-06,OM,388.0,38081081601.32542
2025-08-07,OM,382.0,12090792021.597862
2025-08-08,OM,385.0,6354830833.637071
2025-08-09,OM,387.0,4522054560.812852
2025-08-10,OM,382.0,9471787296.825077
2025-08-11,OM,369.0,19609006356.640812
2025-08-12,OM,377.0,5186738268.399239
2025-08-13,OM,382.0,3792012615.2748346
2025-08-14,OM,351.0,5483988593.361714
2025-08-15,OM,358.0,2349456640.218302
2025-08-16,OM,358.0,1658473567.417167
2025-08-17,OM,355.0,1580311156.3789907
2025-08-18,OM,339.0,3096176672.1712217
2025-08-19,OM,328.0,1710052366.8934667
2025-08-20,OM,337.0,1465582067.5018969
2025-08-21,OM,328.0,1142174788.0235033
2025-08-22,OM,348.0,3428317794.7304716
2025-08-23,OM,344.0,893803878.4323144
2025-08-24,OM,328.0,1969632124.7565
2025-08-25,OM,311.0,1925300496.1672988
2025-08-26,OM,322.0,940233333.465623
2025-08-27,OM,322.0,13067860009.103271
2025-08-28,OM,324.0,4042223533.9070554
2025-08-29,OM,301.0,8049428047.060075
2025-08-30,OM,308.0,2464235020.540293
2025-08-31,OM,295.0,1865892008.1471968
2025-09-01,OM,280.0,2349340307.2326236
2025-09-02,OM,288.0,1791661184.8434145
2025-09-03,OM,285.0,1205191122.712928
2025-09-04,OM,280.0,1153592496.7958915
2025-09-05,OM,291.0,1228366051.2172205
2025-09-06,OM,290.0,515200643.1107857
2025-09-07,OM,291.0,559866922.2596021
2025-09-08,OM,300.0,930916465.466085
2025-09-09,OM,298.0,1655990759.1186762
2025-09-10,OM,302.0,3539685357.9511156
2025-09-11,OM,300.0,1378546857.1916971
2025-09-12,OM,309.0,1253735347.4931211
2025-09-13,OM,311.0,1030082817.1908494
2025-09-14,OM,303.0,1462030881.4846046
2025-09-15,OM,286.0,2104362474.1175606
2025-09-16,OM,296.0,1369787561.8799121
2025-09-17,OM,300.0,2002790657.013516
2025-09-18,OM,302.0,1099862826.2782784
2025-09-19,OM,295.0,766327326.9339722
2025-09-20,OM,296.0,493827112.14706826
2025-09-21,OM,292.0,640032137.9359603
2025-09-22,OM,250.0,11587066184.537254
2025-09-23,OM,245.0,2909860521.596497
2025-09-24,OM,241.0,1881247963.712532
2025-09-25,OM,229.0,1576810662.2647583
2025-09-26,OM,237.0,919481607.8772267
2025-09-27,OM,257.0,2355480249.8840055
2025-09-28,OM,245.0,2649890548.757807
2025-09-29,OM,235.0,2430055715.1101665
2025-09-30,OM,234.0,1075172714.2971454
2025-10-01,OM,249.0,903084205.8182989
2025-10-02,OM,250.0,973911383.226495
2025-10-03,OM,251.0,524779624.31292284
2025-10-04,OM,247.0,1176014098.3971035
2025-10-05,OM,244.0,2852446115.1814995
2025-10-06,OM,255.0,3995098563.75344
2025-10-07,OM,239.0,6228126334.541569
2025-10-08,OM,241.0,3683705349.5718527
2025-10-09,OM,241.0,2363811387.047574
2025-10-10,OM,168.0,4215059011.5624394
2025-10-11,OM,159.0,1460583373.3781981
2025-10-12,OM,172.0,5767078197.0210905
2025-10-13,OM,213.0,18822578126.958523
2025-10-14,OM,199.0,19658621072.007088
2025-10-15,OM,207.0,21488216804.620617
2025-10-16,OM,189.0,5813194814.094727
2025-10-17,OM,187.0,4942047453.524587
2025-10-18,OM,183.0,1624415451.887051
2025-10-19,OM,187.0,1961450989.7474215
2025-10-20,OM,185.0,2639886607.711167
2025-10-21,OM,177.0,1537642068.516987
2025-10-22,OM,169.0,865635242.3883824
2025-10-23,OM,177.0,3951992950.417555
2025-10-24,OM,176.0,1409043178.7646844
2025-10-25,OM,175.0,575715247.192323
2025-10-26,OM,177.0,993694782.4186454
2025-10-27,OM,168.0,979994609.7784231
2025-10-28,OM,164.0,942575438.2352362
2025-10-29,OM,165.0,779337673.1904703
2025-10-30,OM,154.0,1169565782.8158429
2025-10-31,OM,157.0,8496677853.694042
2025-11-01,OM,159.0,1274305432.93674
2025-11-02,OM,156.0,1337665559.0499692
2025-11-03,OM,140.0,1724995041.4560206
2025-11-04,OM,136.0,1206786415.993285
2025-11-05,OM,141.0,2198912218.9435143
2025-11-06,OM,133.0,759482334.6422458
2025-11-07,OM,149.0,1523228474.228189
2025-11-08,OM,147.0,2500948852.735806
2025-11-09,OM,147.0,545801883.6774346
2025-11-10,OM,148.0,954295446.9496728
2025-11-11,OM,137.0,861645148.7268865
2025-11-12,OM,138.0,560192806.3286351
2025-11-13,OM,134.0,3015377315.335772
2025-11-14,OM,127.0,2188247020.5682673
2025-11-15,OM,129.0,542997976.3172375
2025-11-16,OM,123.0,914450058.4353843
2025-11-17,OM,119.0,636357781.3465601
2025-11-18,OM,121.0,914889579.1300621
2025-11-19,OM,119.0,395900810.0332712
2025-11-20,OM,117.0,816605343.0217215
2025-11-21,OM,111.0,897241189.7712907
2025-11-22,OM,109.0,1980623541.6102128
2025-11-23,OM,111.0,1081130457.7624881
2025-11-24,OM,112.0,828965948.9287467
2025-11-25,OM,116.0,758976998.4575326
2025-11-26,OM,130.0,23924737250.020306
2025-11-27,OM,130.0,5905119554.105149
2025-11-28,OM,126.0,2324526120.3236337
2025-11-29,OM,122.0,1213478868.0404508
2025-11-30,OM,116.0,588757335.570183
2025-12-01,OM,109.0,752583885.5046868
2025-12-02,OM,113.0,1497774700.5961125
2025-12-03,OM,117.0,929298414.2319505
2025-12-04,OM,113.0,540047524.4352676
2025-12-05,OM,112.0,1097000228.0196445
2025-12-06,OM,112.0,463937997.7542789
2025-12-07,OM,110.0,638794752.6230996
2025-12-08,OM,112.0,346092554.4656507
2025-12-09,OM,114.0,365567928.96077085
2025-12-10,OM,110.0,407242105.9433991
2025-12-11,OM,109.0,413072196.1169955
2025-12-12,OM,107.0,359226209.2535476
2025-12-13,OM,108.0,186577168.22144318
2025-12-14,OM,103.0,433664329.5138788
2025-12-15,OM,98.5,779544851.179541
2025-12-16,OM,112.0,4822590479.22156
2025-12-17,OM,107.0,10248669498.492968
2025-12-18,OM,101.0,1516516914.5335083
2025-12-19,OM,105.0,1135938249.7383943
2025-12-20,OM,108.0,995569478.0050526
2025-12-21,OM,103.0,713223977.3509085
2025-12-22,OM,104.0,677407924.6203995
2025-12-23,OM,104.0,350484220.75949776
2025-12-24,OM,106.0,757767782.1189766
2025-12-25,OM,110.0,2487150904.859095
2025-12-26,OM,106.0,930247135.1776603
2025-12-27,OM,110.0,1129277516.8690093
2025-12-28,OM,108.0,329977732.5777795
2025-12-29,OM,105.0,507886976.20768064
2025-12-30,OM,103.0,900586558.9884045
2025-12-31,OM,101.0,498660611.86444515
2026-01-01,OM,106.0,495554921.8839529
2026-01-02,OM,110.0,781649965.2010269
2026-01-03,OM,110.0,480845912.73680615
2026-01-04,OM,115.0,986707727.7269324
2026-01-05,OM,118.0,819341407.580214
2026-01-06,OM,120.0,1167052108.5228481
2026-01-07,OM,117.0,476508301.9823026
2026-01-08,OM,113.0,1321715921.5616055
2026-01-09,OM,116.0,660666800.2689829
2026-01-10,OM,115.0,483857835.88416266
2026-01-11,OM,114.0,410796491.87594634
2026-01-12,OM,112.0,489447794.41766775
2026-01-13,OM,119.0,465786952.0364306
2026-01-14,OM,116.0,803537784.2169217
2026-01-15,OM,111.0,771185387.7746947
2026-01-16,OM,114.0,448931686.69649726
2026-01-17,OM,112.0,194597356.2421381
2026-01-18,OM,106.0,635617798.6447877
2026-01-19,OM,102.0,931133342.2595878
2026-01-20,OM,96.4,800291994.3460181
2026-01-21,OM,99.4,277307120.227578
2026-01-22,OM,96.6,220646143.21618134
2026-01-23,OM,97.4,549172488.132112
2026-01-24,OM,101.0,1273962775.7797909
2026-01-25,OM,94.0,2115637765.329264
2026-01-26,OM,96.1,900391854.5964881
2026-01-27,OM,94.5,526760677.5196613
2026-01-28,OM,92.0,581520916.7804856
2026-01-29,OM,87.2,548434100.3474183
2026-01-30,OM,85.1,611033272.1639315
2026-01-31,OM,75.7,1165662544.4396448
2026-02-01,OM,73.7,2395566881.767793
2026-02-02,OM,75.9,836029745.7076286
2026-02-03,OM,73.2,617513957.7224069
2026-02-04,OM,71.6,553869931.3534652
2026-02-05,OM,62.0,721892672.4633993
2026-02-06,OM,68.7,944494882.299117
2026-02-07,OM,68.0,1287096071.0664575
2026-02-08,OM,67.1,637091606.3037263
2026-02-09,OM,67.3,455712824.7685041
2026-02-10,OM,66.0,327922947.7501963
2026-02-11,OM,65.8,717164664.4053626
2026-02-12,OM,67.7,1522415996.2165768
2026-02-13,OM,83.7,109545779942.78653
2026-02-14,OM,90.3,88690546327.27066
2026-02-15,OM,87.7,42923365208.767715
2026-02-16,OM,94.4,29145639089.786076
2026-02-17,OM,89.3,6616015176.910813
2026-02-18,OM,82.3,3019938179.645445
2026-02-19,OM,105.0,68207125958.76611
2026-02-20,OM,101.0,27732866704.368958
2026-02-21,OM,96.7,5765855018.925342
2026-02-22,OM,104.0,17035272512.216919
2026-02-23,OM,96.7,6090664603.476187
2026-02-24,OM,93.7,4860160229.402838
2026-02-25,OM,97.1,9201641708.012533
2026-02-26,OM,92.3,4579071071.651353
2026-02-27,OM,94.7,6686597373.097683
2026-02-28,OM,101.0,21064989651.759953
2026-03-01,OM,98.5,7973845375.889976
2026-03-02,OM,97.3,3743841881.164136
2026-03-03,OM,96.1,22564580.06997313
2024-05-30,STG,1033.0,365759295211.0155
2024-05-31,STG,995.6,168982686823.32648
2024-06-01,STG,1045.0,105486370485.68939
2024-06-02,STG,982.0,43218628821.70002
2024-06-03,STG,912.0,49110190680.40318
2024-06-04,STG,901.1,30496325291.687057
2024-06-05,STG,904.3,16036686248.456678
2024-06-06,STG,886.6,35675328733.39784
2024-06-07,STG,817.7,33963313039.18468
2024-06-08,STG,792.9,10549313944.531681
2024-06-09,STG,795.1,5225524616.876886
2024-06-10,STG,781.6,9783278514.969975
2024-06-11,STG,771.9,22450518982.73515
2024-06-12,STG,788.9,10756495172.217825
2024-06-13,STG,758.1,5470063945.123449
2024-06-14,STG,739.6,6077683038.653788
2024-06-15,STG,748.0,3519937893.846479
2024-06-16,STG,735.4,2340949919.1666613
2024-06-17,STG,648.4,11044932873.124735
2024-06-18,STG,597.6,8407903425.956016
2024-06-19,STG,601.7,5182106326.837667
2024-06-20,STG,594.0,8050469720.973704
2024-06-21,STG,577.9,6239633523.78467
2024-06-22,STG,578.8,3405157011.6697526
2024-06-23,STG,549.3,3454619044.947824
2024-06-24,STG,551.5,5530042458.3372345
2024-06-25,STG,556.4,4688237917.9215145
2024-06-26,STG,540.4,3719572653.159329
2024-06-27,STG,541.0,3839643053.555207
2024-06-28,STG,527.9,2857344301.18631
2024-06-29,STG,514.9,2333865118.376542
2024-06-30,STG,535.9,4844576516.69241
2024-07-01,STG,572.3,38775651706.56461
2024-07-02,STG,576.9,26345126527.454742
2024-07-03,STG,565.0,19708578647.81279
2024-07-04,STG,502.8,10017783705.993399
2024-07-05,STG,492.2,9162604642.852762
2024-07-06,STG,511.9,4034584628.069747
2024-07-07,STG,477.2,4417848897.017899
2024-07-08,STG,484.0,4321302218.220251
2024-07-09,STG,530.2,13071012711.113348
2024-07-10,STG,523.0,9072253794.489721
2024-07-11,STG,503.0,5064683037.255879
2024-07-12,STG,508.3,2324683788.253894
2024-07-13,STG,512.2,1578326750.3558054
2024-07-14,STG,516.7,1580342402.2252252
2024-07-15,STG,537.9,4217692354.040235
2024-07-16,STG,527.0,5655692592.661603
2024-07-17,STG,537.0,7649819396.424804
2024-07-18,STG,539.6,10311112580.121555
2024-07-19,STG,550.2,5700959852.9495735
2024-07-20,STG,582.3,11154084630.144457
2024-07-21,STG,577.0,8973691706.097595
2024-07-22,STG,546.2,6865325351.718128
2024-07-23,STG,526.6,9999987798.855444
2024-07-24,STG,519.0,3398454603.7048683
2024-07-25,STG,510.8,3406437989.0500593
2024-07-26,STG,528.0,2235968399.3334813
2024-07-27,STG,528.1,2491791393.332775
2024-07-28,STG,521.3,1754006030.0979667
2024-07-29,STG,521.5,2763137665.2487254
2024-07-30,STG,510.9,2145570834.0787902
2024-07-31,STG,498.6,2340239188.695948
2024-08-01,STG,490.3,3146567316.6906495
2024-08-02,STG,464.4,4151398781.7103276
2024-08-03,STG,451.5,1588977718.8004274
2024-08-04,STG,423.7,2360734482.546777
2024-08-05,STG,408.8,5996237766.11116
2024-08-06,STG,421.7,2789753328.922236
2024-08-07,STG,411.3,2107326904.9970858
2024-08-08,STG,441.1,2732685894.9996023
2024-08-09,STG,442.5,2592422838.7415447
2024-08-10,STG,469.5,13560941225.72261
2024-08-11,STG,484.2,133661369714.36038
2024-08-12,STG,486.8,24543941079.831776
2024-08-13,STG,479.3,5828455778.61109
2024-08-14,STG,464.6,4765651290.171614
2024-08-15,STG,452.8,2470120854.6629953
2024-08-16,STG,437.8,2423285667.018682
2024-08-17,STG,446.4,1434402377.6778324
2024-08-18,STG,440.3,1572368241.8913367
2024-08-19,STG,441.1,1647644237.2831256
2024-08-20,STG,431.2,2047785066.0018895
2024-08-21,STG,434.8,2278306740.705657
2024-08-22,STG,442.5,3116928792.165393
2024-08-23,STG,456.0,3368675434.1056404
2024-08-24,STG,468.7,5895378790.451417
2024-08-25,STG,452.0,3575217717.6672416
2024-08-26,STG,429.2,3226063696.210759
2024-08-27,STG,411.2,2415340030.066315
2024-08-28,STG,405.6,1993710258.7139933
2024-08-29,STG,400.2,1309650127.0273063
2024-08-30,STG,400.3,1678847435.2367182
2024-08-31,STG,393.9,1206771587.246349
2024-09-01,STG,378.8,1471392441.3970048
2024-09-02,STG,390.9,1691740263.375351
2024-09-03,STG,374.6,1144883408.9304328
2024-09-04,STG,378.2,1448441352.1046107
2024-09-05,STG,368.3,899731911.8162807
2024-09-06,STG,359.4,1212292382.9300866
2024-09-07,STG,366.1,641419539.1149714
2024-09-08,STG,371.6,531652356.30520093
2024-09-09,STG,380.0,737412047.0602442
2024-09-10,STG,389.5,1933703265.7385354
2024-09-11,STG,375.3,1764279889.2103872
2024-09-12,STG,390.4,3235491030.2645607
2024-09-13,STG,395.0,4955069183.597035
2024-09-14,STG,389.9,1175583403.7337124
2024-09-15,STG,406.3,27182949376.515812
2024-09-16,STG,395.5,6183841966.034669
2024-09-17,STG,414.1,4611272898.338459
2024-09-18,STG,430.3,18534942186.848766
2024-09-19,STG,442.8,9550787866.055391
2024-09-20,STG,445.0,6900733659.844688
2024-09-21,STG,451.5,4867068640.026837
2024-09-22,STG,436.7,6333197649.971898
2024-09-23,STG,444.5,4647705986.440549
2024-09-24,STG,462.5,28758188248.115147
2024-09-25,STG,459.2,6613592112.975421
2024-09-26,STG,462.5,4767345675.560628
2024-09-27,STG,462.3,6399810063.957775
2024-09-28,STG,446.6,5245766068.309744
2024-09-29,STG,448.2,2806838522.4004545
2024-09-30,STG,429.4,3352030227.068115
2024-10-01,STG,400.2,5221630012.877349
2024-10-02,STG,387.6,2799857652.527965
2024-10-03,STG,383.2,1778473288.5504107
2024-10-04,STG,397.6,1815592152.0669723
2024-10-05,STG,400.1,1078673608.61708
2024-10-06,STG,403.8,834218289.8851639
2024-10-07,STG,394.8,1869791769.0438893
2024-10-08,STG,396.2,1208772348.4753225
2024-10-09,STG,387.0,1441378278.7615137
2024-10-10,STG,389.1,2108509986.4662027
2024-10-11,STG,400.4,1668539371.9650335
2024-10-12,STG,402.4,1038727526.8587936
2024-10-13,STG,415.0,7403654160.279301
2024-10-14,STG,427.0,2805731250.380103
2024-10-15,STG,421.0,3282495582.441282
2024-10-16,STG,414.0,2008644734.8195732
2024-10-17,STG,402.0,2093621934.3589137
2024-10-18,STG,410.0,1126774490.0688825
2024-10-19,STG,410.0,2201873577.967893
2024-10-20,STG,424.0,1951635438.3992703
2024-10-21,STG,410.0,2534588646.1451325
2024-10-22,STG,406.0,2209671740.218171
2024-10-23,STG,394.0,1829057059.9043183
2024-10-24,STG,396.0,1739183062.5151923
2024-10-25,STG,377.0,2291730802.870667
2024-10-26,STG,377.0,883406510.5050418
2024-10-27,STG,379.0,573030188.8942041
2024-10-28,STG,372.0,1660054545.3135307
2024-10-29,STG,388.0,1383595756.4703262
2024-10-30,STG,388.0,1516223206.7808783
2024-10-31,STG,372.0,1285399907.9192152
2024-11-01,STG,369.0,1278114532.8229883
2024-11-02,STG,367.0,1165596982.6901803
2024-11-03,STG,351.0,2358010510.9677105
2024-11-04,STG,342.0,1653617334.2498064
2024-11-05,STG,351.0,859636574.4014814
2024-11-06,STG,380.0,3604716311.2533884
2024-11-07,STG,389.0,3613983929.969902
2024-11-08,STG,401.0,3857714137.7253
2024-11-09,STG,504.0,600094799703.4885
2024-11-10,STG,472.0,87256991024.77473
2024-11-11,STG,477.0,22538246070.836376
2024-11-12,STG,482.0,30665510367.825726
2024-11-13,STG,448.0,14607512465.44115
2024-11-14,STG,420.0,9164216236.613205
2024-11-15,STG,449.0,9683023861.109762
2024-11-16,STG,467.0,12054785807.692154
2024-11-17,STG,441.0,8468531103.477137
2024-11-18,STG,456.0,7686419061.814019
2024-11-19,STG,446.0,7468445824.446024
2024-11-20,STG,428.0,5381399145.241997
2024-11-21,STG,444.0,6402775838.39793
2024-11-22,STG,447.0,6394996353.227505
2024-11-23,STG,469.0,10021240298.866232
2024-11-24,STG,485.0,28746327586.12654
2024-11-25,STG,494.0,23583639939.075897
2024-11-26,STG,515.0,27081881338.585823
2024-11-27,STG,535.0,14269304754.143793
2024-11-28,STG,538.0,12059606160.1056
2024-11-29,STG,534.0,10298118046.912207
2024-11-30,STG,574.0,21189435315.881847
2024-12-01,STG,576.0,21828990596.89128
2024-12-02,STG,572.0,21456952446.83048
2024-12-03,STG,571.0,40124784349.88049
2024-12-04,STG,605.0,33171166926.52586
2024-12-05,STG,596.0,18912209727.152016
2024-12-06,STG,631.0,30766203125.88851
2024-12-07,STG,612.0,9314298293.953197
2024-12-08,STG,614.0,8488793443.494599
2024-12-09,STG,505.0,18085473185.399185
2024-12-10,STG,485.0,15444473616.825638
2024-12-11,STG,522.0,9007827777.46049
2024-12-12,STG,533.0,7265880649.710009
2024-12-13,STG,524.0,4587275801.90115
2024-12-14,STG,503.0,5975118552.984504
2024-12-15,STG,513.0,4656789356.578173
2024-12-16,STG,504.0,5201654766.460544
2024-12-17,STG,491.0,5968097537.038705
2024-12-18,STG,451.0,5552648316.037941
2024-12-19,STG,445.0,8406258366.065314
2024-12-20,STG,459.0,8325780388.964461
2024-12-21,STG,452.0,7190836204.107826
2024-12-22,STG,451.0,7332418113.63418
2024-12-23,STG,470.0,5078317461.217767
2024-12-24,STG,487.0,6220860492.00983
2024-12-25,STG,600.0,297422160841.54034
2024-12-26,STG,557.0,128365135144.1541
2024-12-27,STG,545.0,40923279897.903336
2024-12-28,STG,526.0,13917584039.677147
2024-12-29,STG,656.0,198584410418.67004
2024-12-30,STG,571.0,123535134935.43214
2024-12-31,STG,552.0,30700703924.545338
2025-01-01,STG,548.0,18738072560.808838
2025-01-02,STG,591.0,86763649209.23448
2025-01-03,STG,626.0,51160321251.648224
2025-01-04,STG,677.0,264983740829.6465
2025-01-05,STG,773.0,398043817822.52454
2025-01-06,STG,717.0,70437036165.21588
2025-01-07,STG,687.0,51205127795.25528
2025-01-08,STG,644.0,50937652403.842445
2025-01-09,STG,628.0,51500778487.17322
2025-01-10,STG,631.0,29577401298.69361
2025-01-11,STG,641.0,22884170807.12971
2025-01-12,STG,689.0,95989322287.15727
2025-01-13,STG,610.0,51246772083.8238
2025-01-14,STG,603.0,27993760066.93656
2025-01-15,STG,601.0,17103837773.325703
2025-01-16,STG,574.0,12031381511.859365
2025-01-17,STG,592.0,10179363408.720587
2025-01-18,STG,567.0,21178634500.915333
2025-01-19,STG,520.0,15271543835.442518
2025-01-20,STG,518.0,9120275718.689034
2025-01-21,STG,528.0,11806523375.148132
2025-01-22,STG,565.0,24908389748.54911
2025-01-23,STG,542.0,9774320125.762222
2025-01-24,STG,545.0,9757837947.700737
2025-01-25,STG,544.0,5861217243.608165
2025-01-26,STG,553.0,7700372276.358473
2025-01-27,STG,513.0,13094222632.065836
2025-01-28,STG,490.0,5222504790.341821
2025-01-29,STG,499.0,4530253390.269159
2025-01-30,STG,505.0,2952560193.9299965
2025-01-31,STG,515.0,5588203402.724569
2025-02-01,STG,480.0,4034086082.8938003
2025-02-02,STG,430.0,10033407368.768253
2025-02-03,STG,450.0,14533714974.291193
2025-02-04,STG,434.0,5305776515.149444
2025-02-05,STG,420.0,3025728719.9062304
2025-02-06,STG,394.0,4489600703.201787
2025-02-07,STG,400.0,3101983803.871452
2025-02-08,STG,413.0,2933028239.109986
2025-02-09,STG,411.0,9186818613.58699
2025-02-10,STG,406.0,4138340134.1705923
2025-02-11,STG,406.0,3223091482.879717
2025-02-12,STG,422.0,4940843900.947312
2025-02-13,STG,411.0,2111710706.3299947
2025-02-14,STG,416.0,1993940794.6236854
2025-02-15,STG,412.0,4000569613.153123
2025-02-16,STG,422.0,7887331281.381293
2025-02-17,STG,425.0,12320448603.833553
2025-02-18,STG,400.0,5356093527.612732
2025-02-19,STG,402.0,2112961717.1336195
2025-02-20,STG,410.0,1955158237.2024956
2025-02-21,STG,400.0,3937160764.796012
2025-02-22,STG,404.0,2186669299.3739705
2025-02-23,STG,400.0,1993377035.710348
2025-02-24,STG,359.0,4984576951.000218
2025-02-25,STG,360.0,6837181191.539035
2025-02-26,STG,357.0,2183742255.4795713
2025-02-27,STG,369.0,6021923540.420873
2025-02-28,STG,375.0,9934631706.565485
2025-03-01,STG,379.0,2207808376.9742374
2025-03-02,STG,401.0,5270968359.704667
2025-03-03,STG,352.0,3840069156.487988
2025-03-04,STG,335.0,5223140186.032808
2025-03-05,STG,340.0,2530075804.170897
2025-03-06,STG,331.0,2691310894.4553547
2025-03-07,STG,320.0,2928100974.465094
2025-03-08,STG,320.0,717206334.2761792
2025-03-09,STG,290.0,2127706731.6694257
2025-03-10,STG,279.0,2673162949.5912833
2025-03-11,STG,287.0,1391751220.8200848
2025-03-12,STG,297.0,5821185340.503332
2025-03-13,STG,293.0,1854407734.653391
2025-03-14,STG,297.0,924606704.3220296
2025-03-15,STG,313.0,2930015726.222673
2025-03-16,STG,301.0,1584830819.475837
2025-03-17,STG,313.0,1584827212.1165998
2025-03-18,STG,306.0,999471592.2906576
2025-03-19,STG,318.0,3661092807.6255503
2025-03-20,STG,313.0,859270132.2929658
2025-03-21,STG,327.0,3182410731.9449644
2025-03-22,STG,342.0,3081231661.69152
2025-03-23,STG,328.0,2155472669.407913
2025-03-24,STG,333.0,3033376454.258757
2025-03-25,STG,333.0,1853651206.7039526
2025-03-26,STG,329.0,1984484778.4254966
2025-03-27,STG,334.0,3394602912.9524813
2025-03-28,STG,319.0,2012475352.034205
2025-03-29,STG,302.0,802202860.8894649
2025-03-30,STG,298.0,924561452.2309228
2025-03-31,STG,294.0,3018291547.3683043
2025-04-01,STG,292.0,1124350715.7984233
2025-04-02,STG,275.0,1773175219.5282538
2025-04-03,STG,273.0,997379197.7035477
2025-04-04,STG,270.0,868771108.1288953
2025-04-05,STG,270.0,404074446.300855
2025-04-06,STG,253.0,1231125132.0806136
2025-04-07,STG,256.0,1306402184.0074956
2025-04-08,STG,253.0,587402259.0394813
2025-04-09,STG,270.0,1128601196.1440153
2025-04-10,STG,268.0,961485755.3389009
2025-04-11,STG,270.0,1212328894.5551107
2025-04-12,STG,279.0,4344716415.762475
2025-04-13,STG,268.0,1238014699.8365266
2025-04-14,STG,270.0,1372920654.059459
2025-04-15,STG,267.0,963177292.8895369
2025-04-16,STG,260.0,1672585833.7986822
2025-04-17,STG,264.0,882420949.1812149
2025-04-18,STG,276.0,2874736921.5594583
2025-04-19,STG,281.0,1183054153.4740837
2025-04-20,STG,274.0,920143679.0251886
2025-04-21,STG,279.0,1366451077.6815717
2025-04-22,STG,289.0,1576348549.5051205
2025-04-23,STG,290.0,1528885818.2892618
2025-04-24,STG,295.0,996847724.4670812
2025-04-25,STG,303.0,1113616904.386103
2025-04-26,STG,305.0,1038054452.6956283
2025-04-27,STG,289.0,883548499.054256
2025-04-28,STG,299.0,1191317343.3901289
2025-04-29,STG,309.0,4147159310.8939977
2025-04-30,STG,307.0,2183276500.4500375
2025-05-01,STG,315.0,1964315381.8430016
2025-05-02,STG,305.0,1472782216.1492755
2025-05-03,STG,292.0,1017390927.8515983
2025-05-04,STG,284.0,609012196.1458169
2025-05-05,STG,280.0,463953500.43636715
2025-05-06,STG,274.0,1069471479.4000835
2025-05-07,STG,276.0,768866280.6134272
2025-05-08,STG,292.0,2981277003.964076
2025-05-09,STG,304.0,3362257087.531677
2025-05-10,STG,313.0,3439420711.128723
2025-05-11,STG,314.0,4785742822.14938
2025-05-12,STG,317.0,3493197006.9283223
2025-05-13,STG,320.0,5729822345.447021
2025-05-14,STG,309.0,2453422087.03242
2025-05-15,STG,288.0,2059135484.9941325
2025-05-16,STG,288.0,898073791.9427001
2025-05-17,STG,287.0,743192745.0694076
2025-05-18,STG,289.0,1086833701.1682267
2025-05-19,STG,282.0,1600063132.78357
2025-05-20,STG,279.0,1247309182.992174
2025-05-21,STG,277.0,1563546558.2100556
2025-05-22,STG,287.0,1697556326.3846705
2025-05-23,STG,270.0,2171812484.410697
2025-05-24,STG,271.0,546190409.5372281
2025-05-25,STG,269.0,963213791.3996197
2025-05-26,STG,272.0,721100412.9396749
2025-05-27,STG,275.0,863475930.2319012
2025-05-28,STG,276.0,1308195186.3200848
2025-05-29,STG,266.0,939559475.0725677
2025-05-30,STG,252.0,1775830181.4311788
2025-05-31,STG,254.0,839176682.9727643
2025-06-01,STG,256.0,586184137.933678
2025-06-02,STG,255.0,881637523.1605628
2025-06-03,STG,257.0,937332107.4143184
2025-06-04,STG,254.0,620557130.0469432
2025-06-05,STG,246.0,1704387658.373485
2025-06-06,STG,248.0,736768825.7195987
2025-06-07,STG,251.0,498417727.35755295
2025-06-08,STG,249.0,179503569.70097247
2025-06-09,STG,254.0,1101148910.2229996
2025-06-10,STG,259.0,849132138.9193949
2025-06-11,STG,254.0,830749250.1290709
2025-06-12,STG,243.0,819440797.523223
2025-06-13,STG,236.0,1685632535.0157733
2025-06-14,STG,236.0,329281733.82833767
2025-06-15,STG,235.0,265093775.8224961
2025-06-16,STG,232.0,571864231.515893
2025-06-17,STG,223.0,825212163.9362386
2025-06-18,STG,224.0,462535197.78606784
2025-06-19,STG,224.0,288592515.6661478
2025-06-20,STG,216.0,568490902.9076139
2025-06-21,STG,209.0,910435262.1183633
2025-06-22,STG,204.0,595220448.6734108
2025-06-23,STG,217.0,948598701.6840715
2025-06-24,STG,217.0,848583830.7117076
2025-06-25,STG,210.0,368727783.6711924
2025-06-26,STG,209.0,475189130.47707224
2025-06-27,STG,210.0,365425011.7483833
2025-06-28,STG,213.0,219885319.46456495
2025-06-29,STG,216.0,236013324.33089522
2025-06-30,STG,209.0,509035759.89743483
2025-07-01,STG,203.0,256595929.57225233
2025-07-02,STG,210.0,680427576.1109821
2025-07-03,STG,210.0,654299457.5531862
2025-07-04,STG,204.0,767221414.0204947
2025-07-05,STG,205.0,512659655.0871334
2025-07-06,STG,208.0,468989584.9499016
2025-07-07,STG,207.0,321473702.0109324
2025-07-08,STG,208.0,322988636.52254784
2025-07-09,STG,218.0,1591617369.1639519
2025-07-10,STG,222.0,962300448.1881223
2025-07-11,STG,225.0,2093992820.55659
2025-07-12,STG,231.0,2940821903.288866
2025-07-13,STG,236.0,1802848271.4304357
2025-07-14,STG,233.0,2305046668.278172
2025-07-15,STG,236.0,1340293131.8053925
2025-07-16,STG,236.0,1113405058.9348452
2025-07-17,STG,237.0,1913669689.0784993
2025-07-18,STG,237.0,2866600954.2480383
2025-07-19,STG,238.0,1040770413.3059803
2025-07-20,STG,246.0,2131104781.0761738
2025-07-21,STG,252.0,3193606298.3163266
2025-07-22,STG,251.0,2817067693.4812355
2025-07-23,STG,239.0,2453830349.4597
2025-07-24,STG,233.0,1638827603.295387
2025-07-25,STG,240.0,1239047057.3908944
2025-07-26,STG,239.0,668161680.9508982
2025-07-27,STG,244.0,663612259.9063551
2025-07-28,STG,231.0,1118072104.8562827
2025-07-29,STG,229.0,632452520.4507241
2025-07-30,STG,229.0,722501674.2593119
2025-07-31,STG,223.0,775065961.4929029
2025-08-01,STG,216.0,1258887694.405173
2025-08-02,STG,211.0,666620050.309613
2025-08-03,STG,216.0,339434164.8522749
2025-08-04,STG,218.0,386518619.61794186
2025-08-05,STG,215.0,579610902.2234267
2025-08-06,STG,217.0,667962885.2880013
2025-08-07,STG,221.0,846574900.3324597
2025-08-08,STG,221.0,472788499.891677
2025-08-09,STG,229.0,648407604.9468304
2025-08-10,STG,249.0,9942884277.096237
2025-08-11,STG,263.0,32436192169.15003
2025-08-12,STG,257.0,6631906091.136317
2025-08-13,STG,261.0,2122344207.5916216
2025-08-14,STG,242.0,2424895123.8912215
2025-08-15,STG,240.0,884002293.2525977
2025-08-16,STG,242.0,298217295.19121236
2025-08-17,STG,248.0,757041828.4066327
2025-08-18,STG,241.0,729991539.2713637
2025-08-19,STG,228.0,836323362.4606304
2025-08-20,STG,243.0,5205277375.728562
2025-08-21,STG,237.0,1033417084.8602622
2025-08-22,STG,249.0,1526841196.2600296
2025-08-23,STG,248.0,903958004.4764866
2025-08-24,STG,252.0,12402960391.914587
2025-08-25,STG,232.0,3799349527.6286592
2025-08-26,STG,237.0,1660406445.5161202
2025-08-27,STG,233.0,813683062.6685963
2025-08-28,STG,243.0,3794799130.108791
2025-08-29,STG,237.0,29421428932.66245
2025-08-30,STG,234.0,2125882741.0743399
2025-08-31,STG,228.0,799013296.27846
2025-09-01,STG,221.0,1615900412.3546925
2025-09-02,STG,225.0,619933330.574883
2025-09-03,STG,226.0,246147711.46770155
2025-09-04,STG,220.0,507624449.4012604
2025-09-05,STG,223.0,536624660.03324246
2025-09-06,STG,222.0,656509594.1045545
2025-09-07,STG,226.0,270274954.82338023
2025-09-08,STG,237.0,1143723250.9001365
2025-09-09,STG,237.0,923674537.9499519
2025-09-10,STG,243.0,859842798.8092892
2025-09-11,STG,243.0,690404809.6147846
2025-09-12,STG,242.0,605638112.0491257
2025-09-13,STG,247.0,647051093.2691586
2025-09-14,STG,238.0,660165809.5045202
2025-09-15,STG,227.0,839483638.8582437
2025-09-16,STG,231.0,366509152.9413468
2025-09-17,STG,239.0,533685382.9323622
2025-09-18,STG,249.0,699836679.3762274
2025-09-19,STG,238.0,478725216.2089169
2025-09-20,STG,245.0,316699970.658462
2025-09-21,STG,241.0,486265965.7779089
2025-09-22,STG,235.0,1652089972.486022
2025-09-23,STG,256.0,1583237400.4334822
2025-09-24,STG,264.0,4770329720.367156
2025-09-25,STG,270.0,2194440285.166344
2025-09-26,STG,293.0,8621228635.86197
2025-09-27,STG,283.0,1625079736.6758943
2025-09-28,STG,283.0,4320668204.90326
2025-09-29,STG,278.0,1410054296.0437257
2025-09-30,STG,251.0,1677258398.0169444
2025-10-01,STG,268.0,1760152753.5817518
2025-10-02,STG,279.0,2270701526.428844
2025-10-03,STG,296.0,1537451390.0013664
2025-10-04,STG,285.0,599188285.4989811
2025-10-05,STG,281.0,392904571.8880473
2025-10-06,STG,296.0,879709782.3284218
2025-10-07,STG,303.0,2968017749.079934
2025-10-08,STG,303.0,1875279483.2483017
2025-10-09,STG,289.0,850773445.12118
2025-10-10,STG,252.0,2402006236.1283417
2025-10-11,STG,242.0,1141926360.1342185
2025-10-12,STG,259.0,524038185.61630195
2025-10-13,STG,267.0,700200821.9837837
2025-10-14,STG,255.0,1097936694.205633
2025-10-15,STG,248.0,437623046.6737458
2025-10-16,STG,237.0,558808721.7854536
2025-10-17,STG,242.0,1244822284.364447
2025-10-18,STG,245.0,236372640.1611596
2025-10-19,STG,243.0,176136361.90365934
2025-10-20,STG,244.0,291688315.1209273
2025-10-21,STG,237.0,350111533.5905649
2025-10-22,STG,238.0,440308474.4659381
2025-10-23,STG,235.0,166162061.86589277
2025-10-24,STG,233.0,236690868.34810594
2025-10-25,STG,227.0,155581272.8486336
2025-10-26,STG,229.0,260927048.67843398
2025-10-27,STG,221.0,406348708.03086406
2025-10-28,STG,220.0,177378628.593133
2025-10-29,STG,217.0,205281797.57716814
2025-10-30,STG,210.0,422336353.36078197
2025-10-31,STG,207.0,194293714.1502301
2025-11-01,STG,215.0,180955771.33904654
2025-11-02,STG,216.0,418023330.73931736
2025-11-03,STG,187.0,2205398695.8137326
2025-11-04,STG,184.0,1405626597.6150951
2025-11-05,STG,191.0,850264641.3732762
2025-11-06,STG,200.0,500006197.31424403
2025-11-07,STG,221.0,3686878386.2103686
2025-11-08,STG,215.0,230945562.21546164
2025-11-09,STG,219.0,347772580.2959378
2025-11-10,STG,212.0,458365598.9720925
2025-11-11,STG,204.0,404292631.56310004
2025-11-12,STG,208.0,437663305.6368767
2025-11-13,STG,209.0,250651653.55131918
2025-11-14,STG,198.0,224967345.83349258
2025-11-15,STG,201.0,70003354.63547239
2025-11-16,STG,190.0,213357985.627495
2025-11-17,STG,187.0,285652329.3156754
2025-11-18,STG,187.0,220495201.97664046
2025-11-19,STG,184.0,297782043.7709856
2025-11-20,STG,178.0,226698978.44129157
2025-11-21,STG,169.0,404873909.10888064
2025-11-22,STG,170.0,328454287.4801734
2025-11-23,STG,172.0,192229589.51339698
2025-11-24,STG,174.0,227271265.58115846
2025-11-25,STG,180.0,274805271.9891306
2025-11-26,STG,175.0,409684674.4199597
2025-11-27,STG,181.0,495167013.11754674
2025-11-28,STG,182.0,744888657.7359809
2025-11-29,STG,179.0,159347747.8676001
2025-11-30,STG,179.0,763882189.0224032
2025-12-01,STG,167.0,3180533941.2664576
2025-12-02,STG,187.0,1270894820.3478162
2025-12-03,STG,185.0,244960930.99444804
2025-12-04,STG,183.0,358479979.67544603
2025-12-05,STG,179.0,224518742.2583717
2025-12-06,STG,182.0,149164998.4395844
2025-12-07,STG,178.0,159321002.0837465
2025-12-08,STG,178.0,53976399.82297348
2025-12-09,STG,189.0,990562557.0233604
2025-12-10,STG,189.0,1041080085.5372027
2025-12-11,STG,187.0,326224809.96036917
2025-12-12,STG,191.0,176279968.663034
2025-12-13,STG,197.0,421857943.1620721
2025-12-14,STG,189.0,170231498.44117954
2025-12-15,STG,187.0,251587041.55402774
2025-12-16,STG,182.0,120088020.1876537
2025-12-17,STG,171.0,176850276.98609763
2025-12-18,STG,162.0,133359430.74607457
2025-12-19,STG,173.0,88016014.43638691
2025-12-20,STG,173.0,47494190.9612035
2025-12-21,STG,165.0,92427830.82764879
2025-12-22,STG,169.0,163018436.38973516
2025-12-23,STG,168.0,99111545.53381367
2025-12-24,STG,163.0,178919691.37293255
2025-12-25,STG,158.0,221695392.5245579
2025-12-26,STG,158.0,217853830.4182466
2025-12-27,STG,158.0,517964084.8185835
2025-12-28,STG,156.0,140846837.9554735
2025-12-29,STG,155.0,163762470.09528485
2025-12-30,STG,157.0,158372335.46174383
2025-12-31,STG,155.0,149863023.43485472
2026-01-01,STG,161.0,419913934.6885742
2026-01-02,STG,168.0,229248308.5704168
2026-01-03,STG,167.0,109438134.76529409
2026-01-04,STG,175.0,167665264.672563
2026-01-05,STG,179.0,176286088.15648943
2026-01-06,STG,180.0,159624979.6445478
2026-01-07,STG,176.0,136386093.51411968
2026-01-08,STG,182.0,211471083.57683855
2026-01-09,STG,184.0,225457227.98968306
2026-01-10,STG,187.0,749200743.0141339
2026-01-11,STG,189.0,151660770.60005108
2026-01-12,STG,187.0,357205602.10563666
2026-01-13,STG,201.0,180260244.31391212
2026-01-14,STG,211.0,410953852.83238333
2026-01-15,STG,207.0,156254993.97446015
2026-01-16,STG,210.0,82730050.4597007
2026-01-17,STG,222.0,363405356.0564561
2026-01-18,STG,219.0,266633570.1655774
2026-01-19,STG,227.0,430978721.8903574
2026-01-20,STG,231.0,865415516.4358357
2026-01-21,STG,247.0,1704325391.63561
2026-01-22,STG,278.0,2815835510.145159
2026-01-23,STG,291.0,4031941142.567017
2026-01-24,STG,254.0,862259656.1483487
2026-01-25,STG,243.0,357277613.4327893
2026-01-26,STG,255.0,487547236.4346298
2026-01-27,STG,252.0,267672024.73631844
2026-01-28,STG,250.0,1069853954.29868
2026-01-29,STG,269.0,737287755.7822456
2026-01-30,STG,244.0,437167667.4016575
2026-01-31,STG,226.0,445016369.1883312
2026-02-01,STG,218.0,454171908.4242478
2026-02-02,STG,229.0,373324586.7450361
2026-02-03,STG,229.0,313831763.34946686
2026-02-04,STG,226.0,302635612.75191915
2026-02-05,STG,188.0,490083595.2659235
2026-02-06,STG,207.0,594277572.517449
2026-02-07,STG,217.0,875106745.4428655
2026-02-08,STG,220.0,1386694536.8175702
2026-02-09,STG,234.0,310387196.2833907
2026-02-10,STG,230.0,15386185052.30873
2026-02-11,STG,271.0,40696499596.073265
2026-02-12,STG,247.0,5206436964.190091
2026-02-13,STG,240.0,916331341.8676248
2026-02-14,STG,240.0,946066893.0779256
2026-02-15,STG,226.0,464696823.7806147
2026-02-16,STG,220.0,477709875.41583896
2026-02-17,STG,205.0,499261696.10863495
2026-02-18,STG,193.0,632546101.6572413
2026-02-19,STG,192.0,618303590.550912
2026-02-20,STG,214.0,1023101624.2374257
2026-02-21,STG,218.0,1076185307.217755
2026-02-22,STG,208.0,805454566.0730317
2026-02-23,STG,193.0,611343534.6090041
2026-02-24,STG,196.0,431142149.7754299
2026-02-25,STG,191.0,563020616.7747788
2026-02-26,STG,201.0,410589328.2174088
2026-02-27,STG,208.0,1452452729.977824
2026-02-28,STG,229.0,1030527616.3221544
2026-03-01,STG,231.0,452620228.8067837
2026-03-02,STG,242.0,940275129.7412494
2026-03-03,STG,241.0,444860464.16950506
2026-03-04,STG,252.0,466710138.53158355
2026-03-05,STG,248.0,262137734.5229904
2026-03-06,STG,251.0,526864894.38340896
2026-03-07,STG,247.0,6668397.64938984
2026-03-08,STG,262.0,748721292.292948
2026-03-09,STG,262.0,464296366.2272534
2026-03-10,STG,272.0,985352080.0991077
2026-03-11,STG,276.0,234726892.22340652
2026-03-12,STG,276.0,309653719.96208405
2026-03-13,STG,259.0,333573164.3963056
2026-03-14,STG,261.0,215668263.26402292
2026-03-15,STG,284.0,642293442.8798676
2026-03-16,STG,294.0,459006791.5190437
2026-03-17,STG,304.0,326178785.3552004
2026-03-18,STG,283.0,355320392.41028684
2026-03-19,STG,275.0,115366496.2951316
2026-03-20,STG,274.0,2504021526.2105618
2026-03-21,STG,275.0,29359108.73492446
2023-01-01,STORJ,317.0,1297533447.3314214
2023-01-02,STORJ,322.0,1631928301.012617
2023-01-03,STORJ,323.0,1393629967.8179734
2023-01-04,STORJ,331.0,2552688769.6970797
2023-01-05,STORJ,329.0,2446308664.252241
2023-01-06,STORJ,328.0,2473253968.4964643
2023-01-07,STORJ,330.0,2027076782.9842496
2023-01-08,STORJ,343.0,3689564203.2653155
2023-01-09,STORJ,351.0,9245231484.14237
2023-01-10,STORJ,357.0,5342272655.568527
2023-01-11,STORJ,366.0,7727281403.466703
2023-01-12,STORJ,374.0,9852550087.409527
2023-01-13,STORJ,394.0,10486715483.188482
2023-01-14,STORJ,421.0,25568282754.428173
2023-01-15,STORJ,429.0,21791841834.420006
2023-01-16,STORJ,425.0,15699507564.358755
2023-01-17,STORJ,423.0,9074533246.33121
2023-01-18,STORJ,397.0,36799217095.35331
2023-01-19,STORJ,419.0,19851535421.147854
2023-01-20,STORJ,441.0,10019444902.513763
2023-01-21,STORJ,437.0,13400583301.779478
2023-01-22,STORJ,455.0,13548417682.749636
2023-01-23,STORJ,462.0,15761592277.04861
2023-01-24,STORJ,435.0,39858717609.47119
2023-01-25,STORJ,448.0,16072406143.451847
2023-01-26,STORJ,462.0,13909650426.818712
2023-01-27,STORJ,518.0,89279471545.11293
2023-01-28,STORJ,495.0,20668033942.401382
2023-01-29,STORJ,495.0,7239547121.165722
2023-01-30,STORJ,448.0,14288848935.108566
2023-01-31,STORJ,453.0,6658009069.269327
2023-02-01,STORJ,486.0,21357561079.781452
2023-02-02,STORJ,496.0,38472926254.386116
2023-02-03,STORJ,507.0,13649680917.815056
2023-02-04,STORJ,528.0,32075956030.96005
2023-02-05,STORJ,557.0,48833115891.34358
2023-02-06,STORJ,549.0,24180580268.273323
2023-02-07,STORJ,578.0,24789455601.864574
2023-02-08,STORJ,562.0,114368943658.54839
2023-02-09,STORJ,505.0,58285208840.85056
2023-02-10,STORJ,504.0,12433306056.372719
2023-02-11,STORJ,513.0,4369287185.8043165
2023-02-12,STORJ,516.0,29810860915.005337
2023-02-13,STORJ,496.0,11362905862.48986
2023-02-14,STORJ,510.0,7259923225.380132
2023-02-15,STORJ,541.0,11218567323.974146
2023-02-16,STORJ,513.0,17071459996.226934
2023-02-17,STORJ,579.0,88030254564.87025
2023-02-18,STORJ,562.0,14815085304.749012
2023-02-19,STORJ,573.0,28496439927.99982
2023-02-20,STORJ,620.0,212196380526.4514
2023-02-21,STORJ,604.0,38640121037.16595
2023-02-22,STORJ,596.0,16859595644.714148
2023-02-23,STORJ,621.0,44084423647.26385
2023-02-24,STORJ,594.0,19092164540.13514
2023-02-25,STORJ,587.0,10001511582.209223
2023-02-26,STORJ,596.0,5186940440.37269
2023-02-27,STORJ,587.0,7973453003.223872
2023-02-28,STORJ,572.0,4909854853.032884
2023-03-01,STORJ,583.0,6963619356.705613
2023-03-02,STORJ,563.0,7367500325.603494
2023-03-03,STORJ,519.0,8580352457.627606
2023-03-04,STORJ,506.0,4020400583.9300036
2023-03-05,STORJ,500.0,2576841918.1526604
2023-03-06,STORJ,502.0,4610199039.68481
2023-03-07,STORJ,487.0,4570939530.598322
2023-03-08,STORJ,451.0,6548008243.723815
2023-03-09,STORJ,423.0,6184291971.65487
2023-03-10,STORJ,416.0,7639809491.736311
2023-03-11,STORJ,411.0,4634628164.869839
2023-03-12,STORJ,440.0,4850202790.124423
2023-03-13,STORJ,468.0,10409650652.193857
2023-03-14,STORJ,486.0,15438228895.874802
2023-03-15,STORJ,458.0,7124624293.680096
2023-03-16,STORJ,465.0,4706555396.872865
2023-03-17,STORJ,498.0,7627874815.030312
2023-03-18,STORJ,487.0,9680268955.580498
2023-03-19,STORJ,524.0,45032888461.62901
2023-03-20,STORJ,499.0,11309089567.94172
2023-03-21,STORJ,496.0,8668721304.49379
2023-03-22,STORJ,473.0,5789196570.790965
2023-03-23,STORJ,485.0,4213956043.223366
2023-03-24,STORJ,473.0,3356525120.601198
2023-03-25,STORJ,469.0,2739670117.411602
2023-03-26,STORJ,473.0,3333216095.3954167
2023-03-27,STORJ,448.0,4446934702.394033
2023-03-28,STORJ,456.0,3327315237.6310434
2023-03-29,STORJ,488.0,10973341671.989853
2023-03-30,STORJ,498.0,33217260741.17666
2023-03-31,STORJ,515.0,18729057887.323654
2023-04-01,STORJ,522.0,48362291247.05696
2023-04-02,STORJ,507.0,22305367153.393913
2023-04-03,STORJ,494.0,8428442922.448409
2023-04-04,STORJ,523.0,32427213851.535667
2023-04-05,STORJ,538.0,39420165311.320435
2023-04-06,STORJ,533.0,23251995636.29223
2023-04-07,STORJ,571.0,81158562704.55397
2023-04-08,STORJ,531.0,18534393447.21546
2023-04-09,STORJ,526.0,10212165874.221132
2023-04-10,STORJ,535.0,7938125795.671497
2023-04-11,STORJ,535.0,6721335482.909899
2023-04-12,STORJ,521.0,9496086862.241888
2023-04-13,STORJ,530.0,7267421063.097796
2023-04-14,STORJ,534.0,7920527537.785643
2023-04-15,STORJ,532.0,3795534758.1992087
2023-04-16,STORJ,534.0,4114220761.296917
2023-04-17,STORJ,524.0,5637646182.306947
2023-04-18,STORJ,530.0,4528353056.473295
2023-04-19,STORJ,490.0,9276039369.53903
2023-04-20,STORJ,502.0,10854778193.988644
2023-04-21,STORJ,482.0,8822414405.467607
2023-04-22,STORJ,489.0,3774629915.7424116
2023-04-23,STORJ,477.0,2535831399.0335765
2023-04-24,STORJ,471.0,3810137955.117889
2023-04-25,STORJ,484.0,4616947116.875847
2023-04-26,STORJ,472.0,5226245592.175469
2023-04-27,STORJ,480.0,3264037254.9398594
2023-04-28,STORJ,476.0,2137511916.0230095
2023-04-29,STORJ,482.0,1477685213.144183
2023-04-30,STORJ,471.0,1552846994.8968475
2023-05-01,STORJ,458.0,2812376933.6052704
2023-05-02,STORJ,458.0,1801330293.5819082
2023-05-03,STORJ,463.0,2304756067.788465
2023-05-04,STORJ,458.0,1573448923.345408
2023-05-05,STORJ,460.0,1358496343.9611528
2023-05-06,STORJ,451.0,1983777300.1727908
2023-05-07,STORJ,446.0,1356738352.684857
2023-05-08,STORJ,413.0,5394868469.387226
2023-05-09,STORJ,418.0,1978143432.486099
2023-05-10,STORJ,427.0,4041243214.609337
2023-05-11,STORJ,414.0,3659713682.1528506
2023-05-12,STORJ,417.0,2503149847.6797504
2023-05-13,STORJ,413.0,913078611.620296
2023-05-14,STORJ,413.0,788768103.9933155
2023-05-15,STORJ,419.0,1655025765.1462963
2023-05-16,STORJ,420.0,1746155025.3437052
2023-05-17,STORJ,424.0,2103593777.3023465
2023-05-18,STORJ,425.0,1489561684.4761314
2023-05-19,STORJ,424.0,1060111736.8493074
2023-05-20,STORJ,425.0,561778014.8988832
2023-05-21,STORJ,409.0,1612590548.2240093
2023-05-22,STORJ,410.0,1838532222.5091023
2023-05-23,STORJ,416.0,1029602527.2401397
2023-05-24,STORJ,396.0,1864826046.485028
2023-05-25,STORJ,394.0,1252991026.505485
2023-05-26,STORJ,394.0,987457625.2635964
2023-05-27,STORJ,396.0,535441711.3265959
2023-05-28,STORJ,405.0,1448855000.4460306
2023-05-29,STORJ,403.0,914893122.4614245
2023-05-30,STORJ,405.0,1116110817.8949132
2023-05-31,STORJ,392.0,2331646586.1196327
2023-06-01,STORJ,392.0,844574595.729475
2023-06-02,STORJ,399.0,1390630196.0557806
2023-06-03,STORJ,398.0,979765237.8902642
2023-06-04,STORJ,397.0,894315808.8185191
2023-06-05,STORJ,363.0,3495246611.071633
2023-06-06,STORJ,368.0,2723469368.4269466
2023-06-07,STORJ,398.0,19591805410.52519
2023-06-08,STORJ,431.0,51051911625.10051
2023-06-09,STORJ,373.0,19528839113.960842
2023-06-10,STORJ,311.0,12447463634.506128
2023-06-11,STORJ,309.0,3739141848.3714333
2023-06-12,STORJ,308.0,3536237448.811606
2023-06-13,STORJ,303.0,3337881656.4029293
2023-06-14,STORJ,292.0,4050579296.319399
2023-06-15,STORJ,292.0,2978452180.374859
2023-06-16,STORJ,296.0,2284636402.714031
2023-06-17,STORJ,302.0,2244435061.3464003
2023-06-18,STORJ,298.0,1465012534.569603
2023-06-19,STORJ,304.0,2127409733.9640899
2023-06-20,STORJ,316.0,14942574347.321629
2023-06-21,STORJ,331.0,6627454304.742636
2023-06-22,STORJ,331.0,6761576439.126458
2023-06-23,STORJ,354.0,6886288674.137169
2023-06-24,STORJ,371.0,12528299857.465317
2023-06-25,STORJ,364.0,6236655893.9730215
2023-06-26,STORJ,354.0,5756600018.734368
2023-06-27,STORJ,366.0,3802848409.7330866
2023-06-28,STORJ,368.0,9200344465.985294
2023-06-29,STORJ,370.0,54851570075.76635
2023-06-30,STORJ,408.0,34060791305.29237
2023-07-01,STORJ,423.0,22671550139.34603
2023-07-02,STORJ,444.0,73838644604.39375
2023-07-03,STORJ,467.0,19942314884.060955
2023-07-04,STORJ,672.0,308918721719.50696
2023-07-05,STORJ,534.0,491858131133.1245
2023-07-06,STORJ,491.0,146830401748.56818
2023-07-07,STORJ,476.0,61844762853.49022
2023-07-08,STORJ,457.0,32420996655.97809
2023-07-09,STORJ,448.0,29892614604.970264
2023-07-10,STORJ,453.0,47025525708.40898
2023-07-11,STORJ,429.0,25467739239.6208
2023-07-12,STORJ,415.0,11329696024.033947
2023-07-13,STORJ,409.0,13429834923.966095
2023-07-14,STORJ,396.0,9996460126.004864
2023-07-15,STORJ,396.0,6952293776.608311
2023-07-16,STORJ,398.0,23324850913.049335
2023-07-17,STORJ,401.0,8660123772.06779
2023-07-18,STORJ,390.0,4636507910.827471
2023-07-19,STORJ,401.0,9804754723.712667
2023-07-20,STORJ,404.0,6510478258.433845
2023-07-21,STORJ,403.0,4170586101.4802356
2023-07-22,STORJ,402.0,4692441238.083515
2023-07-23,STORJ,402.0,8662080669.35247
2023-07-24,STORJ,374.0,8474565529.905269
2023-07-25,STORJ,374.0,3362201774.1363935
2023-07-26,STORJ,375.0,3435129650.87835
2023-07-27,STORJ,378.0,2054191825.6480024
2023-07-28,STORJ,387.0,2634306512.9518723
2023-07-29,STORJ,405.0,24167178496.48107
2023-07-30,STORJ,390.0,16890573300.490181
2023-07-31,STORJ,386.0,5343605012.381409
2023-08-01,STORJ,393.0,3605905122.2558503
2023-08-02,STORJ,390.0,2830298695.0407352
2023-08-03,STORJ,386.0,1688032795.9837172
2023-08-04,STORJ,381.0,3116981737.983871
2023-08-05,STORJ,385.0,4195499495.079685
2023-08-06,STORJ,387.0,1995121481.7711718
2023-08-07,STORJ,380.0,3391502533.1453147
2023-08-08,STORJ,384.0,1826578422.3523126
2023-08-09,STORJ,385.0,2260625197.918499
2023-08-10,STORJ,384.0,1151165434.619543
2023-08-11,STORJ,386.0,1524492130.8696165
2023-08-12,STORJ,389.0,2274156396.4987845
2023-08-13,STORJ,386.0,1824773944.650414
2023-08-14,STORJ,388.0,3539548537.5145125
2023-08-15,STORJ,365.0,4443564625.305894
2023-08-16,STORJ,337.0,7266087420.239178
2023-08-17,STORJ,306.0,5817415904.697639
2023-08-18,STORJ,318.0,4108087006.430328
2023-08-19,STORJ,326.0,1406181951.627034
2023-08-20,STORJ,325.0,1688513613.4894528
2023-08-21,STORJ,319.0,1449291287.6536756
2023-08-22,STORJ,322.0,1298757254.437478
2023-08-23,STORJ,329.0,1200831172.160952
2023-08-24,STORJ,325.0,993594854.457764
2023-08-25,STORJ,325.0,1202793842.9510186
2023-08-26,STORJ,319.0,786486496.7525692
2023-08-27,STORJ,317.0,660602038.0020313
2023-08-28,STORJ,314.0,1858033103.4112368
2023-08-29,STORJ,329.0,1959621538.2029974
2023-08-30,STORJ,323.0,874941589.4555959
2023-08-31,STORJ,307.0,1270492499.1111417
2023-09-01,STORJ,303.0,900144293.545972
2023-09-02,STORJ,310.0,2362709413.227864
2023-09-03,STORJ,307.0,2276244802.1368628
2023-09-04,STORJ,318.0,13092559138.656975
2023-09-05,STORJ,318.0,3500973075.6698384
2023-09-06,STORJ,317.0,2060151867.0448418
2023-09-07,STORJ,325.0,2630776805.342257
2023-09-08,STORJ,338.0,27928281913.42562
2023-09-09,STORJ,380.0,45788787623.65242
2023-09-10,STORJ,415.0,116874731817.67764
2023-09-11,STORJ,397.0,64757999981.244415
2023-09-12,STORJ,400.0,34090751530.66047
2023-09-13,STORJ,442.0,69298822171.60663
2023-09-14,STORJ,434.0,40308226200.12439
2023-09-15,STORJ,538.0,92184323562.88808
2023-09-16,STORJ,490.0,98017983922.67827
2023-09-17,STORJ,489.0,79920556846.77896
2023-09-18,STORJ,492.0,32166731162.26592
2023-09-19,STORJ,566.0,75289515872.6901
2023-09-20,STORJ,531.0,55347417160.56026
2023-09-21,STORJ,485.0,17916601275.071655
2023-09-22,STORJ,487.0,11472471694.274952
2023-09-23,STORJ,462.0,10095641875.27367
2023-09-24,STORJ,448.0,7764687682.818125
2023-09-25,STORJ,505.0,39342389323.72125
2023-09-26,STORJ,538.0,35333952431.9511
2023-09-27,STORJ,546.0,29429263079.016243
2023-09-28,STORJ,538.0,8348618438.057631
2023-09-29,STORJ,606.0,43492557133.275925
2023-09-30,STORJ,561.0,18933113382.541325
2023-10-01,STORJ,673.0,120113950611.4086
2023-10-02,STORJ,663.0,62961230073.47872
2023-10-03,STORJ,591.0,32487115108.079597
2023-10-04,STORJ,565.0,14488291418.010717
2023-10-05,STORJ,608.0,28808606070.77837
2023-10-06,STORJ,613.0,28874152415.491615
2023-10-07,STORJ,653.0,55630754787.860954
2023-10-08,STORJ,638.0,39635070230.45219
2023-10-09,STORJ,702.0,169126238480.58627
2023-10-10,STORJ,619.0,66822395515.84251
2023-10-11,STORJ,582.0,51629338607.82791
2023-10-12,STORJ,563.0,38075063322.55959
2023-10-13,STORJ,568.0,32609900605.495476
2023-10-14,STORJ,557.0,14817684567.533836
2023-10-15,STORJ,558.0,32884887387.759575
2023-10-16,STORJ,547.0,21800541630.515137
2023-10-17,STORJ,521.0,17768951104.0474
2023-10-18,STORJ,485.0,10528605475.244635
2023-10-19,STORJ,500.0,23802297191.937263
2023-10-20,STORJ,518.0,20236293059.10442
2023-10-21,STORJ,519.0,6779485613.716895
2023-10-22,STORJ,509.0,3939108522.0425887
2023-10-23,STORJ,529.0,5888166523.629897
2023-10-24,STORJ,542.0,15784404446.755835
2023-10-25,STORJ,578.0,40551085107.64651
2023-10-26,STORJ,545.0,9890219772.652994
2023-10-27,STORJ,536.0,5728649813.07832
2023-10-28,STORJ,541.0,3750269218.886521
2023-10-29,STORJ,579.0,23244209767.32791
2023-10-30,STORJ,605.0,37789078621.90315
2023-10-31,STORJ,580.0,41159129978.00558
2023-11-01,STORJ,607.0,22799412258.852512
2023-11-02,STORJ,624.0,27182377039.07782
2023-11-03,STORJ,615.0,19871888972.02967
2023-11-04,STORJ,622.0,13472764262.869907
2023-11-05,STORJ,604.0,11036246055.350494
2023-11-06,STORJ,614.0,13268440485.373632
2023-11-07,STORJ,610.0,9560266538.016977
2023-11-08,STORJ,916.0,385841745896.8106
2023-11-09,STORJ,1055.0,397712533815.895
2023-11-10,STORJ,1085.0,195375500756.28445
2023-11-11,STORJ,1005.0,40502773100.27521
2023-11-12,STORJ,1005.0,48357907575.67178
2023-11-13,STORJ,969.0,21126337516.382126
2023-11-14,STORJ,917.0,106954796854.41437
2023-11-15,STORJ,945.0,37203625112.923134
2023-11-16,STORJ,898.0,40483797172.606155
2023-11-17,STORJ,945.0,112539602979.90161
2023-11-18,STORJ,1010.0,95911331333.7125
2023-11-19,STORJ,991.0,21175142564.252033
2023-11-20,STORJ,1005.0,21483168120.744793
2023-11-21,STORJ,930.0,21323859845.885006
2023-11-22,STORJ,1005.0,18843345841.294132
2023-11-23,STORJ,1010.0,24805552476.31539
2023-11-24,STORJ,998.0,15432538670.76062
2023-11-25,STORJ,995.0,11271125239.024961
2023-11-26,STORJ,988.0,11184713583.346716
2023-11-27,STORJ,1045.0,32332437093.42322
2023-11-28,STORJ,1020.0,26190313670.900185
2023-11-29,STORJ,975.0,12880248879.259514
2023-11-30,STORJ,983.0,5817806270.854491
2023-12-01,STORJ,996.0,9956141223.142433
2023-12-02,STORJ,1005.0,5973203987.099269
2023-12-03,STORJ,1010.0,14867570014.614483
2023-12-04,STORJ,1020.0,16988546862.475677
2023-12-05,STORJ,1095.0,155163530294.05502
2023-12-06,STORJ,1005.0,61484254965.37885
2023-12-07,STORJ,987.0,29172969114.913277
2023-12-08,STORJ,992.0,17739641446.707867
2023-12-09,STORJ,981.0,17460100297.928833
2023-12-10,STORJ,979.0,10927375044.13118
2023-12-11,STORJ,912.0,15614320578.453337
2023-12-12,STORJ,985.0,19046628652.247406
2023-12-13,STORJ,1080.0,76819492916.02368
2023-12-14,STORJ,1175.0,65308865816.43147
2023-12-15,STORJ,1310.0,113620917458.08098
2023-12-16,STORJ,1265.0,57518941401.111565
2023-12-17,STORJ,1455.0,166074431401.82724
2023-12-18,STORJ,1425.0,92427953179.30954
2023-12-19,STORJ,1430.0,74771760019.39508
2023-12-20,STORJ,1395.0,37396091092.9904
2023-12-21,STORJ,1400.0,159756228670.9378
2023-12-22,STORJ,1255.0,63219697896.12241
2023-12-23,STORJ,1210.0,93658739091.14232
2023-12-24,STORJ,1105.0,68979262915.02841
2023-12-25,STORJ,1090.0,37329831987.66599
2023-12-26,STORJ,1070.0,45559010615.77555
2023-12-27,STORJ,1020.0,64402451063.83622
2023-12-28,STORJ,968.0,55693934710.02199
2023-12-29,STORJ,955.0,36489165162.57416
2023-12-30,STORJ,984.0,69752670315.23671
2023-12-31,STORJ,949.0,39186853443.41923
2024-01-01,STORJ,956.0,24666086906.060925
2024-01-02,STORJ,963.0,30647262740.35631
2024-01-03,STORJ,881.0,75989440294.46794
2024-01-04,STORJ,871.0,25459526717.904045
2024-01-05,STORJ,860.0,63344352722.04131
2024-01-06,STORJ,853.0,27061445828.471256
2024-01-07,STORJ,785.0,20821086969.196922
2024-01-08,STORJ,823.0,25382045453.728573
2024-01-09,STORJ,763.0,16888227500.147175
2024-01-10,STORJ,833.0,25745895718.298378
2024-01-11,STORJ,852.0,21813423774.133305
2024-01-12,STORJ,861.0,50384784948.34446
2024-01-13,STORJ,864.0,16075920138.174406
2024-01-14,STORJ,822.0,7995037603.425052
2024-01-15,STORJ,825.0,8602835877.418036
2024-01-16,STORJ,840.0,8428038456.47022
2024-01-17,STORJ,825.0,6320129188.740047
2024-01-18,STORJ,789.0,8410855400.50082
2024-01-19,STORJ,778.0,7622652671.529144
2024-01-20,STORJ,793.0,3790222196.2857695
2024-01-21,STORJ,805.0,28548355616.434437
2024-01-22,STORJ,743.0,13498551810.849009
2024-01-23,STORJ,724.0,13536455551.513063
2024-01-24,STORJ,735.0,5782082389.988716
2024-01-25,STORJ,746.0,25679808917.16345
2024-01-26,STORJ,803.0,52834258591.03658
2024-01-27,STORJ,882.0,89561661231.9089
2024-01-28,STORJ,846.0,60164159055.48631
2024-01-29,STORJ,953.5,125841574358.46922
2024-01-30,STORJ,919.9,75993422336.53311
2024-01-31,STORJ,899.6,41763001291.45335
2024-02-01,STORJ,882.2,21559538781.268604
2024-02-02,STORJ,907.0,43687712003.29294
2024-02-03,STORJ,878.5,12032290565.922636
2024-02-04,STORJ,853.1,7510048483.776181
2024-02-05,STORJ,859.1,14029520667.439611
2024-02-06,STORJ,891.4,17870140387.828968
2024-02-07,STORJ,900.1,13698252979.848597
2024-02-08,STORJ,898.0,13507028332.641083
2024-02-09,STORJ,906.9,13468387659.311842
2024-02-10,STORJ,880.7,9390946887.64732
2024-02-11,STORJ,869.2,11711464659.537403
2024-02-12,STORJ,885.8,17050283032.357773
2024-02-13,STORJ,916.8,59305541394.84584
2024-02-14,STORJ,896.7,49448252669.306335
2024-02-15,STORJ,913.0,46177763942.313354
2024-02-16,STORJ,936.4,38042080675.555626
2024-02-17,STORJ,1002.0,209678289826.32205
2024-02-18,STORJ,986.2,72061280881.48897
2024-02-19,STORJ,1060.0,69768983493.41449
2024-02-20,STORJ,1025.0,113682701185.63298
2024-02-21,STORJ,987.0,39719326725.7088
2024-02-22,STORJ,999.4,34668760231.79114
2024-02-23,STORJ,1015.0,59145597315.93108
2024-02-24,STORJ,1005.0,39355918369.56132
2024-02-25,STORJ,1013.0,29683672959.552074
2024-02-26,STORJ,1013.0,34001461195.24619
2024-02-27,STORJ,1021.0,32106757606.719357
2024-02-28,STORJ,1049.0,99193706349.3638
2024-02-29,STORJ,1070.0,65635631272.48966
2024-03-01,STORJ,1145.0,49306337516.90315
2024-03-02,STORJ,1180.0,52774655147.20908
2024-03-03,STORJ,1144.0,59038179865.066826
2024-03-04,STORJ,1150.0,58332330769.5316
2024-03-05,STORJ,1047.0,79266587330.1891
2024-03-06,STORJ,1092.0,43821134699.54834
2024-03-07,STORJ,1145.0,57759626937.71415
2024-03-08,STORJ,1209.0,201338320546.88223
2024-03-09,STORJ,1224.0,92933835352.14746
2024-03-10,STORJ,1215.0,42508963425.02459
2024-03-11,STORJ,1259.0,84302438611.71431
2024-03-12,STORJ,1250.0,45468779963.03819
2024-03-13,STORJ,1262.0,41641116665.21991
2024-03-14,STORJ,1220.0,54535655047.09595
2024-03-15,STORJ,1138.0,50454935800.85941
2024-03-16,STORJ,1048.0,26747644035.507404
2024-03-17,STORJ,1074.0,28412588495.7546
2024-03-18,STORJ,1011.0,15787564114.470402
2024-03-19,STORJ,939.2,24875830087.50102
2024-03-20,STORJ,1051.0,35837741258.374435
2024-03-21,STORJ,1047.0,20491987266.54162
2024-03-22,STORJ,1030.0,12899700337.354158
2024-03-23,STORJ,1021.0,7342978876.728138
2024-03-24,STORJ,1044.0,7474966391.182033
2024-03-25,STORJ,1085.0,15421073896.02304
2024-03-26,STORJ,1152.0,29253316342.332336
2024-03-27,STORJ,1117.0,27579467594.014336
2024-03-28,STORJ,1191.0,71556558351.17886
2024-03-29,STORJ,1164.0,22287629507.698437
2024-03-30,STORJ,1130.0,11710112359.715252
2024-03-31,STORJ,1125.0,7607807011.000462
2024-04-01,STORJ,1059.0,20338282357.606606
2024-04-02,STORJ,980.5,15373742502.009966
2024-04-03,STORJ,982.9,11113088330.819466
2024-04-04,STORJ,1024.0,7415214034.768804
2024-04-05,STORJ,1005.0,6202299589.597323
2024-04-06,STORJ,1009.0,3573088471.2630625
2024-04-07,STORJ,1020.0,3242414928.8433437
2024-04-08,STORJ,1053.0,8509463575.686244
2024-04-09,STORJ,1011.0,11674804435.84398
2024-04-10,STORJ,1003.0,7964690878.769744
2024-04-11,STORJ,1003.0,6308154323.513352
2024-04-12,STORJ,883.2,13843939927.11664
2024-04-13,STORJ,760.1,13272233164.683752
2024-04-14,STORJ,816.5,11446865866.296347
2024-04-15,STORJ,797.8,8885012329.773182
2024-04-16,STORJ,786.3,6085223031.554175
2024-04-17,STORJ,761.1,4261987086.6354566
2024-04-18,STORJ,783.2,4374054465.245964
2024-04-19,STORJ,778.0,5640059625.266684
2024-04-20,STORJ,830.0,4296853281.60394
2024-04-21,STORJ,812.2,4520855164.700721
2024-04-22,STORJ,831.2,5701697472.259213
2024-04-23,STORJ,845.8,5053161448.616409
2024-04-24,STORJ,800.0,7094186933.4528475
2024-04-25,STORJ,786.0,4900627996.746766
2024-04-26,STORJ,795.6,3352595794.398613
2024-04-27,STORJ,802.3,5186459314.33771
2024-04-28,STORJ,782.0,3412904659.8687487
2024-04-29,STORJ,783.3,10355037941.016867
2024-04-30,STORJ,722.8,4911830905.245083
2024-05-01,STORJ,724.6,6647785902.00691
2024-05-02,STORJ,737.6,2970013785.810068
2024-05-03,STORJ,766.4,3087863142.8863335
2024-05-04,STORJ,762.1,2225462529.86896
2024-05-05,STORJ,761.9,1860342664.370325
2024-05-06,STORJ,750.5,2653312109.7348523
2024-05-07,STORJ,742.4,4320502455.882326
2024-05-08,STORJ,737.1,2467700308.4753146
2024-05-09,STORJ,755.0,1734757800.6008017
2024-05-10,STORJ,729.2,2337049921.4080386
2024-05-11,STORJ,723.8,1118038500.9889133
2024-05-12,STORJ,710.4,1239998195.2220402
2024-05-13,STORJ,714.5,2602540994.2085347
2024-05-14,STORJ,693.9,1370020732.9157195
2024-05-15,STORJ,729.7,2446617036.4946256
2024-05-16,STORJ,732.3,2025430401.408392
2024-05-17,STORJ,756.3,2013595918.4516222
2024-05-18,STORJ,756.1,1859721485.44932
2024-05-19,STORJ,710.6,2142174962.15416
2024-05-20,STORJ,770.4,3762289032.145689
2024-05-21,STORJ,781.7,5350569169.112464
2024-05-22,STORJ,768.9,2744346309.927371
2024-05-23,STORJ,769.7,3387207724.2292256
2024-05-24,STORJ,787.1,2972306454.9803896
2024-05-25,STORJ,782.6,1800862842.8814857
2024-05-26,STORJ,766.7,1197333244.2941248
2024-05-27,STORJ,789.4,1818322346.5129204
2024-05-28,STORJ,790.5,3289629615.00397
2024-05-29,STORJ,758.6,2174299869.2832417
2024-05-30,STORJ,743.2,1865456764.9636207
2024-05-31,STORJ,744.9,1141405535.2608469
2024-06-01,STORJ,740.0,631926420.1222394
2024-06-02,STORJ,724.1,1131493581.058875
2024-06-03,STORJ,728.4,1415463035.8690195
2024-06-04,STORJ,739.6,1589982422.5382373
2024-06-05,STORJ,746.0,1292074426.053463
2024-06-06,STORJ,788.3,5372871443.566988
2024-06-07,STORJ,719.5,5397240582.673664
2024-06-08,STORJ,673.2,3707551139.527168
2024-06-09,STORJ,689.6,1562853277.024901
2024-06-10,STORJ,665.4,5479357712.7681
2024-06-11,STORJ,634.2,3368902596.177467
2024-06-12,STORJ,662.0,2148428052.455977
2024-06-13,STORJ,636.8,1104708369.8565354
2024-06-14,STORJ,628.3,2414073242.1083584
2024-06-15,STORJ,630.7,720448734.9723599
2024-06-16,STORJ,623.4,1015820317.7859553
2024-06-17,STORJ,534.0,5670222515.984331
2024-06-18,STORJ,509.1,3588324080.393175
2024-06-19,STORJ,537.0,1023723938.4666518
2024-06-20,STORJ,541.9,1339114991.216003
2024-06-21,STORJ,542.4,887126085.5845654
2024-06-22,STORJ,536.9,399017746.3945233
2024-06-23,STORJ,521.5,1582027772.520796
2024-06-24,STORJ,534.0,2191877537.7196536
2024-06-25,STORJ,553.0,1186469426.1731164
2024-06-26,STORJ,543.0,1006272799.4860435
2024-06-27,STORJ,555.0,505782650.3268506
2024-06-28,STORJ,539.3,610273305.2628326
2024-06-29,STORJ,521.9,452123222.417563
2024-06-30,STORJ,541.0,479111888.3263011
2024-07-01,STORJ,527.7,569318048.8078896
2024-07-02,STORJ,527.9,458659819.6415562
2024-07-03,STORJ,507.4,798509470.8427833
2024-07-04,STORJ,461.5,1285924264.7560544
2024-07-05,STORJ,464.2,2383238790.897407
2024-07-06,STORJ,484.9,1100862478.1749659
2024-07-07,STORJ,460.1,1434996016.037049
2024-07-08,STORJ,481.6,1491086873.9254706
2024-07-09,STORJ,490.0,1351789615.2859979
2024-07-10,STORJ,504.6,1889838881.9859314
2024-07-11,STORJ,510.1,1748386656.830439
2024-07-12,STORJ,497.9,2364050094.1596665
2024-07-13,STORJ,547.0,4570676161.12237
2024-07-14,STORJ,538.2,3426824831.2196975
2024-07-15,STORJ,561.6,2886131853.3502336
2024-07-16,STORJ,552.3,2363521516.6734014
2024-07-17,STORJ,551.7,1385876717.0244458
2024-07-18,STORJ,552.5,6142853189.020295
2024-07-19,STORJ,581.6,5214694260.286277
2024-07-20,STORJ,587.3,1173617134.463043
2024-07-21,STORJ,591.6,2421386936.4724874
2024-07-22,STORJ,559.3,1250859546.359103
2024-07-23,STORJ,545.3,1050205453.7188061
2024-07-24,STORJ,530.8,776404720.7037804
2024-07-25,STORJ,509.3,1751489053.3562608
2024-07-26,STORJ,532.5,1942664548.170831
2024-07-27,STORJ,671.3,53417840939.306854
2024-07-28,STORJ,684.9,74370945795.27808
2024-07-29,STORJ,677.8,26560110363.411938
2024-07-30,STORJ,627.3,12050488274.850344
2024-07-31,STORJ,613.4,16910556628.183022
2024-08-01,STORJ,581.6,5980054217.924744
2024-08-02,STORJ,550.8,12052989114.978733
2024-08-03,STORJ,485.2,5840947717.034447
2024-08-04,STORJ,436.6,4623554619.00263
2024-08-05,STORJ,580.2,95775125164.62375
2024-08-06,STORJ,575.1,36435559323.04173
2024-08-07,STORJ,527.7,17223533802.913876
2024-08-08,STORJ,558.3,11804263685.224306
2024-08-09,STORJ,547.3,8999703563.107002
2024-08-10,STORJ,537.1,4392525254.707464
2024-08-11,STORJ,488.3,5730378798.534878
2024-08-12,STORJ,501.2,8471263987.903423
2024-08-13,STORJ,501.0,3005972071.660181
2024-08-14,STORJ,492.2,2058221688.6306486
2024-08-15,STORJ,496.9,12772958484.624449
2024-08-16,STORJ,494.1,5637917980.822222
2024-08-17,STORJ,494.4,1206182780.5313842
2024-08-18,STORJ,505.1,2362325825.7717304
2024-08-19,STORJ,493.6,3041846431.562791
2024-08-20,STORJ,488.8,2937368585.468002
2024-08-21,STORJ,521.4,48731464604.107254
2024-08-22,STORJ,564.2,51033920917.59245
2024-08-23,STORJ,579.0,18300888004.95672
2024-08-24,STORJ,571.0,5570347491.696146
2024-08-25,STORJ,555.8,9272856679.93733
2024-08-26,STORJ,537.5,3670892323.4101667
2024-08-27,STORJ,503.0,2766431043.227704
2024-08-28,STORJ,495.7,2002480942.8815808
2024-08-29,STORJ,498.5,1436046291.4149926
2024-08-30,STORJ,499.4,1637796422.4654853
2024-08-31,STORJ,488.2,772859851.9093581
2024-09-01,STORJ,461.7,1133415220.1522362
2024-09-02,STORJ,482.9,1361701614.9337122
2024-09-03,STORJ,457.1,1252934009.1820195
2024-09-04,STORJ,464.6,1495901559.3067205
2024-09-05,STORJ,446.1,1546519707.655102
2024-09-06,STORJ,441.0,2152393064.8003798
2024-09-07,STORJ,447.4,755454780.7948351
2024-09-08,STORJ,460.8,888432653.948885
2024-09-09,STORJ,483.6,2221048561.682354
2024-09-10,STORJ,485.3,1027723565.476516
2024-09-11,STORJ,477.1,1339869146.3380723
2024-09-12,STORJ,490.2,1073816632.6594796
2024-09-13,STORJ,496.7,1696765117.5111113
2024-09-14,STORJ,486.6,713952379.1561645
2024-09-15,STORJ,507.4,3086302087.1941047
2024-09-16,STORJ,494.0,8975286474.59008
2024-09-17,STORJ,499.6,2347012131.5855303
2024-09-18,STORJ,502.6,3685529784.0125446
2024-09-19,STORJ,539.7,17389460586.47178
2024-09-20,STORJ,549.9,5610746551.784338
2024-09-21,STORJ,572.9,5148273294.037673
2024-09-22,STORJ,546.3,2665096458.046305
2024-09-23,STORJ,552.6,2737079208.4934382
2024-09-24,STORJ,565.6,2497932701.7680354
2024-09-25,STORJ,581.9,7467923609.987848
2024-09-26,STORJ,590.3,2237624691.101639
2024-09-27,STORJ,589.2,2187527918.6118984
2024-09-28,STORJ,569.6,2227587177.4543147
2024-09-29,STORJ,569.1,1753619312.2293231
2024-09-30,STORJ,538.1,1916113109.0872962
2024-10-01,STORJ,505.8,6376639338.152501
2024-10-02,STORJ,502.0,2136817707.2948651
2024-10-03,STORJ,499.4,1560321330.720964
2024-10-04,STORJ,520.2,1083249200.3452957
2024-10-05,STORJ,522.3,1734159002.0622563
2024-10-06,STORJ,533.3,1227768287.2342794
2024-10-07,STORJ,517.7,1597056625.4794044
2024-10-08,STORJ,542.4,1736295406.785983
2024-10-09,STORJ,533.8,7290593384.831883
2024-10-10,STORJ,570.0,12760534800.453426
2024-10-11,STORJ,585.5,7963467009.13299
2024-10-12,STORJ,599.3,7632013199.078065
2024-10-13,STORJ,626.5,5857624141.036016
2024-10-14,STORJ,638.1,4942296960.18357
2024-10-15,STORJ,819.0,113703961869.95879
2024-10-16,STORJ,811.5,73412226154.23859
2024-10-17,STORJ,841.3,56470983647.405426
2024-10-18,STORJ,858.6,57809384019.91059
2024-10-19,STORJ,807.6,218366256329.39755
2024-10-20,STORJ,741.9,78534274893.48071
2024-10-21,STORJ,703.0,30162213844.593086
2024-10-22,STORJ,727.6,34790837914.77647
2024-10-23,STORJ,674.5,15830653635.651447
2024-10-24,STORJ,678.8,8429199843.163582
2024-10-25,STORJ,615.2,7977304605.803356
2024-10-26,STORJ,615.1,4936220076.628724
2024-10-27,STORJ,626.2,16574135888.626566
2024-10-28,STORJ,653.1,61389112011.09396
2024-10-29,STORJ,666.7,17418542170.12337
2024-10-30,STORJ,654.0,5303176080.137769
2024-10-31,STORJ,614.5,3865412113.3215427
2024-11-01,STORJ,616.7,2862841018.029405
2024-11-02,STORJ,605.3,12001422819.768345
2024-11-03,STORJ,584.5,3445799318.819773
2024-11-04,STORJ,564.0,1524848817.1355352
2024-11-05,STORJ,595.3,2918845225.9437
2024-11-06,STORJ,641.6,7550537050.145733
2024-11-07,STORJ,639.7,8266310547.5207615
2024-11-08,STORJ,645.7,4266758967.5767446
2024-11-09,STORJ,670.7,5248647572.090489
2024-11-10,STORJ,680.1,12573077701.483234
2024-11-11,STORJ,715.6,19098357614.205505
2024-11-12,STORJ,710.5,28466179770.92472
2024-11-13,STORJ,678.0,12596568376.189425
2024-11-14,STORJ,630.6,8162381271.157192
2024-11-15,STORJ,671.0,6035669444.334551
2024-11-16,STORJ,721.7,12308841881.478323
2024-11-17,STORJ,675.6,9636725532.694551
2024-11-18,STORJ,717.5,11328479592.192905
2024-11-19,STORJ,721.1,27256013426.33624
2024-11-20,STORJ,684.6,8034021061.814066
2024-11-21,STORJ,703.6,7095091718.546505
2024-11-22,STORJ,731.5,11463553783.226915
2024-11-23,STORJ,773.4,16716135893.425472
2024-11-24,STORJ,812.2,31338244201.734028
2024-11-25,STORJ,787.6,43911772018.01644
2024-11-26,STORJ,871.2,108322997961.02551
2024-11-27,STORJ,871.7,23598358001.2828
2024-11-28,STORJ,851.0,15030573455.807882
2024-11-29,STORJ,873.9,12376239613.616531
2024-11-30,STORJ,902.7,12116301354.283245
2024-12-01,STORJ,896.7,16497153705.55824
2024-12-02,STORJ,936.0,21287755086.908607
2024-12-03,STORJ,989.5,43912897173.502556
2024-12-04,STORJ,1008.0,20833810753.918854
2024-12-05,STORJ,969.0,14891793532.282982
2024-12-06,STORJ,1010.0,16443774422.357382
2024-12-07,STORJ,980.5,9165231489.389738
2024-12-08,STORJ,997.8,6571681257.848309
2024-12-09,STORJ,824.2,16856414778.457209
2024-12-10,STORJ,791.0,11335584817.744486
2024-12-11,STORJ,836.8,6843396925.552355
2024-12-12,STORJ,855.2,6461252131.200609
2024-12-13,STORJ,848.8,4046950593.134244
2024-12-14,STORJ,807.9,3469487031.0282598
2024-12-15,STORJ,833.6,3224288278.8012834
2024-12-16,STORJ,814.0,4520177433.360065
2024-12-17,STORJ,782.8,3162270602.730763
2024-12-18,STORJ,712.0,3679398038.0137734
2024-12-19,STORJ,679.7,5484140230.7576275
2024-12-20,STORJ,711.4,7440299932.06422
2024-12-21,STORJ,677.8,3220013641.5332623
2024-12-22,STORJ,699.6,5658399601.288929
2024-12-23,STORJ,739.5,4546254048.452194
2024-12-24,STORJ,766.3,7818936314.964163
2024-12-25,STORJ,744.8,5089520010.832916
2024-12-26,STORJ,695.0,3760322738.3479276
2024-12-27,STORJ,701.0,3436126878.1432977
2024-12-28,STORJ,834.4,137981765663.18884
2024-12-29,STORJ,738.4,29412701538.81465
2024-12-30,STORJ,718.0,15595595910.810244
2024-12-31,STORJ,710.3,4442956595.35968
2025-01-01,STORJ,739.0,8810062032.51529
2025-01-02,STORJ,746.1,4168749186.997581
2025-01-03,STORJ,767.1,4438182051.922108
2025-01-04,STORJ,761.2,3464471794.58506
2025-01-05,STORJ,794.4,20948322556.304188
2025-01-06,STORJ,840.5,36378390554.83321
2025-01-07,STORJ,767.2,12290525477.730373
2025-01-08,STORJ,778.8,14862583528.14621
2025-01-09,STORJ,830.4,23992319427.097157
2025-01-10,STORJ,826.3,14847644060.459621
2025-01-11,STORJ,826.0,21619568269.102962
2025-01-12,STORJ,795.5,7761406796.170882
2025-01-13,STORJ,757.7,19070935414.984947
2025-01-14,STORJ,770.5,5068831151.427414
2025-01-15,STORJ,784.9,7536860301.109785
2025-01-16,STORJ,752.3,4374726445.908128
2025-01-17,STORJ,783.9,4011693335.7763023
2025-01-18,STORJ,739.7,4222750652.256414
2025-01-19,STORJ,696.0,4980224117.490345
2025-01-20,STORJ,687.6,4118274118.677546
2025-01-21,STORJ,694.4,2444609505.0154176
2025-01-22,STORJ,684.4,1290006039.7408614
2025-01-23,STORJ,673.0,1844767564.7404952
2025-01-24,STORJ,658.4,1548905792.1936476
2025-01-25,STORJ,672.5,1756061028.5052507
2025-01-26,STORJ,669.4,2179202732.915997
2025-01-27,STORJ,655.0,2599755142.854848
2025-01-28,STORJ,623.6,997686839.8781166
2025-01-29,STORJ,631.4,940502047.586781
2025-01-30,STORJ,645.0,1066632795.9127501
2025-01-31,STORJ,653.4,1817826744.4248981
2025-02-01,STORJ,618.0,4987817750.76217
2025-02-02,STORJ,539.5,4164218385.6942844
2025-02-03,STORJ,554.0,7246398795.2526865
2025-02-04,STORJ,530.3,3183011651.5545225
2025-02-05,STORJ,515.5,1136071270.110079
2025-02-06,STORJ,488.8,1115024073.2298014
2025-02-07,STORJ,490.7,1227360429.140482
2025-02-08,STORJ,508.4,669849423.4795383
2025-02-09,STORJ,501.7,1071128984.9632187
2025-02-10,STORJ,525.3,1684995292.3982813
2025-02-11,STORJ,506.5,2555611421.7500796
2025-02-12,STORJ,533.2,1880792913.825744
2025-02-13,STORJ,523.6,2947451050.221173
2025-02-14,STORJ,526.3,1236395786.9685276
2025-02-15,STORJ,513.1,857610128.8711445
2025-02-16,STORJ,547.0,71722395215.47685
2025-02-17,STORJ,574.0,222895906705.69955
2025-02-18,STORJ,565.3,103488938940.33118
2025-02-19,STORJ,560.0,21536285096.156544
2025-02-20,STORJ,574.1,37958806390.65596
2025-02-21,STORJ,545.3,24330951878.24256
2025-02-22,STORJ,553.4,7830693408.7029295
2025-02-23,STORJ,570.0,20928911819.5089
2025-02-24,STORJ,485.7,7064460117.016818
2025-02-25,STORJ,491.0,4259950450.7038774
2025-02-26,STORJ,482.9,2294260302.397623
2025-02-27,STORJ,501.0,3631153327.28234
2025-02-28,STORJ,487.9,3614672253.374966
2025-03-01,STORJ,492.1,1916972071.6848412
2025-03-02,STORJ,529.5,5042668722.518717
2025-03-03,STORJ,451.6,3068310573.2953963
2025-03-04,STORJ,450.4,2762561322.588
2025-03-05,STORJ,461.4,951547091.0208653
2025-03-06,STORJ,451.7,2820554389.1812425
2025-03-07,STORJ,453.8,1405772256.6238568
2025-03-08,STORJ,443.0,753941735.4827495
2025-03-09,STORJ,400.0,1652537109.336564
2025-03-10,STORJ,389.9,2061575662.1139338
2025-03-11,STORJ,407.0,1830060743.3829823
2025-03-12,STORJ,415.8,1844693328.4989767
2025-03-13,STORJ,416.6,6950891615.591526
2025-03-14,STORJ,430.0,1767921541.4308486
2025-03-15,STORJ,431.8,1105304652.916127
2025-03-16,STORJ,414.3,942543444.73218
2025-03-17,STORJ,430.1,836029517.6320481
2025-03-18,STORJ,429.3,4730482991.25694
2025-03-19,STORJ,448.1,6195051647.456594
2025-03-20,STORJ,433.3,1533561726.0508218
2025-03-21,STORJ,421.2,1561647670.3708212
2025-03-22,STORJ,437.1,1252882894.6459131
2025-03-23,STORJ,429.3,567252666.1769698
2025-03-24,STORJ,448.3,6594152342.302004
2025-03-25,STORJ,459.9,3852042691.1344943
2025-03-26,STORJ,452.3,1352730954.7878988
2025-03-27,STORJ,453.8,1255430740.8235023
2025-03-28,STORJ,418.6,1384747106.2946
2025-03-29,STORJ,396.8,906100717.6453097
2025-03-30,STORJ,397.3,501001819.98203576
2025-03-31,STORJ,395.7,909901141.7882252
2025-04-01,STORJ,397.7,853130329.807147
2025-04-02,STORJ,368.7,1813550112.4730268
2025-04-03,STORJ,365.2,1311561755.5445833
2025-04-04,STORJ,366.9,1104704113.156738
2025-04-05,STORJ,368.5,673232676.12293
2025-04-06,STORJ,341.7,3566460308.4671755
2025-04-07,STORJ,356.9,2006860204.5641942
2025-04-08,STORJ,344.6,1436122806.7229712
2025-04-09,STORJ,375.2,2430360079.0215716
2025-04-10,STORJ,386.2,4899456700.185223
2025-04-11,STORJ,391.5,1378972282.3785393
2025-04-12,STORJ,404.2,5225848512.908774
2025-04-13,STORJ,386.6,3868810194.869407
2025-04-14,STORJ,376.1,1167626075.6695242
2025-04-15,STORJ,381.3,1624204382.9864004
2025-04-16,STORJ,404.3,4445286582.436185
2025-04-17,STORJ,417.6,6681249995.101454
2025-04-18,STORJ,425.4,6351717741.109235
2025-04-19,STORJ,443.0,2473807800.0071363
2025-04-20,STORJ,430.4,1798131827.9331894
2025-04-21,STORJ,422.3,1480050146.7106924
2025-04-22,STORJ,449.8,1854894059.9297438
2025-04-23,STORJ,449.7,1377521314.6839328
2025-04-24,STORJ,450.3,1373656117.3133023
2025-04-25,STORJ,453.4,1522714927.8962824
2025-04-26,STORJ,483.3,4180301762.911511
2025-04-27,STORJ,446.7,2290609412.62537
2025-04-28,STORJ,451.4,1227686464.6172674
2025-04-29,STORJ,447.3,1351014489.8732848
2025-04-30,STORJ,442.0,943649459.8031046
2025-05-01,STORJ,439.5,790858625.5781537
2025-05-02,STORJ,430.0,617982406.2098651
2025-05-03,STORJ,415.7,2120902615.6775777
2025-05-04,STORJ,400.5,985116104.7305924
2025-05-05,STORJ,402.6,624691194.0141768
2025-05-06,STORJ,388.4,880520336.5264928
2025-05-07,STORJ,399.0,486222637.53150123
2025-05-08,STORJ,436.0,1588837680.1135323
2025-05-09,STORJ,448.5,1701216259.4915566
2025-05-10,STORJ,469.8,1199569598.3423333
2025-05-11,STORJ,467.2,1601199196.4880233
2025-05-12,STORJ,472.0,2158011940.512982
2025-05-13,STORJ,482.4,1324722489.9634533
2025-05-14,STORJ,464.5,1230286308.7323802
2025-05-15,STORJ,440.7,1583121898.954098
2025-05-16,STORJ,433.0,605472788.1355846
2025-05-17,STORJ,414.8,809076754.2272282
2025-05-18,STORJ,425.4,1096805870.3488114
2025-05-19,STORJ,411.7,700262181.2024193
2025-05-20,STORJ,423.3,1155932600.1015713
2025-05-21,STORJ,422.0,679254425.3557482
2025-05-22,STORJ,441.3,749081336.5055546
2025-05-23,STORJ,414.2,1273658314.4154449
2025-05-24,STORJ,411.4,396097433.1980848
2025-05-25,STORJ,407.8,564852576.9117743
2025-05-26,STORJ,400.0,306198137.91686
2025-05-27,STORJ,414.0,676134278.8179675
2025-05-28,STORJ,408.5,467349187.96089745
2025-05-29,STORJ,399.1,389700421.3240006
2025-05-30,STORJ,372.3,974934041.8638368
2025-05-31,STORJ,369.9,625280490.2892835
2025-06-01,STORJ,373.5,262278828.1406902
2025-06-02,STORJ,382.7,571094731.2198203
2025-06-03,STORJ,378.9,659942874.2676111
2025-06-04,STORJ,370.4,294068421.89326406
2025-06-05,STORJ,344.9,505088304.149171
2025-06-06,STORJ,352.1,347865777.23370457
2025-06-07,STORJ,360.4,140737887.20560464
2025-06-08,STORJ,364.0,737591107.1858348
2025-06-09,STORJ,381.8,578569407.3305122
2025-06-10,STORJ,389.5,668151173.1900702
2025-06-11,STORJ,380.5,414881150.80470866
2025-06-12,STORJ,357.4,427731601.58118623
2025-06-13,STORJ,353.4,655771680.373952
2025-06-14,STORJ,349.0,216460289.5567071
2025-06-15,STORJ,349.6,352540985.8000937
2025-06-16,STORJ,338.5,395645235.7952265
2025-06-17,STORJ,336.5,305198236.6188437
2025-06-18,STORJ,338.4,274259074.5581935
2025-06-19,STORJ,338.9,146866049.67754588
2025-06-20,STORJ,336.6,982191920.3682128
2025-06-21,STORJ,321.8,509507557.05107236
2025-06-22,STORJ,310.3,526865429.86389804
2025-06-23,STORJ,340.2,496486267.79722136
2025-06-24,STORJ,343.2,421135304.5051598
2025-06-25,STORJ,337.7,429938194.6588313
2025-06-26,STORJ,326.1,335161769.8200772
2025-06-27,STORJ,330.4,150630451.03348887
2025-06-28,STORJ,336.5,112148507.69666168
2025-06-29,STORJ,343.0,165381948.76778015
2025-06-30,STORJ,327.5,327885324.9295265
2025-07-01,STORJ,318.7,219652500.0278559
2025-07-02,STORJ,339.5,516962510.8374525
2025-07-03,STORJ,342.6,282974631.77474225
2025-07-04,STORJ,334.1,411861203.73339856
2025-07-05,STORJ,331.5,225678690.65506712
2025-07-06,STORJ,338.8,149993927.92797
2025-07-07,STORJ,336.9,478832153.21763927
2025-07-08,STORJ,345.8,367927810.5476989
2025-07-09,STORJ,359.9,497920172.6635636
2025-07-10,STORJ,374.2,1125553569.8120744
2025-07-11,STORJ,385.8,1205056311.124806
2025-07-12,STORJ,403.0,25285486259.55986
2025-07-13,STORJ,401.7,2343306603.4299912
2025-07-14,STORJ,404.1,1388383718.868981
2025-07-15,STORJ,412.1,847596418.6959236
2025-07-16,STORJ,410.3,1086830272.2889645
2025-07-17,STORJ,412.0,841582978.7957898
2025-07-18,STORJ,415.6,1917865218.2398732
2025-07-19,STORJ,421.2,627358196.4755517
2025-07-20,STORJ,430.9,2342405820.851091
2025-07-21,STORJ,437.9,1605329620.5581503
2025-07-22,STORJ,439.5,5564281180.516906
2025-07-23,STORJ,408.8,2248275430.4932127
2025-07-24,STORJ,395.1,1204366399.2300112
2025-07-25,STORJ,402.6,902722915.9832857
2025-07-26,STORJ,401.7,426127878.1152588
2025-07-27,STORJ,414.1,2560092103.4620175
2025-07-28,STORJ,387.3,1394593486.599552
2025-07-29,STORJ,391.9,831608667.4188364
2025-07-30,STORJ,390.0,893583905.7147484
2025-07-31,STORJ,371.0,818350707.7841879
2025-08-01,STORJ,363.0,778342859.1749808
2025-08-02,STORJ,355.0,413376482.6468075
2025-08-03,STORJ,365.0,186686991.94857728
2025-08-04,STORJ,378.0,371913951.5123672
2025-08-05,STORJ,366.0,449311011.14228463
2025-08-06,STORJ,362.0,343423649.82568634
2025-08-07,STORJ,373.0,420678084.6080794
2025-08-08,STORJ,377.0,867613604.7494849
2025-08-09,STORJ,385.0,426981272.59893876
2025-08-10,STORJ,389.0,1712495335.3296714
2025-08-11,STORJ,372.0,781894545.9517089
2025-08-12,STORJ,384.0,706489571.0021913
2025-08-13,STORJ,396.0,650852371.8314046
2025-08-14,STORJ,364.0,1102861476.800698
2025-08-15,STORJ,362.0,785403223.7456238
2025-08-16,STORJ,381.0,675141626.2518169
2025-08-17,STORJ,376.0,462843771.9478998
2025-08-18,STORJ,365.0,569741809.6988478
2025-08-19,STORJ,355.0,467847657.32790565
2025-08-20,STORJ,368.0,616342234.0946374
2025-08-21,STORJ,359.0,320022552.1474815
2025-08-22,STORJ,378.0,1336510614.54329
2025-08-23,STORJ,377.0,468277088.4861007
2025-08-24,STORJ,372.0,495706956.90528005
2025-08-25,STORJ,353.0,1329142911.9533632
2025-08-26,STORJ,365.0,526289852.8258227
2025-08-27,STORJ,362.0,491836970.89033705
2025-08-28,STORJ,371.0,587126762.9390765
2025-08-29,STORJ,357.0,727223017.5632917
2025-08-30,STORJ,362.0,360685274.08787024
2025-08-31,STORJ,355.0,372561669.2490485
2025-09-01,STORJ,349.0,1042346270.9318929
2025-09-02,STORJ,357.0,457228768.67310697
2025-09-03,STORJ,359.0,239491632.12346542
2025-09-04,STORJ,350.0,381247438.0251285
2025-09-05,STORJ,356.0,172506898.59477732
2025-09-06,STORJ,351.0,141975064.52435124
2025-09-07,STORJ,352.0,144547841.34655392
2025-09-08,STORJ,360.0,263642751.4608288
2025-09-09,STORJ,360.0,421112709.5934636
2025-09-10,STORJ,367.0,414060484.68342835
2025-09-11,STORJ,368.0,414363290.611897
2025-09-12,STORJ,377.0,358527240.30933434
2025-09-13,STORJ,381.0,610383883.2521466
2025-09-14,STORJ,370.0,442348616.8751573
2025-09-15,STORJ,356.0,612294074.4316595
2025-09-16,STORJ,358.0,313143509.2929352
2025-09-17,STORJ,360.0,424235738.857248
2025-09-18,STORJ,366.0,450711210.71441627
2025-09-19,STORJ,353.0,436458298.72176325
2025-09-20,STORJ,358.0,352198145.19500315
2025-09-21,STORJ,353.0,588856074.6445506
2025-09-22,STORJ,332.0,1102090097.3876867
2025-09-23,STORJ,333.0,415770390.6515945
2025-09-24,STORJ,331.0,307848592.65032893
2025-09-25,STORJ,319.0,591491791.0757432
2025-09-26,STORJ,330.0,456965975.10832953
2025-09-27,STORJ,326.0,83256146.25250806
2025-09-28,STORJ,330.0,198382368.2368209
2025-09-29,STORJ,326.0,261973334.29454762
2025-09-30,STORJ,327.0,470859848.6367851
2025-10-01,STORJ,341.0,450986660.0867517
2025-10-02,STORJ,346.0,642184815.0605803
2025-10-03,STORJ,347.0,506799529.0708958
2025-10-04,STORJ,336.0,331206380.83372897
2025-10-05,STORJ,335.0,424429738.73573214
2025-10-06,STORJ,335.0,254253404.5813634
2025-10-07,STORJ,323.0,470651805.4274841
2025-10-08,STORJ,332.0,202103023.83344522
2025-10-09,STORJ,333.0,417232749.77050596
2025-10-10,STORJ,248.0,1942657545.040822
2025-10-11,STORJ,248.0,1183809960.4205196
2025-10-12,STORJ,279.0,629116782.6754831
2025-10-13,STORJ,305.0,1010515493.2122519
2025-10-14,STORJ,286.0,5078254510.665387
2025-10-15,STORJ,277.0,582831142.2281528
2025-10-16,STORJ,265.0,370990060.014459
2025-10-17,STORJ,260.0,634554702.4480872
2025-10-18,STORJ,266.0,186716333.03046513
2025-10-19,STORJ,268.0,151788240.51729998
2025-10-20,STORJ,272.0,194606661.42792225
2025-10-21,STORJ,282.0,18310718474.46377
2025-10-22,STORJ,265.0,6714977089.825357
2025-10-23,STORJ,265.0,465489161.80008453
2025-10-24,STORJ,266.0,1699619632.7458975
2025-10-25,STORJ,268.0,568599136.5864941
2025-10-26,STORJ,276.0,650536262.3247952
2025-10-27,STORJ,265.0,477422027.4941558
2025-10-28,STORJ,259.0,443220006.4730131
2025-10-29,STORJ,258.0,446164183.76985914
2025-10-30,STORJ,246.0,546143658.6373769
2025-10-31,STORJ,252.0,357411488.32474095
2025-11-01,STORJ,256.0,361616829.53244674
2025-11-02,STORJ,258.0,3154357339.991102
2025-11-03,STORJ,229.0,904782993.335679
2025-11-04,STORJ,220.0,902132316.114018
2025-11-05,STORJ,224.0,700416544.7456912
2025-11-06,STORJ,260.0,5619206880.138616
2025-11-07,STORJ,307.0,34154862137.626305
2025-11-08,STORJ,270.0,6028335269.029362
2025-11-09,STORJ,261.0,1733392860.649582
2025-11-10,STORJ,259.0,1256554188.3519883
2025-11-11,STORJ,252.0,4920745647.927047
2025-11-12,STORJ,257.0,1602848578.6279056
2025-11-13,STORJ,250.0,1957244539.8254368
2025-11-14,STORJ,245.0,992919831.520528
2025-11-15,STORJ,245.0,560008750.5277177
2025-11-16,STORJ,242.0,657389469.958688
2025-11-17,STORJ,239.0,674218329.8454411
2025-11-18,STORJ,240.0,480749203.28726876
2025-11-19,STORJ,239.0,610443941.8852309
2025-11-20,STORJ,235.0,820248436.7047898
2025-11-21,STORJ,223.0,1029932656.4200453
2025-11-22,STORJ,224.0,263915085.67952418
2025-11-23,STORJ,227.0,1154154410.2035596
2025-11-24,STORJ,232.0,465397557.9634318
2025-11-25,STORJ,234.0,376248868.009546
2025-11-26,STORJ,231.0,222323007.03631788
2025-11-27,STORJ,235.0,537676044.8314543
2025-11-28,STORJ,233.0,446871182.85200465
2025-11-29,STORJ,240.0,831736211.5474104
2025-11-30,STORJ,231.0,1140804942.754166
2025-12-01,STORJ,217.0,1629634360.1704073
2025-12-02,STORJ,229.0,515745855.90502954
2025-12-03,STORJ,227.0,895261040.1011862
2025-12-04,STORJ,222.0,490230971.13378674
2025-12-05,STORJ,215.0,539214548.2222981
2025-12-06,STORJ,216.0,229399655.74529615
2025-12-07,STORJ,211.0,135982263.26568678
2025-12-08,STORJ,210.0,233821671.02470052
2025-12-09,STORJ,216.0,321558900.8808456
2025-12-10,STORJ,209.0,780267940.8799902
2025-12-11,STORJ,205.0,330254277.4325742
2025-12-12,STORJ,208.0,433354098.0325087
2025-12-13,STORJ,208.0,103017774.84221184
2025-12-14,STORJ,199.0,220848293.55152112
2025-12-15,STORJ,188.0,556858120.0313106
2025-12-16,STORJ,183.0,687062013.7490396
2025-12-17,STORJ,173.0,381431041.5029833
2025-12-18,STORJ,166.0,397650221.1855822
2025-12-19,STORJ,177.0,211764712.33090025
2025-12-20,STORJ,175.0,129952997.4306095
2025-12-21,STORJ,170.0,746810791.4744502
2025-12-22,STORJ,174.0,1435728840.1527646
2025-12-23,STORJ,170.0,452440632.61649287
2025-12-24,STORJ,167.0,308401674.0140041
2025-12-25,STORJ,167.0,220710433.8084291
2025-12-26,STORJ,169.0,404753075.6497905
2025-12-27,STORJ,232.0,17857079863.791298
2025-12-28,STORJ,203.0,25363995583.783356
2025-12-29,STORJ,210.0,8449325771.284031
2025-12-30,STORJ,195.0,6762379127.552705
2025-12-31,STORJ,188.0,1612687631.1048155
2026-01-01,STORJ,187.0,1092791614.0973778
2026-01-02,STORJ,190.0,1442514901.460337
2026-01-03,STORJ,193.0,908478784.7474846
2026-01-04,STORJ,192.0,668492238.0577708
2026-01-05,STORJ,212.0,30105727772.963696
2026-01-06,STORJ,210.0,6234448148.573696
2026-01-07,STORJ,201.0,1216973379.9708068
2026-01-08,STORJ,200.0,812420579.350994
2026-01-09,STORJ,210.0,7809081700.936799
2026-01-10,STORJ,203.0,1216323494.3548167
2026-01-11,STORJ,197.0,764024450.4360646
2026-01-12,STORJ,202.0,2079019981.8209472
2026-01-13,STORJ,211.0,5414453339.701438
2026-01-14,STORJ,214.0,1239730858.669024
2026-01-15,STORJ,209.0,1790948010.256401
2026-01-16,STORJ,214.0,1468186429.9486382
2026-01-17,STORJ,217.0,821278565.2583325
2026-01-18,STORJ,203.0,714714136.4310737
2026-01-19,STORJ,197.0,1067916436.6649247
2026-01-20,STORJ,187.0,725862029.3196884
2026-01-21,STORJ,191.0,439798983.9076128
2026-01-22,STORJ,192.0,382275893.8954368
2026-01-23,STORJ,189.0,344014932.6019432
2026-01-24,STORJ,189.0,295865822.62696034
2026-01-25,STORJ,180.0,645132196.4272884
2026-01-26,STORJ,185.0,499550288.9652936
2026-01-27,STORJ,185.0,1684899522.905025
2026-01-28,STORJ,182.0,354605134.25403976
2026-01-29,STORJ,174.0,517047339.76885337
2026-01-30,STORJ,174.0,434489133.78544974
2026-01-31,STORJ,162.0,829022495.8029083
2026-02-01,STORJ,158.0,3340294279.906429
2026-02-02,STORJ,165.0,954313680.8163403
2026-02-03,STORJ,162.0,1373564032.2557697
2026-02-04,STORJ,165.0,1049985330.0132867
2026-02-05,STORJ,140.0,861174725.0621718
2026-02-06,STORJ,156.0,690666224.1686361
2026-02-07,STORJ,160.0,5647292637.3136635
2026-02-08,STORJ,152.0,731937714.3595331
2026-02-09,STORJ,147.0,655135264.154893
2026-02-10,STORJ,145.0,302421619.6296662
2026-02-11,STORJ,144.0,365284579.08126235
2026-02-12,STORJ,145.0,325451156.98276323
2026-02-13,STORJ,152.0,566030774.8059874
2026-02-14,STORJ,156.0,783698676.9917574
2026-02-15,STORJ,149.0,580071240.6365192
2026-02-16,STORJ,162.0,22941922793.851177
2026-02-17,STORJ,155.0,2108204707.4335675
2026-02-18,STORJ,147.0,1230771040.7309506
2026-02-19,STORJ,141.0,789127126.8222157
2026-02-20,STORJ,144.0,566542330.4128205
2026-02-21,STORJ,142.0,358070761.33027375
2026-02-22,STORJ,137.0,306329339.27415127
2026-02-23,STORJ,130.0,464684012.26623964
2026-02-24,STORJ,137.0,4564765570.9171715
2026-02-25,STORJ,141.0,994980709.8542979
2026-02-26,STORJ,138.0,296527900.5261513
2026-02-27,STORJ,139.0,277688396.0344784
2026-02-28,STORJ,141.0,565880557.7887292
2026-03-01,STORJ,137.0,380741015.6503696
2026-03-02,STORJ,138.0,629727500.5742304
2026-03-03,STORJ,138.0,791774099.6033279
2026-03-04,STORJ,139.0,556036859.3152561
2026-03-05,STORJ,139.0,305777856.89526296
2026-03-06,STORJ,135.0,231292865.81481668
2026-03-07,STORJ,133.0,171788549.76198423
2026-03-08,STORJ,130.0,266271750.658453
2026-03-09,STORJ,130.0,326687761.65773046
2026-03-10,STORJ,131.0,229792136.76162806
2026-03-11,STORJ,137.0,4027902155.2829843
2026-03-12,STORJ,141.0,485905999.2166052
2026-03-13,STORJ,143.0,394249278.8977861
2026-03-14,STORJ,142.0,146218802.7383154
2026-03-15,STORJ,142.0,102728724.88073601
2026-03-16,STORJ,148.0,668537655.3181543
2026-03-17,STORJ,150.0,499240462.03338706
2026-03-18,STORJ,148.0,1119499608.8975196
2026-03-19,STORJ,156.0,1708384948.3603222
2026-03-20,STORJ,152.0,520103633.8985706
2026-03-21,STORJ,145.0,304554491.91468245
2026-03-22,STORJ,141.0,212134306.61482844
2026-03-23,STORJ,152.0,988109337.9354836
2026-03-24,STORJ,152.0,799404283.4572151
2026-03-25,STORJ,153.0,256138478.2364475
2026-03-26,STORJ,144.0,181148754.43496603
2026-03-27,STORJ,142.0,4545325383.417858
2026-03-28,STORJ,133.0,626416929.5245392
2026-03-29,STORJ,131.0,1393542598.1590993
2026-03-30,STORJ,137.0,368664539.2874744
2026-03-31,STORJ,139.0,230926570.03040594
2026-04-01,STORJ,141.0,202307839.95412233
2026-04-02,STORJ,139.0,408713965.1746648
2026-04-03,STORJ,141.0,553139350.5456641
2026-04-04,STORJ,145.0,714823771.385948
2026-04-05,STORJ,142.0,245400413.35965106
2026-04-06,STORJ,144.0,668260465.600272
2026-04-07,STORJ,147.0,284635562.5815297
2026-04-08,STORJ,142.0,480890948.8844889
2026-04-09,STORJ,142.0,367742944.2952822
2026-04-10,STORJ,147.0,289229733.57842785
2026-04-11,STORJ,148.0,542035536.2161685
2026-04-12,STORJ,144.0,67575432.10701653
2026-04-13,STORJ,148.0,121251247.48994352
2026-04-14,STORJ,143.0,270136949.5919536
2026-04-15,STORJ,147.0,262931021.48688912
2026-04-16,STORJ,154.0,809743930.7589453
2026-04-17,STORJ,157.0,436275853.7072602
2026-04-18,STORJ,153.0,217266164.24651378
2026-04-19,STORJ,148.0,200053420.3490661
2026-04-20,STORJ,148.0,183713464.43672493
2026-04-21,STORJ,149.0,86169422.32249308
2026-04-22,STORJ,148.0,126090890.85820884
2026-04-23,STORJ,149.0,80755298.44220923
2026-04-24,STORJ,150.0,114365830.11555009
2026-04-25,STORJ,153.0,236887995.19174
2026-04-26,STORJ,151.0,247533489.9984334
2026-04-27,STORJ,147.0,116250378.21369249
2026-04-28,STORJ,146.0,115637876.85927235
2026-04-29,STORJ,145.0,142403496.94384965
2026-04-30,STORJ,143.0,71637463.16171892
2026-05-01,STORJ,142.0,139661627.5840567
2026-05-02,STORJ,143.0,91606308.89279824
2026-05-03,STORJ,144.0,51526432.67227904
2026-05-04,STORJ,144.0,125788075.98981752
2026-05-05,STORJ,152.0,748985585.2440618
2026-05-06,STORJ,169.0,67916725227.13933
2026-05-07,STORJ,171.0,9047327974.09656
2026-05-08,STORJ,178.0,10010205931.475878
2026-05-09,STORJ,170.0,2211165428.025856
2026-05-10,STORJ,169.0,1041992331.8352221
2026-05-11,STORJ,166.0,747891142.9204175
2026-05-12,STORJ,159.0,638202068.974018
2026-05-13,STORJ,158.0,720293092.2878106
2026-05-14,STORJ,160.0,467277654.08345544
2026-05-15,STORJ,197.0,17755472239.62229
2026-05-16,STORJ,181.0,26473388099.198376
2026-05-17,STORJ,165.0,4231612449.214099
2026-05-18,STORJ,166.0,1712396391.3400571
2026-05-19,STORJ,173.0,13819663353.139462
2026-05-20,STORJ,169.0,2793779842.676622
2026-05-21,STORJ,171.0,1705355192.3642917
2026-05-22,STORJ,156.0,3173914880.6001735
2026-05-23,STORJ,158.0,4458624281.014569
2026-05-24,STORJ,157.0,1138361720.5384154
2026-05-25,STORJ,152.0,1162491907.6432858
2026-05-26,STORJ,153.0,1210100640.7627335
2026-05-27,STORJ,158.0,3106534112.3630157
2026-05-28,STORJ,146.0,1024982794.8024535
2026-05-29,STORJ,140.0,1376931133.3870614
2026-05-30,STORJ,137.0,833718283.0923822
2026-05-31,STORJ,139.0,3896082542.575155
2026-06-01,STORJ,141.0,4041021450.7436366
2026-06-02,STORJ,131.0,1534970271.4123783
2026-06-03,STORJ,131.0,881940639.8634232
2026-06-04,STORJ,128.0,1303408136.2117279
2026-06-05,STORJ,116.0,1074878566.7679782
2026-06-06,STORJ,116.0,341613096.9892753
2026-06-07,STORJ,118.0,270310292.5457383
2026-06-08,STORJ,119.0,255071415.81815863
2026-06-09,STORJ,114.0,531933497.9034179
2026-06-10,STORJ,112.0,571095716.475441
2026-06-11,STORJ,117.0,322805763.9452746
2026-06-12,STORJ,115.0,195728774.15849823
2026-06-13,STORJ,118.0,405330363.7739757
2026-06-14,STORJ,119.0,334842872.33384097
2026-06-15,STORJ,119.0,525966702.4029995
2026-06-16,STORJ,118.0,402348055.56117105
2026-06-17,STORJ,118.0,209048466.01960996
2026-06-18,STORJ,114.0,261406864.9125571
2026-06-19,STORJ,117.0,291432288.33559734
2026-06-20,STORJ,120.0,416846414.68836695
2026-06-21,STORJ,115.0,360116228.15440935
2026-06-22,STORJ,113.0,426860325.4224239
2026-06-23,STORJ,109.0,3488379239.6719847
2026-06-24,STORJ,113.0,977657335.804004
2026-06-25,STORJ,108.0,418903405.83375573
2026-06-26,STORJ,109.0,373221842.0077015
2026-06-27,STORJ,111.0,4635096652.760832
2026-06-28,STORJ,113.0,2665859108.7209225
2026-06-29,STORJ,111.0,743161827.0864757
2026-06-30,STORJ,108.0,531816702.60396594
2026-07-01,STORJ,112.0,405625414.32599115
2026-07-02,STORJ,114.0,358443383.54013926
2026-07-03,STORJ,115.0,248562842.4549272
2026-07-04,STORJ,120.0,9243883470.271322
2026-07-05,STORJ,115.0,1301158630.0374055
2026-07-06,STORJ,116.0,374789511.2757258
2026-07-07,STORJ,110.0,234854417.73289776
2026-07-08,STORJ,111.0,490468856.92072105
2026-07-09,STORJ,115.0,349183293.1248198
2026-07-10,STORJ,114.0,452890527.6692592
2026-07-11,STORJ,113.0,568996529.4391563
2026-07-12,STORJ,111.0,1054743951.4362979
2026-07-13,STORJ,109.0,562205241.2211068
2026-07-14,STORJ,110.0,359116902.2194331
2026-07-15,STORJ,110.0,334968743.77924925
2026-07-16,STORJ,109.0,166841811.42832127
2026-07-17,STORJ,110.0,315910165.81364757
2026-07-18,STORJ,109.0,129413209.65804707
2026-07-19,STORJ,108.0,242093952.85139346
2026-07-20,STORJ,109.0,191587311.9647827
2026-07-21,STORJ,110.0,247452980.5896651
2026-07-22,STORJ,109.0,171427064.85519946
2026-07-23,STORJ,106.0,123008523.81379996
2026-07-24,STORJ,106.0,128069593.46275368
2026-07-25,STORJ,108.0,129689695.2339853
2026-07-26,STORJ,108.0,242205784.5742557
2026-07-27,STORJ,88.0,9125480449.314833
2026-07-28,STORJ,79.4,10261282241.323608
2026-07-29,STORJ,73.5,4548202066.570639
2026-07-30,STORJ,72.5,2353498870.596604
2026-07-31,STORJ,69.6,1494386002.2462163
2026-08-01,STORJ,70.0,1598798565.5754213
2026-08-02,STORJ,68.3,2016390416.873929
2026-08-03,STORJ,67.1,11954804120.940922
2026-08-04,STORJ,65.6,2920518342.077807
2026-08-05,STORJ,65.6,405995685.2446895
2026-08-06,STORJ,66.8,555945081.6968828
2026-08-07,STORJ,66.4,1918073446.2436328
2026-08-08,STORJ,66.5,184497263.2329434
2026-08-09,STORJ,64.9,328375154.5625754
2026-08-10,STORJ,65.0,529678257.14838326
2026-08-11,STORJ,60.1,1157948845.8208375
2026-08-12,STORJ,70.4,54433049722.908295
2026-08-13,STORJ,68.3,9299165695.27482
2026-08-14,STORJ,62.4,8690030878.574703
2026-08-15,STORJ,61.9,2157966825.6174903
2026-08-16,STORJ,59.7,935949684.418983
2026-08-17,STORJ,60.0,1126205816.2860076
2026-08-18,STORJ,57.3,969080991.5164981
2026-08-19,STORJ,57.7,594618063.456156
2026-08-20,STORJ,56.1,1633082208.6360822
2026-08-21,STORJ,58.3,821959966.0318035
2026-08-22,STORJ,56.5,1538776038.631139
2026-08-23,STORJ,61.5,2380606560.620724
2026-08-24,STORJ,76.9,18100441478.203754
2026-08-25,STORJ,65.1,7783173412.504501
2026-08-26,STORJ,59.0,1805054821.0766506
2026-08-27,STORJ,57.2,1382941933.9936574
2026-08-28,STORJ,55.9,859517571.2519296
2026-08-29,STORJ,56.3,182100906.71989453
2026-08-30,STORJ,54.3,271744546.98092794
2026-08-31,STORJ,93.3,127264614366.9736
2026-09-01,STORJ,78.8,34674995692.01986
2026-09-02,STORJ,72.1,13609622554.053255
2026-09-03,STORJ,74.0,7981980655.106045
2026-09-04,STORJ,78.6,8877037516.442453
2026-09-05,STORJ,78.0,3431274977.789495
2026-09-06,STORJ,77.2,2153900781.835187
2026-09-07,STORJ,98.1,41999435188.60769
2026-09-08,STORJ,90.4,18584738969.348648
2026-09-09,STORJ,88.6,5507896469.045999
2026-09-10,STORJ,91.3,7349717895.32535
2026-09-11,STORJ,95.7,32635428868.981403
2026-09-12,STORJ,90.0,17139044405.402842
2026-09-13,STORJ,50.7,29374084324.517174
2026-09-14,STORJ,40.2,5514417400.307607
2023-01-01,SXP,256.0,534160352.1113344
2023-01-02,SXP,260.0,1082026186.2377343
2023-01-03,SXP,262.0,1050580632.7604562
2023-01-04,SXP,265.0,1479185634.7445583
2023-01-05,SXP,268.0,1367977438.6557171
2023-01-06,SXP,267.0,1587088370.1606905
2023-01-07,SXP,268.0,719875852.6664451
2023-01-08,SXP,275.0,840943983.3284545
2023-01-09,SXP,281.0,2143951006.9777515
2023-01-10,SXP,293.0,15550480803.225798
2023-01-11,SXP,294.0,2981322336.957706
2023-01-12,SXP,299.0,3308401296.79141
2023-01-13,SXP,308.0,3619918776.597622
2023-01-14,SXP,322.0,8420772132.675767
2023-01-15,SXP,328.0,8189423787.305784
2023-01-16,SXP,326.0,6773483798.874995
2023-01-17,SXP,326.0,4783842599.595564
2023-01-18,SXP,311.0,33317088698.075684
2023-01-19,SXP,320.0,5927591309.205376
2023-01-20,SXP,340.0,5078981024.773306
2023-01-21,SXP,338.0,7752637347.680157
2023-01-22,SXP,345.0,5286296540.613543
2023-01-23,SXP,359.0,8556889604.052458
2023-01-24,SXP,350.0,41734385457.58705
2023-01-25,SXP,358.0,8476707533.623702
2023-01-26,SXP,367.0,24338548828.10834
2023-01-27,SXP,378.0,8171785107.038522
2023-01-28,SXP,368.0,4202473555.721094
2023-01-29,SXP,374.0,3236667701.553137
2023-01-30,SXP,345.0,4884674770.7437935
2023-01-31,SXP,352.0,4192094018.058873
2023-02-01,SXP,364.0,6041805854.592675
2023-02-02,SXP,373.0,13157366062.265728
2023-02-03,SXP,390.0,6494851576.392457
2023-02-04,SXP,402.0,6791775500.337191
2023-02-05,SXP,387.0,15014950366.248951
2023-02-06,SXP,395.0,10241760530.987516
2023-02-07,SXP,408.0,6652350929.584912
2023-02-08,SXP,404.0,7662750813.363031
2023-02-09,SXP,366.0,8217548544.152743
2023-02-10,SXP,378.0,22331805960.719624
2023-02-11,SXP,376.0,3349055488.9801283
2023-02-12,SXP,444.0,160603195936.03802
2023-02-13,SXP,428.0,117517607625.01294
2023-02-14,SXP,429.0,24340060215.617237
2023-02-15,SXP,445.0,18054527558.62259
2023-02-16,SXP,416.0,18768196251.00538
2023-02-17,SXP,433.0,8168927289.339542
2023-02-18,SXP,432.0,4857173156.381594
2023-02-19,SXP,447.0,9364411272.978498
2023-02-20,SXP,463.0,13430299700.106934
2023-02-21,SXP,447.0,19605630796.09985
2023-02-22,SXP,442.0,9529121188.312424
2023-02-23,SXP,440.0,8698951141.597786
2023-02-24,SXP,434.0,13286690811.69715
2023-02-25,SXP,431.0,7349605400.096431
2023-02-26,SXP,442.0,4808714873.505216
2023-02-27,SXP,439.0,6910173213.941791
2023-02-28,SXP,420.0,4576405771.082447
2023-03-01,SXP,432.0,8346290949.769586
2023-03-02,SXP,422.0,5495089175.6232195
2023-03-03,SXP,390.0,7562720147.311497
2023-03-04,SXP,384.0,2246477741.7055874
2023-03-05,SXP,383.0,1509442531.1295242
2023-03-06,SXP,375.0,4542212784.34431
2023-03-07,SXP,367.0,3497786287.2936296
2023-03-08,SXP,345.0,3240445483.473992
2023-03-09,SXP,325.0,3388919996.99397
2023-03-10,SXP,326.0,4011837573.2259407
2023-03-11,SXP,319.0,3464086344.280764
2023-03-12,SXP,336.0,2922293747.6672654
2023-03-13,SXP,354.0,4782447461.082938
2023-03-14,SXP,371.0,7533932177.456073
2023-03-15,SXP,352.0,4124051128.532248
2023-03-16,SXP,356.0,2196543370.974217
2023-03-17,SXP,383.0,3374801795.4347377
2023-03-18,SXP,377.0,4540209375.56617
2023-03-19,SXP,396.0,5728738772.741304
2023-03-20,SXP,378.0,5930780195.278296
2023-03-21,SXP,372.0,4946818789.411779
2023-03-22,SXP,354.0,3864808334.1389074
2023-03-23,SXP,368.0,2195470623.6029005
2023-03-24,SXP,360.0,1493839181.4883165
2023-03-25,SXP,355.0,1386030805.459532
2023-03-26,SXP,357.0,1103606689.6505854
2023-03-27,SXP,341.0,2868536626.837049
2023-03-28,SXP,376.0,139996107588.9264
2023-03-29,SXP,656.0,966334703759.6245
2023-03-30,SXP,613.0,650166462796.5127
2023-03-31,SXP,851.0,1191857422339.2114
2023-04-01,SXP,941.0,623336476670.2611
2023-04-02,SXP,945.0,544690753524.1733
2023-04-03,SXP,1110.0,725174681679.5747
2023-04-04,SXP,1035.0,298065855353.1702
2023-04-05,SXP,910.0,311937680972.2929
2023-04-06,SXP,917.0,512401059129.4421
2023-04-07,SXP,867.0,92899985755.20992
2023-04-08,SXP,835.0,205651527314.87323
2023-04-09,SXP,819.0,73799000256.85129
2023-04-10,SXP,840.0,166856077114.45248
2023-04-11,SXP,811.0,67591867050.511154
2023-04-12,SXP,765.0,61450129087.86432
2023-04-13,SXP,769.0,45576134852.84997
2023-04-14,SXP,836.0,253388754179.555
2023-04-15,SXP,880.0,288556221781.9653
2023-04-16,SXP,857.0,77984426565.17
2023-04-17,SXP,817.0,46816041882.94558
2023-04-18,SXP,816.0,28098629770.848835
2023-04-19,SXP,762.0,33604045236.06372
2023-04-20,SXP,718.0,29805793111.4321
2023-04-21,SXP,700.0,145583763616.66794
2023-04-22,SXP,816.0,165822897458.85724
2023-04-23,SXP,748.0,99108199518.57265
2023-04-24,SXP,720.0,36416096696.16118
2023-04-25,SXP,722.0,22447918474.736248
2023-04-26,SXP,746.0,164729965805.26544
2023-04-27,SXP,755.0,58328054754.53694
2023-04-28,SXP,734.0,23830315266.431934
2023-04-29,SXP,724.0,8139110811.390219
2023-04-30,SXP,719.0,7233669026.659627
2023-05-01,SXP,705.0,10943095867.925001
2023-05-02,SXP,727.0,82009977514.95265
2023-05-03,SXP,716.0,33386878600.44955
2023-05-04,SXP,697.0,19260677065.090412
2023-05-05,SXP,702.0,14768851207.819077
2023-05-06,SXP,662.0,19425734430.41176
2023-05-07,SXP,650.0,11853146950.827208
2023-05-08,SXP,603.0,22609262365.458588
2023-05-09,SXP,592.0,10581187026.25471
2023-05-10,SXP,585.0,22887478829.375706
2023-05-11,SXP,556.0,10606173917.757992
2023-05-12,SXP,598.0,150991402787.2859
2023-05-13,SXP,585.0,36101204832.13161
2023-05-14,SXP,586.0,14670630372.572832
2023-05-15,SXP,578.0,14564678545.289211
2023-05-16,SXP,576.0,12628136108.96033
2023-05-17,SXP,587.0,21077247341.367367
2023-05-18,SXP,582.0,23492810010.74809
2023-05-19,SXP,590.0,12349250572.294807
2023-05-20,SXP,593.0,8760022072.654322
2023-05-21,SXP,573.0,7565454572.7274065
2023-05-22,SXP,567.0,5723501638.241476
2023-05-23,SXP,569.0,6095723796.993946
2023-05-24,SXP,530.0,9696244341.220716
2023-05-25,SXP,518.0,6268438808.362383
2023-05-26,SXP,524.0,5308012023.700127
2023-05-27,SXP,532.0,2879828729.246193
2023-05-28,SXP,551.0,5798981866.872197
2023-05-29,SXP,536.0,5960142470.331815
2023-05-30,SXP,535.0,3764660890.4505324
2023-05-31,SXP,557.0,76784609249.6759
2023-06-01,SXP,562.0,60921522655.34238
2023-06-02,SXP,576.0,35585981711.85296
2023-06-03,SXP,610.0,68736162790.78725
2023-06-04,SXP,597.0,36569129403.73371
2023-06-05,SXP,534.0,43401188215.71582
2023-06-06,SXP,542.0,31710618215.192364
2023-06-07,SXP,512.0,22559873320.19401
2023-06-08,SXP,512.0,20040402553.61623
2023-06-09,SXP,514.0,24745559972.74319
2023-06-10,SXP,429.0,32800491732.260014
2023-06-11,SXP,423.0,8582014184.676342
2023-06-12,SXP,415.0,8272342326.681224
2023-06-13,SXP,426.0,36833881653.82229
2023-06-14,SXP,414.0,30600336320.54175
2023-06-15,SXP,418.0,20084924157.58917
2023-06-16,SXP,423.0,8599146201.079844
2023-06-17,SXP,429.0,11133473194.59593
2023-06-18,SXP,452.0,46270356935.307686
2023-06-19,SXP,464.0,25904007963.87514
2023-06-20,SXP,471.0,18055886180.130684
2023-06-21,SXP,507.0,67900415416.01034
2023-06-22,SXP,498.0,47685890310.23628
2023-06-23,SXP,519.0,22250476699.99651
2023-06-24,SXP,514.0,20178672838.19882
2023-06-25,SXP,508.0,17363460184.328476
2023-06-26,SXP,482.0,16512313700.73129
2023-06-27,SXP,498.0,36478446170.63126
2023-06-28,SXP,466.0,22323424920.04593
2023-06-29,SXP,475.0,9979394290.073555
2023-06-30,SXP,478.0,23149903434.580395
2023-07-01,SXP,482.0,13203757695.797716
2023-07-02,SXP,505.0,97853272812.08727
2023-07-03,SXP,505.0,14385228830.073288
2023-07-04,SXP,489.0,7947489238.109103
2023-07-05,SXP,539.0,112008009288.72282
2023-07-06,SXP,503.0,84013865421.70206
2023-07-07,SXP,514.0,69639287011.97052
2023-07-08,SXP,513.0,36162665464.62029
2023-07-09,SXP,499.0,13497443373.776352
2023-07-10,SXP,491.0,16450996982.915508
2023-07-11,SXP,489.0,10838971512.58194
2023-07-12,SXP,482.0,9625866786.161324
2023-07-13,SXP,490.0,17602574369.66481
2023-07-14,SXP,479.0,14947917867.6826
2023-07-15,SXP,484.0,6231455069.641663
2023-07-16,SXP,477.0,5417070672.306269
2023-07-17,SXP,481.0,11174904589.584953
2023-07-18,SXP,472.0,13837102134.687069
2023-07-19,SXP,466.0,5366527060.150921
2023-07-20,SXP,468.0,5066674152.4862795
2023-07-21,SXP,472.0,3984679963.4641433
2023-07-22,SXP,475.0,4592339814.727188
2023-07-23,SXP,477.0,4175651753.135339
2023-07-24,SXP,448.0,6303232679.211937
2023-07-25,SXP,441.0,6034059561.652076
2023-07-26,SXP,441.0,3987162878.340667
2023-07-27,SXP,442.0,2394944670.5019307
2023-07-28,SXP,447.0,3052716195.577544
2023-07-29,SXP,454.0,2999431799.082651
2023-07-30,SXP,442.0,4475467496.965266
2023-07-31,SXP,449.0,6556093631.352776
2023-08-01,SXP,449.0,5206101053.518909
2023-08-02,SXP,439.0,3345186768.79674
2023-08-03,SXP,437.0,2532913272.7183557
2023-08-04,SXP,433.0,3031460719.4735456
2023-08-05,SXP,434.0,1892925531.4459877
2023-08-06,SXP,434.0,4776169730.376341
2023-08-07,SXP,429.0,2856594276.301421
2023-08-08,SXP,434.0,1571978248.7150173
2023-08-09,SXP,437.0,2766680290.8946037
2023-08-10,SXP,436.0,1559300932.741126
2023-08-11,SXP,438.0,1308687195.4044633
2023-08-12,SXP,441.0,3315180673.146508
2023-08-13,SXP,440.0,3303283641.342815
2023-08-14,SXP,440.0,2961947638.144977
2023-08-15,SXP,420.0,3809489710.916694
2023-08-16,SXP,386.0,7750201851.023256
2023-08-17,SXP,346.0,5576288896.612981
2023-08-18,SXP,352.0,3979730424.3867106
2023-08-19,SXP,360.0,1750750835.957269
2023-08-20,SXP,369.0,27309915310.474606
2023-08-21,SXP,359.0,4402965719.917798
2023-08-22,SXP,354.0,6680690718.871757
2023-08-23,SXP,369.0,3505436929.310798
2023-08-24,SXP,372.0,3305944551.501956
2023-08-25,SXP,366.0,2347506729.876124
2023-08-26,SXP,360.0,884030689.349262
2023-08-27,SXP,360.0,869855408.9581249
2023-08-28,SXP,354.0,8873462061.045305
2023-08-29,SXP,371.0,5419004108.685794
2023-08-30,SXP,363.0,2415255345.416108
2023-08-31,SXP,344.0,3276516031.395154
2023-09-01,SXP,337.0,2191891290.0182033
2023-09-02,SXP,339.0,1794212278.527227
2023-09-03,SXP,337.0,1426475842.8565698
2023-09-04,SXP,334.0,1220835161.3727636
2023-09-05,SXP,343.0,1816720876.7249174
2023-09-06,SXP,344.0,1786608499.3890607
2023-09-07,SXP,353.0,1302523013.7363033
2023-09-08,SXP,358.0,3788136553.86473
2023-09-09,SXP,372.0,14867676505.310286
2023-09-10,SXP,348.0,6463086500.385392
2023-09-11,SXP,332.0,4185872969.241237
2023-09-12,SXP,333.0,2871537154.6202803
2023-09-13,SXP,342.0,2677720940.6376677
2023-09-14,SXP,348.0,3498763884.381609
2023-09-15,SXP,356.0,4452591544.730274
2023-09-16,SXP,416.0,136650210478.1915
2023-09-17,SXP,364.0,21098707219.107834
2023-09-18,SXP,363.0,7330675047.720843
2023-09-19,SXP,366.0,6202815794.391085
2023-09-20,SXP,391.0,37799018484.706024
2023-09-21,SXP,375.0,7916225173.6337805
2023-09-22,SXP,393.0,12322649640.066584
2023-09-23,SXP,396.0,5511290526.7512045
2023-09-24,SXP,387.0,40603840675.24291
2023-09-25,SXP,381.0,6250107109.796836
2023-09-26,SXP,376.0,4768969624.288396
2023-09-27,SXP,394.0,19671785005.05908
2023-09-28,SXP,400.0,10598655347.125153
2023-09-29,SXP,395.0,6583328364.296108
2023-09-30,SXP,393.0,2996900261.2938375
2023-10-01,SXP,402.0,4848621041.621212
2023-10-02,SXP,388.0,5457534131.461258
2023-10-03,SXP,376.0,4545192046.076567
2023-10-04,SXP,373.0,3339551276.2983065
2023-10-05,SXP,375.0,2255635448.433885
2023-10-06,SXP,382.0,2562209911.493408
2023-10-07,SXP,392.0,23176660611.69969
2023-10-08,SXP,387.0,5789920401.887543
2023-10-09,SXP,371.0,4687368314.7397375
2023-10-10,SXP,372.0,2699408963.0492983
2023-10-11,SXP,368.0,2388061807.3347416
2023-10-12,SXP,363.0,5104150613.087159
2023-10-13,SXP,364.0,2634498395.564071
2023-10-14,SXP,368.0,8266931913.0414295
2023-10-15,SXP,367.0,5423158966.8872
2023-10-16,SXP,377.0,8214064647.954433
2023-10-17,SXP,380.0,12542604696.787708
2023-10-18,SXP,363.0,9034871688.305449
2023-10-19,SXP,358.0,5116940613.624873
2023-10-20,SXP,369.0,5116061557.469371
2023-10-21,SXP,377.0,4218630834.352875
2023-10-22,SXP,380.0,3796670920.921844
2023-10-23,SXP,393.0,6686750634.461843
2023-10-24,SXP,399.0,10500828849.527456
2023-10-25,SXP,402.0,6500192441.663466
2023-10-26,SXP,396.0,7347722699.806957
2023-10-27,SXP,403.0,11225071683.703707
2023-10-28,SXP,417.0,5383569247.905193
2023-10-29,SXP,424.0,6063791980.513403
2023-10-30,SXP,426.0,7810974360.231403
2023-10-31,SXP,420.0,9892931281.16998
2023-11-01,SXP,429.0,7497440906.394419
2023-11-02,SXP,438.0,40832508152.66711
2023-11-03,SXP,452.0,49800035343.53977
2023-11-04,SXP,457.0,17459095001.161404
2023-11-05,SXP,453.0,12881502496.824154
2023-11-06,SXP,471.0,12788556809.937515
2023-11-07,SXP,471.0,13329914551.353045
2023-11-08,SXP,476.0,9222791678.638714
2023-11-09,SXP,494.0,24672664880.967228
2023-11-10,SXP,504.0,21041545762.305054
2023-11-11,SXP,499.0,12539032858.51126
2023-11-12,SXP,499.0,11879665391.593233
2023-11-13,SXP,495.0,23472308216.27732
2023-11-14,SXP,471.0,13323294110.512966
2023-11-15,SXP,508.0,16434606681.179792
2023-11-16,SXP,480.0,14263142303.146444
2023-11-17,SXP,483.0,8933000639.919693
2023-11-18,SXP,473.0,7507178095.523022
2023-11-19,SXP,481.0,3683394785.4467936
2023-11-20,SXP,490.0,8659007395.172962
2023-11-21,SXP,431.0,9990940641.251589
2023-11-22,SXP,454.0,8359239952.4234705
2023-11-23,SXP,465.0,10361442294.002525
2023-11-24,SXP,469.0,5151607470.891933
2023-11-25,SXP,472.0,4597488076.661271
2023-11-26,SXP,461.0,4719991722.873728
2023-11-27,SXP,452.0,8339813642.64747
2023-11-28,SXP,452.0,5349181610.694582
2023-11-29,SXP,466.0,15138182580.390373
2023-11-30,SXP,461.0,15743715040.91675
2023-12-01,SXP,467.0,6300112651.253178
2023-12-02,SXP,478.0,6715265877.456376
2023-12-03,SXP,474.0,6013466316.135562
2023-12-04,SXP,494.0,13015428982.716122
2023-12-05,SXP,504.0,11929374028.583364
2023-12-06,SXP,517.0,15821173498.952276
2023-12-07,SXP,532.0,60731250965.52484
2023-12-08,SXP,562.0,84887095412.17334
2023-12-09,SXP,556.0,23120867111.075825
2023-12-10,SXP,546.0,13210692152.523155
2023-12-11,SXP,505.0,17856032273.552544
2023-12-12,SXP,521.0,9368704627.333601
2023-12-13,SXP,521.0,9498376807.460611
2023-12-14,SXP,526.0,9087946200.671164
2023-12-15,SXP,518.0,5895141717.886021
2023-12-16,SXP,532.0,8283556992.793781
2023-12-17,SXP,520.0,6124845789.97071
2023-12-18,SXP,508.0,14925199607.974363
2023-12-19,SXP,496.0,7090890521.091327
2023-12-20,SXP,519.0,9493674116.898384
2023-12-21,SXP,528.0,6685995807.372457
2023-12-22,SXP,540.0,9581523032.784521
2023-12-23,SXP,543.0,7126454947.918608
2023-12-24,SXP,527.0,9213736220.367605
2023-12-25,SXP,545.0,9821379385.651102
2023-12-26,SXP,578.0,37749644337.926414
2023-12-27,SXP,578.0,37076845688.964836
2023-12-28,SXP,549.0,17953466002.007664
2023-12-29,SXP,541.0,19152071561.56917
2023-12-30,SXP,531.0,7358103453.727176
2023-12-31,SXP,533.0,8642737096.599924
2024-01-01,SXP,565.0,71917439448.46751
2024-01-02,SXP,565.0,19439941572.632862
2024-01-03,SXP,518.0,37785689723.593544
2024-01-04,SXP,511.0,15861713240.771809
2024-01-05,SXP,496.0,9296275055.840206
2024-01-06,SXP,490.0,11983466140.504961
2024-01-07,SXP,468.0,31685300819.273922
2024-01-08,SXP,483.0,16351816163.158962
2024-01-09,SXP,468.0,9587595854.521101
2024-01-10,SXP,500.0,13470153198.998104
2024-01-11,SXP,516.0,13886734485.02809
2024-01-12,SXP,498.0,14370859373.012398
2024-01-13,SXP,498.0,7837424926.354626
2024-01-14,SXP,476.0,6028233720.121456
2024-01-15,SXP,485.0,5240684622.709538
2024-01-16,SXP,496.0,6099910086.583203
2024-01-17,SXP,492.0,5648083947.587951
2024-01-18,SXP,473.0,4631884717.8870125
2024-01-19,SXP,470.0,5567363604.76058
2024-01-20,SXP,475.0,3207189346.424885
2024-01-21,SXP,466.0,2459489493.176351
2024-01-22,SXP,443.0,5606109320.996074
2024-01-23,SXP,434.0,8185102690.194753
2024-01-24,SXP,438.0,3636613316.0137835
2024-01-25,SXP,442.0,5026645795.464328
2024-01-26,SXP,456.0,3743202111.5492034
2024-01-27,SXP,458.0,2471341218.5562606
2024-01-28,SXP,447.3,2587470459.2828546
2024-01-29,SXP,454.3,2344288953.3992195
2024-01-30,SXP,445.5,3065021875.687927
2024-01-31,SXP,430.8,3983088943.892383
2024-02-01,SXP,429.3,2731400094.4372635
2024-02-02,SXP,429.9,2293609728.728529
2024-02-03,SXP,426.9,1475179300.4880676
2024-02-04,SXP,415.7,2579320962.673212
2024-02-05,SXP,420.0,2437557030.4979334
2024-02-06,SXP,419.5,2416774199.386457
2024-02-07,SXP,427.5,2036851338.4213214
2024-02-08,SXP,430.7,2375869277.541242
2024-02-09,SXP,435.6,2558876447.424031
2024-02-10,SXP,440.6,2986846282.2205124
2024-02-11,SXP,442.8,2954793220.0306463
2024-02-12,SXP,448.1,4227584343.5940585
2024-02-13,SXP,439.9,4395490615.477284
2024-02-14,SXP,451.0,3677794449.9801464
2024-02-15,SXP,463.9,6164084763.340305
2024-02-16,SXP,474.5,4962595712.631885
2024-02-17,SXP,478.5,5400054845.585995
2024-02-18,SXP,483.1,5832690537.8029585
2024-02-19,SXP,498.5,5455139728.402344
2024-02-20,SXP,489.1,8205621277.394613
2024-02-21,SXP,485.1,8076305602.879372
2024-02-22,SXP,484.8,4149389583.348497
2024-02-23,SXP,487.6,5357085672.52984
2024-02-24,SXP,498.9,6372233282.133393
2024-02-25,SXP,513.2,9517021407.36998
2024-02-26,SXP,516.1,7957983781.332395
2024-02-27,SXP,522.4,9701354855.298882
2024-02-28,SXP,542.6,19807250556.334698
2024-02-29,SXP,561.5,15039593921.238497
2024-03-01,SXP,603.0,26372202953.094414
2024-03-02,SXP,631.5,15185036015.051582
2024-03-03,SXP,614.3,17298288102.043465
2024-03-04,SXP,688.8,275646900724.40356
2024-03-05,SXP,618.7,61969900492.3101
2024-03-06,SXP,679.1,51668670723.79561
2024-03-07,SXP,695.9,22919327229.18945
2024-03-08,SXP,690.0,18255168245.46275
2024-03-09,SXP,704.7,23464220015.391735
2024-03-10,SXP,702.8,22378836561.107903
2024-03-11,SXP,738.2,66068906845.89748
2024-03-12,SXP,745.8,25228582162.06786
2024-03-13,SXP,788.1,59831257519.58497
2024-03-14,SXP,756.5,29563025680.046703
2024-03-15,SXP,705.0,34801938878.98425
2024-03-16,SXP,647.5,15207764412.614191
2024-03-17,SXP,655.4,16643599947.112823
2024-03-18,SXP,611.9,9973652887.119032
2024-03-19,SXP,566.9,17359769514.911983
2024-03-20,SXP,620.9,16727843100.670145
2024-03-21,SXP,615.2,12701367731.64946
2024-03-22,SXP,604.9,8493382390.180453
2024-03-23,SXP,607.1,4621438524.490852
2024-03-24,SXP,626.7,7192197256.527118
2024-03-25,SXP,671.7,51111591459.34077
2024-03-26,SXP,716.0,75378737770.57523
2024-03-27,SXP,694.0,21273339549.82802
2024-03-28,SXP,709.4,18355946467.69779
2024-03-29,SXP,731.2,19341340679.43789
2024-03-30,SXP,700.5,9936048972.213663
2024-03-31,SXP,703.0,6341469111.559179
2024-04-01,SXP,666.2,12163262118.911243
2024-04-02,SXP,625.7,11739595556.43378
2024-04-03,SXP,616.2,6313036056.580892
2024-04-04,SXP,649.4,8518171532.264447
2024-04-05,SXP,635.4,5217403883.652378
2024-04-06,SXP,639.5,2211999998.6367683
2024-04-07,SXP,649.4,3339996213.7117796
2024-04-08,SXP,674.8,7689023239.447398
2024-04-09,SXP,662.9,8971139274.317396
2024-04-10,SXP,649.6,6103261297.921409
2024-04-11,SXP,655.0,4770804791.10586
2024-04-12,SXP,583.0,19989100706.848057
2024-04-13,SXP,493.0,15615086506.40535
2024-04-14,SXP,520.7,10006368988.434978
2024-04-15,SXP,499.6,6865757481.861076
2024-04-16,SXP,501.0,9299673256.061155
2024-04-17,SXP,481.9,4372588517.488306
2024-04-18,SXP,491.6,5485908845.790144
2024-04-19,SXP,495.9,5683157761.3782425
2024-04-20,SXP,533.1,3834307256.5918655
2024-04-21,SXP,526.0,3931836427.1182866
2024-04-22,SXP,542.0,3155195426.571111
2024-04-23,SXP,538.0,3869018811.374728
2024-04-24,SXP,526.6,6731060158.047511
2024-04-25,SXP,520.4,4554961216.568562
2024-04-26,SXP,505.7,3005551970.558042
2024-04-27,SXP,504.1,9684490120.520725
2024-04-28,SXP,492.4,2980118934.608333
2024-04-29,SXP,494.8,4046132794.0971923
2024-04-30,SXP,467.8,3710720833.302067
2024-05-01,SXP,467.0,4765782738.739298
2024-05-02,SXP,472.2,2667834289.6163096
2024-05-03,SXP,491.0,3136991330.815621
2024-05-04,SXP,488.5,1932342762.667672
2024-05-05,SXP,487.1,1797489115.0418909
2024-05-06,SXP,478.3,2689595111.614408
2024-05-07,SXP,472.5,2011568531.168547
2024-05-08,SXP,462.9,4807288582.126742
2024-05-09,SXP,473.5,1949459720.4874105
2024-05-10,SXP,460.2,2157624080.0393043
2024-05-11,SXP,457.4,1388214590.8965604
2024-05-12,SXP,451.8,950677260.3650156
2024-05-13,SXP,449.2,2081546355.0300064
2024-05-14,SXP,439.3,1405995436.9683902
2024-05-15,SXP,461.3,1981926701.8205698
2024-05-16,SXP,460.6,2091692390.0537477
2024-05-17,SXP,470.5,1316653946.1256454
2024-05-18,SXP,471.1,785233005.283016
2024-05-19,SXP,448.6,1171943931.1866105
2024-05-20,SXP,480.3,3099970325.6330624
2024-05-21,SXP,483.1,2511745840.7249274
2024-05-22,SXP,475.8,2480324450.562765
2024-05-23,SXP,470.9,2545575734.2019405
2024-05-24,SXP,483.4,2198896320.4669814
2024-05-25,SXP,507.4,21070613300.501152
2024-05-26,SXP,492.8,12173873509.529922
2024-05-27,SXP,492.7,2971909955.344519
2024-05-28,SXP,491.7,1914989716.4052486
2024-05-29,SXP,484.3,2071610389.215331
2024-05-30,SXP,478.0,1896357258.0711265
2024-05-31,SXP,476.4,1468693079.326868
2024-06-01,SXP,475.7,650964828.6886798
2024-06-02,SXP,468.3,1804266068.204295
2024-06-03,SXP,469.0,2585407125.736287
2024-06-04,SXP,477.3,1461803515.3643515
2024-06-05,SXP,484.4,1445502777.9365559
2024-06-06,SXP,481.3,1861614384.2267625
2024-06-07,SXP,447.4,4028807536.4423084
2024-06-08,SXP,429.2,1986828181.6562824
2024-06-09,SXP,430.0,811453034.7359332
2024-06-10,SXP,423.9,1126636328.691158
2024-06-11,SXP,409.8,1826325036.9307272
2024-06-12,SXP,423.4,1379952060.2895997
2024-06-13,SXP,412.0,735599435.6411914
2024-06-14,SXP,396.3,1612511681.2258544
2024-06-15,SXP,401.3,454209836.1634223
2024-06-16,SXP,389.1,1102665360.7780583
2024-06-17,SXP,357.5,3866761612.3038435
2024-06-18,SXP,340.4,2790458947.066557
2024-06-19,SXP,346.0,1015658209.7971624
2024-06-20,SXP,358.4,860975467.2872945
2024-06-21,SXP,353.3,1398746618.7735398
2024-06-22,SXP,356.5,508984440.62212473
2024-06-23,SXP,346.5,537796859.2885904
2024-06-24,SXP,353.9,1357061037.21908
2024-06-25,SXP,359.4,1137734597.5922577
2024-06-26,SXP,355.7,898730256.8045895
2024-06-27,SXP,362.3,817659202.769876
2024-06-28,SXP,353.4,804972443.1593736
2024-06-29,SXP,344.3,451609723.3670521
2024-06-30,SXP,345.4,954312130.2447304
2024-07-01,SXP,347.1,964777169.3153008
2024-07-02,SXP,343.6,558138499.6802715
2024-07-03,SXP,340.9,911593137.2777295
2024-07-04,SXP,316.7,1035908047.8063258
2024-07-05,SXP,313.3,2631925981.762528
2024-07-06,SXP,328.9,610827345.6532432
2024-07-07,SXP,308.5,778777647.8929722
2024-07-08,SXP,312.8,1579646587.9478238
2024-07-09,SXP,326.0,918897789.1172202
2024-07-10,SXP,334.1,753953092.2399343
2024-07-11,SXP,323.0,1162462333.5704215
2024-07-12,SXP,323.9,696280527.4025664
2024-07-13,SXP,333.0,687242342.4257183
2024-07-14,SXP,343.0,740234022.3865906
2024-07-15,SXP,362.2,1065304291.1685469
2024-07-16,SXP,362.2,897877456.4840409
2024-07-17,SXP,356.1,1073143698.6041349
2024-07-18,SXP,355.8,799467734.4757984
2024-07-19,SXP,366.1,2757254984.733017
2024-07-20,SXP,368.7,1478714641.9207344
2024-07-21,SXP,379.6,1701133487.575707
2024-07-22,SXP,361.9,1200570950.2385635
2024-07-23,SXP,355.9,1139355017.2394793
2024-07-24,SXP,345.3,1435256010.4911675
2024-07-25,SXP,337.1,1215733670.2502575
2024-07-26,SXP,350.8,538228294.282441
2024-07-27,SXP,361.6,3942071057.7075734
2024-07-28,SXP,351.9,1170812926.2260995
2024-07-29,SXP,353.3,1070582434.8066528
2024-07-30,SXP,342.9,971802805.863062
2024-07-31,SXP,347.1,19847877605.80635
2024-08-01,SXP,329.0,4297906556.380102
2024-08-02,SXP,310.0,2154627350.084629
2024-08-03,SXP,305.0,5445829408.303494
2024-08-04,SXP,284.6,2166662221.044396
2024-08-05,SXP,271.8,5160560440.017506
2024-08-06,SXP,283.0,1352145698.1593792
2024-08-07,SXP,274.8,1558857550.8670924
2024-08-08,SXP,300.0,1246225317.839061
2024-08-09,SXP,301.0,1389779493.273901
2024-08-10,SXP,300.7,918786207.097053
2024-08-11,SXP,286.3,1135445812.6810582
2024-08-12,SXP,300.5,1490256331.0882692
2024-08-13,SXP,299.0,707639622.7786422
2024-08-14,SXP,293.0,652291286.4998744
2024-08-15,SXP,280.5,1440237286.921445
2024-08-16,SXP,280.7,852366391.3995538
2024-08-17,SXP,281.3,316430963.7548489
2024-08-18,SXP,284.4,345955757.3301961
2024-08-19,SXP,291.9,621407499.7702702
2024-08-20,SXP,292.4,775608359.5083691
2024-08-21,SXP,303.5,1127882295.760782
2024-08-22,SXP,306.3,607490725.4463286
2024-08-23,SXP,318.1,1067470509.0540462
2024-08-24,SXP,325.0,955790454.2805451
2024-08-25,SXP,320.2,628713418.8523557
2024-08-26,SXP,301.0,976874872.6390687
2024-08-27,SXP,285.9,1030477694.1685348
2024-08-28,SXP,286.6,973052777.5361223
2024-08-29,SXP,282.4,541855332.6730824
2024-08-30,SXP,281.0,782885417.8862942
2024-08-31,SXP,274.2,278483549.26132035
2024-09-01,SXP,262.6,550483248.3072149
2024-09-02,SXP,271.2,730474758.1365379
2024-09-03,SXP,261.9,717539673.5121027
2024-09-04,SXP,267.1,603524796.9271365
2024-09-05,SXP,259.7,324479984.49399966
2024-09-06,SXP,246.9,1142380127.4533052
2024-09-07,SXP,248.4,562809659.9682529
2024-09-08,SXP,255.7,516288200.0080514
2024-09-09,SXP,269.8,871461559.9704797
2024-09-10,SXP,272.2,342468952.6681046
2024-09-11,SXP,277.5,1034169702.0341423
2024-09-12,SXP,282.9,596391085.1800951
2024-09-13,SXP,285.4,685204831.3571007
2024-09-14,SXP,282.3,252382108.98214892
2024-09-15,SXP,275.4,294190117.9455546
2024-09-16,SXP,264.2,640862349.1580725
2024-09-17,SXP,268.8,620568219.1929294
2024-09-18,SXP,280.3,4262350274.7024693
2024-09-19,SXP,428.1,211676639097.87122
2024-09-20,SXP,394.5,211037501158.59213
2024-09-21,SXP,367.5,34635157114.24916
2024-09-22,SXP,345.9,8299023203.92711
2024-09-23,SXP,353.7,6290280625.417411
2024-09-24,SXP,361.0,6199800753.288424
2024-09-25,SXP,348.4,8192742996.673019
2024-09-26,SXP,350.4,4857550370.891423
2024-09-27,SXP,358.2,3163595391.3951697
2024-09-28,SXP,357.2,3856886068.233297
2024-09-29,SXP,362.8,14377592645.07374
2024-09-30,SXP,334.9,5154474154.815202
2024-10-01,SXP,308.1,4943015723.639105
2024-10-02,SXP,298.7,2710688696.6138954
2024-10-03,SXP,314.0,41908312639.2195
2024-10-04,SXP,327.6,10687734108.340603
2024-10-05,SXP,320.0,5758265629.186575
2024-10-06,SXP,325.1,3389857006.9564714
2024-10-07,SXP,316.9,3815553761.695797
2024-10-08,SXP,314.8,1868310352.8841121
2024-10-09,SXP,308.2,1548097150.1606054
2024-10-10,SXP,304.9,1681455693.6261096
2024-10-11,SXP,377.3,167568226963.51733
2024-10-12,SXP,389.5,132363950768.09233
2024-10-13,SXP,366.5,33307944591.204216
2024-10-14,SXP,368.0,11522791489.057798
2024-10-15,SXP,353.7,8966196911.995886
2024-10-16,SXP,348.7,3205710125.1195264
2024-10-17,SXP,348.8,3090250409.119189
2024-10-18,SXP,354.1,5949706745.796119
2024-10-19,SXP,353.2,2674023754.519931
2024-10-20,SXP,362.5,2488650454.321103
2024-10-21,SXP,347.0,3165337565.2328835
2024-10-22,SXP,349.1,1750369476.7474468
2024-10-23,SXP,336.3,1712641006.658963
2024-10-24,SXP,341.9,1761372812.636794
2024-10-25,SXP,315.1,2816902403.731561
2024-10-26,SXP,312.5,1394610455.6436841
2024-10-27,SXP,355.6,88569658238.72826
2024-10-28,SXP,350.5,121389271607.2788
2024-10-29,SXP,358.0,42571490159.93934
2024-10-30,SXP,355.0,7074980557.613919
2024-10-31,SXP,339.4,5768131465.839939
2024-11-01,SXP,330.9,2948179053.2099004
2024-11-02,SXP,338.5,41830390716.75328
2024-11-03,SXP,356.4,61590706035.4158
2024-11-04,SXP,335.0,33750245226.80924
2024-11-05,SXP,349.7,13817471868.79704
2024-11-06,SXP,393.2,65907957153.852036
2024-11-07,SXP,437.0,253588045169.8424
2024-11-08,SXP,426.2,38322484783.66328
2024-11-09,SXP,426.3,15192686430.353613
2024-11-10,SXP,428.2,20206987902.853985
2024-11-11,SXP,478.3,116724934400.28291
2024-11-12,SXP,524.3,452746538523.6216
2024-11-13,SXP,487.1,44460470449.646576
2024-11-14,SXP,458.4,17369253952.03425
2024-11-15,SXP,487.3,15361528252.688728
2024-11-16,SXP,508.8,22111710321.639065
2024-11-17,SXP,490.8,12047464346.479998
2024-11-18,SXP,522.6,24942528676.49596
2024-11-19,SXP,511.1,10499096193.112324
2024-11-20,SXP,479.6,10565997868.8741
2024-11-21,SXP,503.3,18563480119.71452
2024-11-22,SXP,507.0,12843817018.022673
2024-11-23,SXP,552.2,57181849883.97479
2024-11-24,SXP,564.2,32290048686.26473
2024-11-25,SXP,538.9,20534706556.68925
2024-11-26,SXP,543.6,26201174090.800835
2024-11-27,SXP,571.0,13667106067.202589
2024-11-28,SXP,557.0,9837732490.801682
2024-11-29,SXP,578.0,13970869325.217865
2024-11-30,SXP,584.3,12721570959.628473
2024-12-01,SXP,630.0,30049798594.761932
2024-12-02,SXP,630.0,41317084665.52242
2024-12-03,SXP,647.2,56997605249.43134
2024-12-04,SXP,658.0,26364848052.594124
2024-12-05,SXP,627.9,19300645159.224186
2024-12-06,SXP,639.7,13446572261.439148
2024-12-07,SXP,619.5,7357788147.71479
2024-12-08,SXP,620.0,6285784067.9367285
2024-12-09,SXP,517.5,17075838610.037798
2024-12-10,SXP,502.4,12838312810.928383
2024-12-11,SXP,545.4,8327527044.404148
2024-12-12,SXP,555.2,12116687997.471127
2024-12-13,SXP,545.0,5404881784.408648
2024-12-14,SXP,517.2,4236235489.363587
2024-12-15,SXP,534.9,4818645355.269565
2024-12-16,SXP,529.3,7677645216.311582
2024-12-17,SXP,506.3,5232698972.425485
2024-12-18,SXP,461.9,5313950148.252829
2024-12-19,SXP,437.0,7757267955.104858
2024-12-20,SXP,462.6,10964914112.043447
2024-12-21,SXP,463.5,7859963413.158538
2024-12-22,SXP,462.8,10608063437.221434
2024-12-23,SXP,482.9,6007940250.815524
2024-12-24,SXP,487.7,7985219986.284129
2024-12-25,SXP,476.2,5769426199.639197
2024-12-26,SXP,444.8,4852705690.32213
2024-12-27,SXP,450.8,3679602403.8080254
2024-12-28,SXP,472.4,3342341205.7751307
2024-12-29,SXP,444.7,3313924553.710657
2024-12-30,SXP,534.2,513758102892.07446
2024-12-31,SXP,501.5,219847460515.55408
2025-01-01,SXP,482.7,31779155728.548225
2025-01-02,SXP,488.4,12712222872.48567
2025-01-03,SXP,500.8,9806552868.098324
2025-01-04,SXP,501.4,10189735481.406622
2025-01-05,SXP,541.9,86177673818.82974
2025-01-06,SXP,545.7,25201243548.11817
2025-01-07,SXP,499.2,29098272596.13579
2025-01-08,SXP,523.5,16058063428.871988
2025-01-09,SXP,537.5,21419157701.339035
2025-01-10,SXP,518.6,10428598033.585705
2025-01-11,SXP,520.0,8133960606.818051
2025-01-12,SXP,504.0,7574136074.927145
2025-01-13,SXP,481.6,9728756373.041155
2025-01-14,SXP,493.6,3819263299.8538475
2025-01-15,SXP,506.8,5818475837.860457
2025-01-16,SXP,494.1,5491868560.318053
2025-01-17,SXP,519.1,5338495280.008849
2025-01-18,SXP,490.3,5569407481.369768
2025-01-19,SXP,457.1,7429748456.056655
2025-01-20,SXP,456.8,6156228395.417847
2025-01-21,SXP,466.4,3353123807.737027
2025-01-22,SXP,458.0,1600698839.0113506
2025-01-23,SXP,452.3,2534642490.18719
2025-01-24,SXP,450.1,3023345780.4235644
2025-01-25,SXP,457.3,2145206217.8629189
2025-01-26,SXP,456.2,5624419191.881577
2025-01-27,SXP,437.6,5213941166.423073
2025-01-28,SXP,420.3,1963211346.5267208
2025-01-29,SXP,429.5,1678135989.9860659
2025-01-30,SXP,436.6,1632969053.325335
2025-01-31,SXP,445.7,3045535518.4721956
2025-02-01,SXP,422.0,2372761828.413166
2025-02-02,SXP,370.6,5215939231.543083
2025-02-03,SXP,373.3,7499948003.198099
2025-02-04,SXP,356.9,2573709017.0222144
2025-02-05,SXP,348.5,1382465893.2738092
2025-02-06,SXP,331.0,1386439343.8346972
2025-02-07,SXP,329.7,1481759993.8926282
2025-02-08,SXP,343.4,761150087.9457272
2025-02-09,SXP,345.8,1321639728.17819
2025-02-10,SXP,359.7,1273897443.5596824
2025-02-11,SXP,353.7,1296327192.6858394
2025-02-12,SXP,386.5,2880572133.1769543
2025-02-13,SXP,366.0,1571414460.9508529
2025-02-14,SXP,369.9,958774499.0642937
2025-02-15,SXP,362.9,950097306.6882633
2025-02-16,SXP,371.8,19339821072.630318
2025-02-17,SXP,380.9,69029628468.44283
2025-02-18,SXP,373.1,61817546450.56024
2025-02-19,SXP,367.6,5592825950.77928
2025-02-20,SXP,375.6,3980626107.3828645
2025-02-21,SXP,361.7,4555491477.779666
2025-02-22,SXP,367.6,2113681694.9426231
2025-02-23,SXP,363.7,3259470210.2951484
2025-02-24,SXP,314.4,3247918931.2163754
2025-02-25,SXP,325.8,3556604097.804738
2025-02-26,SXP,325.5,1311920662.846364
2025-02-27,SXP,330.6,1027303946.0521916
2025-02-28,SXP,328.8,3067506960.5147862
2025-03-01,SXP,326.9,1026901590.1844264
2025-03-02,SXP,355.9,3126571568.670117
2025-03-03,SXP,310.5,2473616796.299347
2025-03-04,SXP,307.0,2205028892.1403866
2025-03-05,SXP,312.8,1107332531.4416492
2025-03-06,SXP,307.0,893402548.3919274
2025-03-07,SXP,304.7,834998960.4009786
2025-03-08,SXP,296.8,396199014.46523327
2025-03-09,SXP,271.6,1812049321.3993967
2025-03-10,SXP,261.2,1651628339.700468
2025-03-11,SXP,274.3,1539486978.8185868
2025-03-12,SXP,283.3,746731736.9905524
2025-03-13,SXP,286.1,1241253061.9139352
2025-03-14,SXP,291.8,781943220.39247
2025-03-15,SXP,294.0,268129192.9037946
2025-03-16,SXP,281.7,618513817.1124277
2025-03-17,SXP,296.0,601996098.8189517
2025-03-18,SXP,297.7,2202933935.700328
2025-03-19,SXP,306.1,1123822306.781636
2025-03-20,SXP,302.0,682912391.6522354
2025-03-21,SXP,296.3,607682702.9518155
2025-03-22,SXP,310.0,1053488810.249739
2025-03-23,SXP,303.3,479850190.41149396
2025-03-24,SXP,319.7,817870975.2427728
2025-03-25,SXP,320.3,681198087.5830904
2025-03-26,SXP,318.9,526878697.7321363
2025-03-27,SXP,317.9,595493705.9906025
2025-03-28,SXP,291.8,862186046.91619
2025-03-29,SXP,277.6,646594755.9636118
2025-03-30,SXP,277.7,6345363348.602756
2025-03-31,SXP,274.0,1267587509.2325375
2025-04-01,SXP,272.1,1021327526.977059
2025-04-02,SXP,249.8,1838092594.2270613
2025-04-03,SXP,259.0,921415386.2050962
2025-04-04,SXP,258.1,738012636.9480498
2025-04-05,SXP,261.2,644584504.9928596
2025-04-06,SXP,235.1,1513657177.8180735
2025-04-07,SXP,233.1,1876990457.7749681
2025-04-08,SXP,229.0,982862547.1598201
2025-04-09,SXP,246.5,1643380846.1545308
2025-04-10,SXP,245.6,2310279197.6382914
2025-04-11,SXP,251.2,1611554249.9443283
2025-04-12,SXP,300.7,105148000294.45189
2025-04-13,SXP,269.1,22618228478.00473
2025-04-14,SXP,269.9,5138650960.250006
2025-04-15,SXP,282.4,19175362562.975723
2025-04-16,SXP,298.0,45253530383.897446
2025-04-17,SXP,311.3,12421901627.331202
2025-04-18,SXP,315.8,5542638288.098116
2025-04-19,SXP,311.5,2662359699.154936
2025-04-20,SXP,302.6,6308794007.844443
2025-04-21,SXP,297.5,2197834826.2812304
2025-04-22,SXP,308.5,2967853124.759871
2025-04-23,SXP,303.2,2061700010.2415042
2025-04-24,SXP,298.8,1616225254.6601155
2025-04-25,SXP,311.6,2449845849.2133055
2025-04-26,SXP,308.8,1845580573.6083841
2025-04-27,SXP,293.7,1909386761.7258902
2025-04-28,SXP,302.6,8904239647.096018
2025-04-29,SXP,304.0,3237460212.0886397
2025-04-30,SXP,294.0,2109499411.2976248
2025-05-01,SXP,293.2,1216636558.255098
2025-05-02,SXP,293.8,1191401525.8447084
2025-05-03,SXP,284.2,3389339390.443803
2025-05-04,SXP,278.4,1149671573.9072516
2025-05-05,SXP,279.5,1981267729.55697
2025-05-06,SXP,264.3,1578121321.9932737
2025-05-07,SXP,265.9,1132824242.0401995
2025-05-08,SXP,293.6,1909915005.3898506
2025-05-09,SXP,308.4,1938435007.5450892
2025-05-10,SXP,324.3,2085145556.5279872
2025-05-11,SXP,319.2,1710742200.8382664
2025-05-12,SXP,325.3,7676536018.8020315
2025-05-13,SXP,324.1,1373564040.1503823
2025-05-14,SXP,312.3,1635360985.0856144
2025-05-15,SXP,296.4,1755441792.3850007
2025-05-16,SXP,289.5,866125911.9520354
2025-05-17,SXP,282.9,1154332922.1551836
2025-05-18,SXP,294.0,4645885748.121967
2025-05-19,SXP,282.4,2551167393.4610853
2025-05-20,SXP,282.5,1083151430.1888058
2025-05-21,SXP,281.4,1060527532.7696806
2025-05-22,SXP,291.7,817239152.3182176
2025-05-23,SXP,271.8,2571437868.78589
2025-05-24,SXP,272.7,641625706.7791741
2025-05-25,SXP,270.7,1201463645.3056526
2025-05-26,SXP,269.3,458823947.5463201
2025-05-27,SXP,270.0,580480417.6401321
2025-05-28,SXP,269.7,605828492.8046236
2025-05-29,SXP,265.6,982888556.8773124
2025-05-30,SXP,241.3,2105390411.5324855
2025-05-31,SXP,245.4,1227548605.7353806
2025-06-01,SXP,250.3,441715975.89696395
2025-06-02,SXP,257.1,607272111.1953821
2025-06-03,SXP,257.1,541972764.876921
2025-06-04,SXP,251.2,456668398.1551622
2025-06-05,SXP,239.4,914761716.3870028
2025-06-06,SXP,242.1,544577184.8345304
2025-06-07,SXP,247.3,268432600.48374897
2025-06-08,SXP,244.9,262671993.93920434
2025-06-09,SXP,251.8,486594673.17201024
2025-06-10,SXP,262.7,3977542045.0139384
2025-06-11,SXP,257.7,923060106.3996618
2025-06-12,SXP,244.6,814384367.2488306
2025-06-13,SXP,239.2,1191760537.0756238
2025-06-14,SXP,234.9,642121315.1445503
2025-06-15,SXP,231.6,561980352.9184793
2025-06-16,SXP,231.4,601722091.092205
2025-06-17,SXP,226.7,773007451.5289687
2025-06-18,SXP,226.8,766209946.2587315
2025-06-19,SXP,229.9,7959636838.843329
2025-06-20,SXP,237.9,19032451137.50375
2025-06-21,SXP,230.2,4101852961.409081
2025-06-22,SXP,228.0,2466833177.1559243
2025-06-23,SXP,244.1,2157681182.5046086
2025-06-24,SXP,246.2,1218044849.418678
2025-06-25,SXP,242.4,997029286.7068951
2025-06-26,SXP,233.0,1173727555.9107163
2025-06-27,SXP,236.8,663327991.0818951
2025-06-28,SXP,237.0,351446935.10217977
2025-06-29,SXP,239.6,672018471.0616099
2025-06-30,SXP,226.1,1010281273.6549073
2025-07-01,SXP,225.0,769684754.4970613
2025-07-02,SXP,238.2,1215482315.5234601
2025-07-03,SXP,238.0,1106981205.4090185
2025-07-04,SXP,243.8,8606615693.086128
2025-07-05,SXP,235.5,1704326859.742263
2025-07-06,SXP,237.2,567627789.3797835
2025-07-07,SXP,236.3,1023446193.6882983
2025-07-08,SXP,240.8,668676734.1911209
2025-07-09,SXP,248.9,1146395041.1419077
2025-07-10,SXP,260.3,2550247398.561575
2025-07-11,SXP,260.8,2379800221.917388
2025-07-12,SXP,271.4,16919247402.969088
2025-07-13,SXP,272.8,1874509855.772428
2025-07-14,SXP,272.3,1892036245.1981044
2025-07-15,SXP,275.9,1527013071.479019
2025-07-16,SXP,280.8,1652525286.8299017
2025-07-17,SXP,281.6,1453245440.8531504
2025-07-18,SXP,285.9,1844717938.4839678
2025-07-19,SXP,287.9,1067347419.8980283
2025-07-20,SXP,305.4,13835632427.98919
2025-07-21,SXP,305.7,2623248406.2002397
2025-07-22,SXP,304.0,2540970595.535556
2025-07-23,SXP,280.9,1903632497.2171178
2025-07-24,SXP,269.7,1802368034.101006
2025-07-25,SXP,279.3,1445488734.0214243
2025-07-26,SXP,276.5,772339447.0269984
2025-07-27,SXP,283.2,896226196.5067778
2025-07-28,SXP,272.3,1985774315.0182695
2025-07-29,SXP,267.0,1232261732.0191548
2025-07-30,SXP,263.0,1187916253.5937722
2025-07-31,SXP,255.0,698260639.3924285
2025-08-01,SXP,249.0,1097014396.2056432
2025-08-02,SXP,243.0,740583668.2072815
2025-08-03,SXP,252.0,515336957.2252717
2025-08-04,SXP,259.0,622725088.0701478
2025-08-05,SXP,251.0,709063439.9885399
2025-08-06,SXP,251.0,486497719.0287975
2025-08-07,SXP,256.0,1405569461.7707314
2025-08-08,SXP,262.0,873714340.0674182
2025-08-09,SXP,266.0,762633413.6432179
2025-08-10,SXP,262.0,1261219383.760419
2025-08-11,SXP,253.0,1150685119.7852464
2025-08-12,SXP,260.0,1328883905.9650204
2025-08-13,SXP,267.0,914864902.2163808
2025-08-14,SXP,252.0,1736726554.4891093
2025-08-15,SXP,250.0,921869411.02526
2025-08-16,SXP,257.0,390523194.64711696
2025-08-17,SXP,255.0,448419534.0527829
2025-08-18,SXP,247.0,705194326.1578206
2025-08-19,SXP,238.0,798524288.3112228
2025-08-20,SXP,250.0,483538180.3980075
2025-08-21,SXP,244.0,331051468.00336236
2025-08-22,SXP,261.0,1327586408.689535
2025-08-23,SXP,260.0,535274248.30696964
2025-08-24,SXP,253.0,1109501518.947605
2025-08-25,SXP,244.0,1800400969.1781154
2025-08-26,SXP,250.0,765265368.9664149
2025-08-27,SXP,248.0,595500763.735256
2025-08-28,SXP,257.0,1068068307.4719365
2025-08-29,SXP,248.0,22539370279.71563
2025-08-30,SXP,247.0,1320258821.334644
2025-08-31,SXP,242.0,1318168775.7436202
2025-09-01,SXP,235.0,1869808405.1628814
2025-09-02,SXP,239.0,712271098.7351593
2025-09-03,SXP,240.0,259650615.63504958
2025-09-04,SXP,235.0,438322733.704216
2025-09-05,SXP,239.0,310792771.3724298
2025-09-06,SXP,237.0,190455439.56262994
2025-09-07,SXP,239.0,173428199.58617142
2025-09-08,SXP,241.0,558136349.910719
2025-09-09,SXP,245.0,994561060.1252896
2025-09-10,SXP,249.0,581386294.095883
2025-09-11,SXP,248.0,1014037764.1608049
2025-09-12,SXP,252.0,872271159.3102378
2025-09-13,SXP,254.0,804235871.390166
2025-09-14,SXP,249.0,570912082.7139046
2025-09-15,SXP,242.0,767171214.9978617
2025-09-16,SXP,243.0,584816627.8708705
2025-09-17,SXP,246.0,372364152.99762195
2025-09-18,SXP,248.0,475337720.26318514
2025-09-19,SXP,240.0,413089758.1537296
2025-09-20,SXP,245.0,320985388.8472476
2025-09-21,SXP,245.0,461289956.6364964
2025-09-22,SXP,231.0,1530559102.030453
2025-09-23,SXP,230.0,513902610.91500586
2025-09-24,SXP,233.0,374284723.0179927
2025-09-25,SXP,222.0,707409808.300651
2025-09-26,SXP,229.0,589669849.8265485
2025-09-27,SXP,225.0,211288314.64126274
2025-09-28,SXP,229.0,316622350.43471116
2025-09-29,SXP,224.0,331345645.314656
2025-09-30,SXP,221.0,551751124.6200532
2025-10-01,SXP,229.0,423945656.2575133
2025-10-02,SXP,234.0,451364221.5693484
2025-10-03,SXP,239.0,941893076.1909248
2025-10-04,SXP,232.0,666506242.5931218
2025-10-05,SXP,230.0,925959674.8312576
2025-10-06,SXP,233.0,284618959.0548753
2025-10-07,SXP,225.0,547284310.9790738
2025-10-08,SXP,230.0,375491074.95898235
2025-10-09,SXP,229.0,411272740.3709014
2025-10-10,SXP,182.0,1825707520.77922
2025-10-11,SXP,182.0,3080483099.4590945
2025-10-12,SXP,196.0,687696214.6648331
2025-10-13,SXP,206.0,773902612.7789221
2025-10-14,SXP,201.0,784179138.8318713
2025-10-15,SXP,198.0,237498741.5092974
2025-10-16,SXP,191.0,409078162.34052956
2025-10-17,SXP,187.0,668679278.1232834
2025-10-18,SXP,189.0,223761280.4506636
2025-10-19,SXP,190.0,285999200.6936556
2025-10-20,SXP,190.0,270979739.16748136
2025-10-21,SXP,182.0,533088466.89737916
2025-10-22,SXP,181.0,377354809.4607631
2025-10-23,SXP,180.0,357893558.948745
2025-10-24,SXP,184.0,174715747.57467258
2025-10-25,SXP,182.0,126277758.58801195
2025-10-26,SXP,186.0,302516138.514767
2025-10-27,SXP,182.0,354674808.6449459
2025-10-28,SXP,177.0,482620043.9719336
2025-10-29,SXP,176.0,493709909.3584416
2025-10-30,SXP,165.0,783680121.5001694
2025-10-31,SXP,167.0,254081319.93063328
2025-11-01,SXP,173.0,297209725.62042284
2025-11-02,SXP,177.0,282211854.08176726
2025-11-03,SXP,155.0,869898735.1191598
2025-11-04,SXP,152.0,617722099.8626822
2025-11-05,SXP,158.0,524775120.36907667
2025-11-06,SXP,155.0,352963012.1089952
2025-11-07,SXP,173.0,649726327.9560723
2025-11-08,SXP,174.0,324275742.3091454
2025-11-09,SXP,172.0,321448206.1685454
2025-11-10,SXP,174.0,419282079.3210494
2025-11-11,SXP,167.0,3504512944.8257957
2025-11-12,SXP,170.0,955900733.8650895
2025-11-13,SXP,162.0,594767745.167271
2025-11-14,SXP,156.0,291407253.9031197
2025-11-15,SXP,160.0,340435333.698408
2025-11-16,SXP,155.0,243032857.2808736
2025-11-17,SXP,148.0,579390388.4001744
2025-11-18,SXP,149.0,541167004.2248437
2025-11-19,SXP,141.0,906272680.727528
2025-11-20,SXP,140.0,369615331.8549468
2025-11-21,SXP,136.0,828992022.4345686
2025-11-22,SXP,135.0,323176240.8133069
2025-11-23,SXP,136.0,1125400741.963485
2025-11-24,SXP,141.0,1293564888.6079443
2025-11-25,SXP,138.0,559903034.7253513
2025-11-26,SXP,137.0,332505488.67599314
2025-11-27,SXP,140.0,520818326.66074264
2025-11-28,SXP,134.0,1762891372.7274513
2025-11-29,SXP,130.0,1014400864.5709419
2025-11-30,SXP,121.0,1320197251.5122814
2025-12-01,SXP,99.0,1893151891.3002489
2025-12-02,SXP,91.4,4812085784.252667
2025-12-03,SXP,88.2,14257708485.318628
2025-12-04,SXP,103.0,61377324815.18668
2025-12-05,SXP,94.6,25958486652.324993
2025-12-06,SXP,88.3,6755120341.854673
2025-12-07,SXP,82.8,5092966322.795048
2025-12-08,SXP,82.2,2492425928.4322534
2025-12-09,SXP,96.4,69732367053.03883
2025-12-10,SXP,92.0,20323452760.6659
2025-12-11,SXP,96.7,35650197430.908745
2025-12-12,SXP,104.0,24023871347.55979
2025-12-13,SXP,98.8,8428835157.35701
2025-12-14,SXP,91.5,6478665533.587376
2025-12-15,SXP,95.2,21995194997.95753
2025-12-16,SXP,93.9,10224321178.502403
2025-12-17,SXP,88.1,5846711492.834909
2025-12-18,SXP,83.5,3772609999.486963
2025-12-19,SXP,90.3,31201690107.451965
2025-12-20,SXP,100.0,55628268219.799164
2025-12-21,SXP,97.6,14849373263.847101
2025-12-22,SXP,95.0,5426660176.146444
2025-12-23,SXP,93.4,5012631493.272548
2025-12-24,SXP,97.6,14900115278.237192
2025-12-25,SXP,93.6,5136647600.52275
2025-12-26,SXP,90.2,4128560625.5743227
2025-12-27,SXP,91.1,1758119400.769714
2025-12-28,SXP,88.7,1454303293.8258798
2025-12-29,SXP,85.9,2379439907.8694444
2025-12-30,SXP,91.6,24929918400.29321
2025-12-31,SXP,88.1,4128818862.182309
2026-01-01,SXP,91.9,20713813668.58836
2026-01-02,SXP,92.8,5238063964.329355
2026-01-03,SXP,93.1,5049651973.55476
2026-01-04,SXP,93.8,4300563284.963709
2026-01-05,SXP,96.0,4064900657.2240434
2026-01-06,SXP,97.0,5488940848.921009
2026-01-07,SXP,101.0,21885315469.670036
2026-01-08,SXP,110.0,23935474385.18044
2026-01-09,SXP,105.0,5521330665.476784
2026-01-10,SXP,113.0,14613172161.775293
2026-01-11,SXP,110.0,5618268378.4823
2026-01-12,SXP,105.0,6259940301.282305
2026-01-13,SXP,107.0,4838697702.264655
2026-01-14,SXP,104.0,3294931959.4365315
2026-01-15,SXP,101.0,2224043304.645705
2026-01-16,SXP,101.0,3170609975.378558
2026-01-17,SXP,103.0,1514547989.8011072
2026-01-18,SXP,96.1,1822532727.3533301
2026-01-19,SXP,92.4,1928728519.8865936
2026-01-20,SXP,93.9,16127136797.938423
2026-01-21,SXP,95.3,3646989420.797632
2026-01-22,SXP,92.0,2264140782.1340837
2026-01-23,SXP,92.0,1536423449.429407
2026-01-24,SXP,91.9,1278308974.772642
2026-01-25,SXP,87.0,2524346053.150592
2026-01-26,SXP,66.8,21061586006.067818
2026-01-27,SXP,90.3,205528543651.5114
2026-01-28,SXP,76.5,82023124179.499
2026-01-29,SXP,69.3,20025789598.37671
2026-01-30,SXP,69.6,52724735384.2086
2026-01-31,SXP,64.1,15486261701.183027
2026-02-01,SXP,57.8,17819927002.763546
2026-02-02,SXP,53.5,11201523760.27235
2026-02-03,SXP,52.6,5546118626.416879
2026-02-04,SXP,52.8,25818331377.291733
2026-02-05,SXP,48.7,43073121333.443474
2026-02-06,SXP,49.5,13821313631.381409
2026-02-07,SXP,48.9,23896573493.85588
2026-02-08,SXP,48.2,5575191336.640156
2026-02-09,SXP,47.4,12939040264.571087
2026-02-10,SXP,45.6,21312524086.61494
2026-02-11,SXP,46.3,26040484299.545662
2026-02-12,SXP,40.1,7953563797.505159
2026-02-13,SXP,39.3,4234864101.9849396
2026-02-14,SXP,40.1,2626610582.6608305
2026-02-15,SXP,39.7,6652595022.475575
2026-02-16,SXP,38.8,2070816195.319735
2026-02-17,SXP,37.7,1465148930.8022552
2026-02-18,SXP,36.4,1346399503.767529
2026-02-19,SXP,34.5,20549630441.973972
2026-02-20,SXP,33.6,4109202629.169985
2026-02-21,SXP,50.9,135874448695.25871
2026-02-22,SXP,43.2,72490813262.30556
2026-02-23,SXP,38.2,15770929897.017046
2026-02-24,SXP,36.3,24780301352.6097
2026-02-25,SXP,35.8,6629034783.922533
2026-02-26,SXP,35.3,6489203502.606335
2026-02-27,SXP,35.8,11069119242.052397
2026-02-28,SXP,34.2,15643370013.451164
2026-03-01,SXP,34.1,2695869731.8264227
2026-03-02,SXP,35.0,40937685846.80145
2026-03-03,SXP,35.8,32682975931.422688
2026-03-04,SXP,34.5,12861421655.91251
2026-03-05,SXP,34.5,7326014421.156999
2026-03-06,SXP,37.5,11710167241.60002
2026-03-07,SXP,36.4,257557519.13990432
2026-03-08,SXP,34.1,2718900027.099913
2026-03-09,SXP,33.8,11244171432.225016
2026-03-10,SXP,36.5,38316792935.305504
2026-03-11,SXP,30.6,19098408382.402775
2026-03-12,SXP,24.5,15238095751.571045
2026-03-13,SXP,23.2,417717420.1645301
2023-01-01,TT,3.97,423785705.20936644
2023-01-02,TT,3.99,514924226.9196971
2023-01-03,TT,3.96,558543799.8654072
2023-01-04,TT,4.03,485964001.521524
2023-01-05,TT,4.09,17466975458.95104
2023-01-06,TT,4.04,2187141250.545389
2023-01-07,TT,4.03,747511632.7484845
2023-01-08,TT,4.14,10015138683.453669
2023-01-09,TT,4.21,3058057541.628762
2023-01-10,TT,4.25,2730244666.1844525
2023-01-11,TT,4.37,4843598525.549782
2023-01-12,TT,4.41,2441253329.5733433
2023-01-13,TT,4.55,3657927234.454513
2023-01-14,TT,4.69,5797679147.546012
2023-01-15,TT,4.97,23344508297.05768
2023-01-16,TT,4.87,5924885881.751914
2023-01-17,TT,5.09,5199786522.020921
2023-01-18,TT,4.72,3954661292.8398013
2023-01-19,TT,4.87,1825833427.2595317
2023-01-20,TT,5.12,2152224274.5647054
2023-01-21,TT,5.16,4803961097.025841
2023-01-22,TT,5.18,2259751386.5348406
2023-01-23,TT,5.32,3372639849.688996
2023-01-24,TT,5.09,17709699159.66091
2023-01-25,TT,5.23,7304612565.875414
2023-01-26,TT,5.24,2606714207.005533
2023-01-27,TT,5.5,19135951722.469353
2023-01-28,TT,5.45,10526963989.074762
2023-01-29,TT,5.47,7315090762.082105
2023-01-30,TT,5.04,4496432256.310574
2023-01-31,TT,5.1,2640573844.44005
2023-02-01,TT,5.33,15160285784.491034
2023-02-02,TT,5.8,43211576043.8202
2023-02-03,TT,6.12,18622612147.898777
2023-02-04,TT,6.02,5456769465.906006
2023-02-05,TT,6.08,20341963785.127712
2023-02-06,TT,6.13,7294074771.298017
2023-02-07,TT,6.21,6452780762.559315
2023-02-08,TT,6.55,31745110469.782017
2023-02-09,TT,5.89,8526628523.872421
2023-02-10,TT,5.97,5351387765.966479
2023-02-11,TT,5.98,1216718032.3360906
2023-02-12,TT,5.94,3785834607.0535994
2023-02-13,TT,5.75,29703624937.259937
2023-02-14,TT,5.83,5423668961.16583
2023-02-15,TT,6.4,15782343080.973112
2023-02-16,TT,6.45,42687815570.43123
2023-02-17,TT,6.67,7641518142.518378
2023-02-18,TT,6.8,16587873288.338263
2023-02-19,TT,6.82,13030070813.559807
2023-02-20,TT,7.17,28539834800.49215
2023-02-21,TT,6.95,10976297283.34036
2023-02-22,TT,6.85,5003505609.699216
2023-02-23,TT,6.86,3286832363.789526
2023-02-24,TT,7.1,20615847151.52913
2023-02-25,TT,7.2,15984844991.693121
2023-02-26,TT,7.27,42400865252.42076
2023-02-27,TT,7.07,6286351810.000478
2023-02-28,TT,6.94,2627902341.150218
2023-03-01,TT,6.97,2586091874.1800447
2023-03-02,TT,6.69,3337971289.0392585
2023-03-03,TT,6.16,5120570226.249766
2023-03-04,TT,6.1,3248092066.7538466
2023-03-05,TT,6.23,5629292254.31511
2023-03-06,TT,6.05,15404370235.14379
2023-03-07,TT,6.05,21141814165.8556
2023-03-08,TT,5.67,8885963299.166748
2023-03-09,TT,5.34,3146918377.638235
2023-03-10,TT,5.4,5189435706.073298
2023-03-11,TT,5.37,3328609464.6611557
2023-03-12,TT,5.59,2119865338.0414135
2023-03-13,TT,6.04,6033628577.48905
2023-03-14,TT,6.19,7528939100.142457
2023-03-15,TT,6.0,6280445988.571932
2023-03-16,TT,6.15,2246258354.075027
2023-03-17,TT,6.39,3842701387.90744
2023-03-18,TT,6.24,2874343521.086681
2023-03-19,TT,6.38,1928874891.8863857
2023-03-20,TT,6.24,2205389776.9361453
2023-03-21,TT,6.15,2539738864.6494555
2023-03-22,TT,5.93,1371029635.072045
2023-03-23,TT,6.1,2132587724.586186
2023-03-24,TT,5.95,1149604494.0004673
2023-03-25,TT,5.91,938437297.3068701
2023-03-26,TT,5.95,1236836588.350951
2023-03-27,TT,5.7,1402820021.8268456
2023-03-28,TT,5.69,1589948276.0628598
2023-03-29,TT,5.93,1927946776.188955
2023-03-30,TT,5.9,1581095549.4492273
2023-03-31,TT,6.01,1276786902.842396
2023-04-01,TT,6.13,4134590504.7784634
2023-04-02,TT,6.02,1765203171.3369942
2023-04-03,TT,6.02,2448268033.210417
2023-04-04,TT,6.12,1244935888.217364
2023-04-05,TT,6.35,3891620292.16043
2023-04-06,TT,6.52,9735610775.14759
2023-04-07,TT,6.34,4363252310.27659
2023-04-08,TT,6.57,4472328166.254409
2023-04-09,TT,6.41,3940287843.836868
2023-04-10,TT,6.43,2362979069.574241
2023-04-11,TT,6.41,2073477943.8839996
2023-04-12,TT,6.19,4446964152.838095
2023-04-13,TT,6.29,2206431930.2730327
2023-04-14,TT,6.29,1832052733.0486567
2023-04-15,TT,6.28,845113825.4367092
2023-04-16,TT,6.28,868053594.2505102
2023-04-17,TT,6.16,2056336971.012618
2023-04-18,TT,6.22,843218314.0762914
2023-04-19,TT,5.87,1769300611.1651382
2023-04-20,TT,6.03,1881203042.663107
2023-04-21,TT,5.91,3566589587.5851693
2023-04-22,TT,6.03,1314943075.6053224
2023-04-23,TT,5.94,482645764.367326
2023-04-24,TT,6.32,66620863333.46789
2023-04-25,TT,6.09,17389642088.58705
2023-04-26,TT,6.1,14198372519.63972
2023-04-27,TT,6.03,3029950851.4947233
2023-04-28,TT,6.78,203271647552.27188
2023-04-29,TT,6.48,81652567068.978
2023-04-30,TT,6.2,22567311614.415913
2023-05-01,TT,5.94,10013416182.827856
2023-05-02,TT,5.8,6457326912.058984
2023-05-03,TT,5.66,6752440282.534159
2023-05-04,TT,5.61,3970039488.1884065
2023-05-05,TT,5.7,3822643026.7709618
2023-05-06,TT,5.6,4010184467.3041553
2023-05-07,TT,5.64,3681588328.597584
2023-05-08,TT,5.24,3884020324.488847
2023-05-09,TT,5.27,2731172917.3998594
2023-05-10,TT,5.26,2042030087.3750477
2023-05-11,TT,5.12,959803593.2047892
2023-05-12,TT,5.07,1791505594.1172724
2023-05-13,TT,5.07,681856083.3700069
2023-05-14,TT,5.11,868869593.840072
2023-05-15,TT,5.1,703869087.3918327
2023-05-16,TT,5.1,4245306750.4167066
2023-05-17,TT,5.11,1674204005.2929
2023-05-18,TT,5.1,866086237.691951
2023-05-19,TT,5.14,1033731354.3394399
2023-05-20,TT,5.13,382655834.35454786
2023-05-21,TT,5.02,438946916.87068343
2023-05-22,TT,4.98,962380051.5588154
2023-05-23,TT,4.97,556978507.7135112
2023-05-24,TT,4.79,990423635.0642679
2023-05-25,TT,4.75,942661747.5257905
2023-05-26,TT,4.78,793594899.3300761
2023-05-27,TT,4.82,205008365.00234106
2023-05-28,TT,4.91,518583537.940781
2023-05-29,TT,4.84,782070816.6037697
2023-05-30,TT,4.82,1371208323.2763884
2023-05-31,TT,4.74,826945613.6335789
2023-06-01,TT,4.68,393441771.83076054
2023-06-02,TT,4.74,344260313.16781396
2023-06-03,TT,4.76,270092280.9512978
2023-06-04,TT,4.75,487487306.3323347
2023-06-05,TT,4.47,975112997.9555109
2023-06-06,TT,4.51,846607174.2033895
2023-06-07,TT,4.38,744239195.6742355
2023-06-08,TT,4.41,324640564.9892194
2023-06-09,TT,4.5,1554581628.161275
2023-06-10,TT,4.05,1887305122.0259552
2023-06-11,TT,4.15,3102230311.1267724
2023-06-12,TT,4.11,2243914680.3744054
2023-06-13,TT,4.04,447843121.50326496
2023-06-14,TT,3.95,650295735.4771345
2023-06-15,TT,3.99,703229606.0014875
2023-06-16,TT,4.04,531136262.2994809
2023-06-17,TT,4.06,658677533.9840654
2023-06-18,TT,4.03,317826648.40830755
2023-06-19,TT,4.07,272114615.84193057
2023-06-20,TT,4.12,489469460.3136676
2023-06-21,TT,4.29,1206932392.076217
2023-06-22,TT,4.28,1419284791.259695
2023-06-23,TT,4.52,1351995878.09132
2023-06-24,TT,4.67,2384779622.7372346
2023-06-25,TT,4.55,1790413133.938222
2023-06-26,TT,4.46,9528720175.759386
2023-06-27,TT,4.48,2318878639.0501175
2023-06-28,TT,4.31,815482913.933504
2023-06-29,TT,4.36,513167064.0023308
2023-06-30,TT,4.5,1571958491.7989535
2023-07-01,TT,4.63,2455934729.0588393
2023-07-02,TT,4.61,2645240265.2145743
2023-07-03,TT,4.63,1064155769.6579064
2023-07-04,TT,4.76,5576182616.435116
2023-07-05,TT,4.68,4763155902.433689
2023-07-06,TT,4.83,15542929090.460297
2023-07-07,TT,4.72,3638311228.5230007
2023-07-08,TT,4.87,1617092515.7451642
2023-07-09,TT,5.12,12671749308.046309
2023-07-10,TT,5.41,28707571682.510597
2023-07-11,TT,5.76,360898493671.1329
2023-07-12,TT,5.25,73399149692.13232
2023-07-13,TT,4.81,30929705741.8886
2023-07-14,TT,4.82,9675505037.893389
2023-07-15,TT,4.78,6025801351.553559
2023-07-16,TT,4.93,102705962865.47864
2023-07-17,TT,4.81,11488955063.40149
2023-07-18,TT,4.69,8356722204.816249
2023-07-19,TT,4.7,2827793169.6515946
2023-07-20,TT,4.66,2744458660.463758
2023-07-21,TT,4.78,5894318672.825156
2023-07-22,TT,5.13,14686699976.624577
2023-07-23,TT,5.04,171536343170.32016
2023-07-24,TT,4.79,22489018511.245525
2023-07-25,TT,4.82,7159157603.075066
2023-07-26,TT,4.77,19670417413.67763
2023-07-27,TT,4.74,2676992912.7123857
2023-07-28,TT,5.0,17423681561.78872
2023-07-29,TT,5.46,48202967604.089874
2023-07-30,TT,5.03,19933659924.176292
2023-07-31,TT,5.0,4265129499.5263634
2023-08-01,TT,5.01,3375749200.8943987
2023-08-02,TT,5.08,7684684004.738973
2023-08-03,TT,5.13,3628560785.085066
2023-08-04,TT,5.57,31934219949.10663
2023-08-05,TT,5.64,32182940019.254368
2023-08-06,TT,5.36,8100541498.818152
2023-08-07,TT,5.3,4935112701.101463
2023-08-08,TT,5.31,5944603394.6136675
2023-08-09,TT,5.35,3753747683.8147902
2023-08-10,TT,5.32,3192970532.9792933
2023-08-11,TT,5.48,6381630900.560585
2023-08-12,TT,5.42,2622635421.229237
2023-08-13,TT,5.32,2369909251.620468
2023-08-14,TT,5.31,3114554302.154978
2023-08-15,TT,5.04,3382746017.8164635
2023-08-16,TT,4.59,6445867634.557502
2023-08-17,TT,4.34,4135793988.2306747
2023-08-18,TT,4.47,3342865545.654268
2023-08-19,TT,4.58,1500239966.2139819
2023-08-20,TT,4.58,1523267563.25489
2023-08-21,TT,4.51,1285157365.0032938
2023-08-22,TT,4.44,775675997.1044285
2023-08-23,TT,4.55,772719084.7628466
2023-08-24,TT,4.57,999765279.6932226
2023-08-25,TT,4.63,1410213687.6035182
2023-08-26,TT,4.66,903794897.2684499
2023-08-27,TT,4.71,5013257085.634723
2023-08-28,TT,4.67,3249783085.247016
2023-08-29,TT,4.79,3180311767.978394
2023-08-30,TT,4.76,2069017885.7100298
2023-08-31,TT,4.64,1585208044.1743069
2023-09-01,TT,4.76,1454565379.1451774
2023-09-02,TT,4.89,2022901551.8284528
2023-09-03,TT,5.11,18622313257.40776
2023-09-04,TT,4.96,4514969613.247266
2023-09-05,TT,4.92,4667461417.201492
2023-09-06,TT,4.92,2714275896.0601783
2023-09-07,TT,4.9,1592589982.8500023
2023-09-08,TT,4.85,1178043810.0962687
2023-09-09,TT,4.85,486803760.5728449
2023-09-10,TT,4.71,1679626616.7417018
2023-09-11,TT,4.54,2489848328.891997
2023-09-12,TT,4.53,1539527700.1574728
2023-09-13,TT,4.63,1545505273.5357594
2023-09-14,TT,4.92,11766861100.700607
2023-09-15,TT,4.99,8949880021.730242
2023-09-16,TT,5.06,6043122947.233876
2023-09-17,TT,4.83,3189647853.032076
2023-09-18,TT,4.91,2438371582.3182874
2023-09-19,TT,5.05,2734937828.2672987
2023-09-20,TT,5.46,14952595717.949577
2023-09-21,TT,5.25,10915354930.51945
2023-09-22,TT,5.92,40589575528.20857
2023-09-23,TT,6.16,66637907985.84698
2023-09-24,TT,5.43,22346750133.995186
2023-09-25,TT,5.48,9690947815.189236
2023-09-26,TT,5.64,14292423682.03988
2023-09-27,TT,6.3,113146456469.84912
2023-09-28,TT,6.85,176531154795.38452
2023-09-29,TT,6.36,56579636240.96423
2023-09-30,TT,6.03,18817241518.34197
2023-10-01,TT,6.16,11000504379.895489
2023-10-02,TT,5.91,9848416515.709175
2023-10-03,TT,5.64,7482711030.097922
2023-10-04,TT,5.75,8431361813.336897
2023-10-05,TT,6.0,10961102800.12065
2023-10-06,TT,6.1,17824880999.19051
2023-10-07,TT,5.92,5006483612.068316
2023-10-08,TT,5.79,7140481088.184514
2023-10-09,TT,5.71,6027943372.7608795
2023-10-10,TT,5.54,4059966063.560772
2023-10-11,TT,5.41,4572568308.5255785
2023-10-12,TT,5.59,6389216147.499951
2023-10-13,TT,5.66,5913602237.463486
2023-10-14,TT,5.57,4022442993.357625
2023-10-15,TT,5.69,8378165991.965654
2023-10-16,TT,5.65,6962674376.238405
2023-10-17,TT,5.75,6714627224.022474
2023-10-18,TT,5.57,13957035092.093046
2023-10-19,TT,5.47,4039982677.7291355
2023-10-20,TT,5.6,3866276886.54749
2023-10-21,TT,5.68,2939302663.7631125
2023-10-22,TT,5.79,5448039387.380385
2023-10-23,TT,6.1,47345930514.635895
2023-10-24,TT,6.15,19582950401.032707
2023-10-25,TT,6.17,9035820258.480713
2023-10-26,TT,6.09,16753369793.3805
2023-10-27,TT,6.33,41386151058.46821
2023-10-28,TT,6.37,13984070200.55083
2023-10-29,TT,6.37,10654749670.753859
2023-10-30,TT,6.51,26010217388.790623
2023-10-31,TT,6.35,14679562221.747406
2023-11-01,TT,6.48,9830425559.723913
2023-11-02,TT,6.62,24748707149.73424
2023-11-03,TT,6.48,14385232834.609167
2023-11-04,TT,6.72,12680676377.950935
2023-11-05,TT,6.68,12611209832.285095
2023-11-06,TT,6.55,7382208823.883254
2023-11-07,TT,6.49,5526078028.954304
2023-11-08,TT,6.67,7538549803.738591
2023-11-09,TT,6.59,14530638579.502348
2023-11-10,TT,6.83,10993606392.0975
2023-11-11,TT,7.15,12904628098.340723
2023-11-12,TT,6.93,14190069695.203455
2023-11-13,TT,7.24,39874816729.955246
2023-11-14,TT,6.88,13398295344.313086
2023-11-15,TT,6.94,10484328637.136139
2023-11-16,TT,6.78,8226542670.489346
2023-11-17,TT,6.83,6301315978.030623
2023-11-18,TT,6.63,5749393030.503163
2023-11-19,TT,6.68,3436189809.208179
2023-11-20,TT,6.69,3697624499.982686
2023-11-21,TT,5.97,5175435103.885933
2023-11-22,TT,6.27,19644705496.18245
2023-11-23,TT,6.26,3318371334.1445146
2023-11-24,TT,6.4,2699608315.374363
2023-11-25,TT,6.39,2413806975.5950074
2023-11-26,TT,6.34,2488698115.084546
2023-11-27,TT,6.16,3685440846.785973
2023-11-28,TT,6.2,2537169769.247519
2023-11-29,TT,6.33,4124012840.461317
2023-11-30,TT,6.33,4153869399.4944634
2023-12-01,TT,6.44,6812308300.770504
2023-12-02,TT,6.56,3392308250.943727
2023-12-03,TT,6.7,6700008084.846706
2023-12-04,TT,6.85,29428332651.774994
2023-12-05,TT,6.86,6633985614.063647
2023-12-06,TT,6.9,15537113858.861797
2023-12-07,TT,7.06,9621866171.34679
2023-12-08,TT,7.19,11387656536.25112
2023-12-09,TT,7.29,13284670252.650536
2023-12-10,TT,7.09,7897196381.239735
2023-12-11,TT,6.77,11149692065.464045
2023-12-12,TT,7.09,19598481088.036484
2023-12-13,TT,7.11,32069982167.050907
2023-12-14,TT,7.03,9018862874.94482
2023-12-15,TT,6.89,3666585399.6185575
2023-12-16,TT,6.83,3001345278.9212937
2023-12-17,TT,6.67,2962969048.8520503
2023-12-18,TT,6.48,7263045632.396356
2023-12-19,TT,6.46,3191267032.5676556
2023-12-20,TT,6.57,3352694011.366213
2023-12-21,TT,6.65,3788089336.5683475
2023-12-22,TT,6.75,4271978030.5826583
2023-12-23,TT,6.8,2741234599.513529
2023-12-24,TT,6.59,3161953492.753015
2023-12-25,TT,6.64,2854367132.630484
2023-12-26,TT,6.64,11372735405.236042
2023-12-27,TT,6.75,5164647958.427182
2023-12-28,TT,6.8,7124458486.145667
2023-12-29,TT,6.67,4231099974.3684735
2023-12-30,TT,6.6,2124450337.8307977
2023-12-31,TT,6.62,2196519899.123475
2024-01-01,TT,6.71,2409924189.6352577
2024-01-02,TT,6.78,4219357203.23664
2024-01-03,TT,6.55,8903912467.11503
2024-01-04,TT,6.5,2692143036.2861247
2024-01-05,TT,6.3,2198348179.839094
2024-01-06,TT,6.4,3862157069.365101
2024-01-07,TT,6.08,3009049628.9894776
2024-01-08,TT,6.22,4404087221.188392
2024-01-09,TT,5.96,13900543514.34451
2024-01-10,TT,6.24,5387652667.214524
2024-01-11,TT,6.38,5802254637.974308
2024-01-12,TT,6.18,4196540307.600139
2024-01-13,TT,6.2,1473724351.9693017
2024-01-14,TT,6.14,3338628303.8650436
2024-01-15,TT,6.27,2329267203.467038
2024-01-16,TT,6.37,1836058827.6280031
2024-01-17,TT,6.48,9241947739.723146
2024-01-18,TT,6.19,3114116278.8894644
2024-01-19,TT,6.16,1906431993.6224604
2024-01-20,TT,6.15,565898835.5396475
2024-01-21,TT,6.14,805375811.9408394
2024-01-22,TT,5.89,2317276833.519682
2024-01-23,TT,5.81,2181354006.426586
2024-01-24,TT,5.85,1090240870.2309725
2024-01-25,TT,5.93,3747881342.888069
2024-01-26,TT,6.0,1373698996.3890562
2024-01-27,TT,6.0,749466614.7513248
2024-01-28,TT,5.9,925495230.207944
2024-01-29,TT,5.916,811798346.2898086
2024-01-30,TT,5.854,940736359.2749741
2024-01-31,TT,5.745,933339688.7207062
2024-02-01,TT,5.749,707620015.7448664
2024-02-02,TT,5.8,478066934.16762805
2024-02-03,TT,5.806,426676969.6706545
2024-02-04,TT,5.717,461635694.5698783
2024-02-05,TT,5.664,691910442.1634007
2024-02-06,TT,5.657,539588189.3782834
2024-02-07,TT,5.64,1067328896.5376856
2024-02-08,TT,5.72,4069194018.323049
2024-02-09,TT,5.777,1283836794.3527777
2024-02-10,TT,5.733,821579776.2777213
2024-02-11,TT,5.796,801536666.6814308
2024-02-12,TT,5.791,967259651.4942337
2024-02-13,TT,5.751,1581445444.973382
2024-02-14,TT,5.859,1366192192.9549391
2024-02-15,TT,6.001,2641903235.8245296
2024-02-16,TT,6.75,158764727853.2053
2024-02-17,TT,6.655,73149947047.74951
2024-02-18,TT,6.479,13263033409.06174
2024-02-19,TT,6.428,7948314671.735892
2024-02-20,TT,6.333,7028766995.037267
2024-02-21,TT,6.306,4238601309.9867897
2024-02-22,TT,6.46,15413927733.273346
2024-02-23,TT,6.546,10482336054.638313
2024-02-24,TT,6.331,4317251610.968815
2024-02-25,TT,6.269,2696670431.480668
2024-02-26,TT,6.296,3027980850.7829742
2024-02-27,TT,6.356,4573117291.098717
2024-02-28,TT,6.537,10625416366.61579
2024-02-29,TT,7.18,82320554079.84952
2024-03-01,TT,8.634,258253977990.84918
2024-03-02,TT,8.024,36768498676.891525
2024-03-03,TT,7.776,17192599196.058155
2024-03-04,TT,8.131,11805038007.586882
2024-03-05,TT,7.72,16589616729.824526
2024-03-06,TT,7.915,12913475143.855604
2024-03-07,TT,8.068,8382042511.969149
2024-03-08,TT,8.331,29885434202.644894
2024-03-09,TT,8.983,112670230704.99995
2024-03-10,TT,8.801,19081485144.640636
2024-03-11,TT,8.96,14358115760.612104
2024-03-12,TT,9.228,35931146556.69133
2024-03-13,TT,9.56,45845825597.02805
2024-03-14,TT,9.305,21060853716.433567
2024-03-15,TT,8.963,44887417181.077484
2024-03-16,TT,8.122,6499804224.935377
2024-03-17,TT,8.315,8766582780.498894
2024-03-18,TT,8.01,3540056687.529103
2024-03-19,TT,7.473,102897605978.1664
2024-03-20,TT,7.997,15813393805.975193
2024-03-21,TT,8.051,12385077126.880922
2024-03-22,TT,7.887,8648928212.418638
2024-03-23,TT,8.064,4633770408.446515
2024-03-24,TT,8.19,3344856072.7026668
2024-03-25,TT,8.438,6616184681.2578535
2024-03-26,TT,8.957,11742054427.728756
2024-03-27,TT,8.647,11137072737.749758
2024-03-28,TT,8.693,5390454687.6759405
2024-03-29,TT,8.505,4033773582.0627
2024-03-30,TT,8.438,2311223419.9876933
2024-03-31,TT,8.496,4037914257.3951287
2024-04-01,TT,8.053,4970330367.369752
2024-04-02,TT,7.49,5449200255.660407
2024-04-03,TT,7.437,3288753228.0434923
2024-04-04,TT,7.775,2535770165.5713644
2024-04-05,TT,7.72,2932615973.16721
2024-04-06,TT,7.736,1246468849.7442815
2024-04-07,TT,7.735,1346833913.6003385
2024-04-08,TT,8.013,7345661384.021971
2024-04-09,TT,7.79,2820783349.236604
2024-04-10,TT,7.929,4381833593.108831
2024-04-11,TT,8.187,4539633940.033941
2024-04-12,TT,7.521,7647568372.094237
2024-04-13,TT,6.703,5238853100.650301
2024-04-14,TT,7.071,3486298098.045421
2024-04-15,TT,6.891,2792302165.278432
2024-04-16,TT,6.739,2371566880.123678
2024-04-17,TT,6.493,2194246988.834924
2024-04-18,TT,6.601,2028390932.695227
2024-04-19,TT,6.591,1830678265.5555408
2024-04-20,TT,7.119,2370058759.1915894
2024-04-21,TT,7.006,23808952221.709213
2024-04-22,TT,7.104,3504607148.638077
2024-04-23,TT,7.176,6252842868.208813
2024-04-24,TT,6.89,3499975659.7313285
2024-04-25,TT,6.83,2445173698.451588
2024-04-26,TT,6.77,1152936986.3330436
2024-04-27,TT,6.833,1431956841.5945406
2024-04-28,TT,6.611,1208387677.9145098
2024-04-29,TT,6.527,15251828474.368742
2024-04-30,TT,6.196,3303313340.093446
2024-05-01,TT,6.04,3307051131.637809
2024-05-02,TT,5.973,2999474637.1761026
2024-05-03,TT,6.221,1904903452.138173
2024-05-04,TT,6.268,1209615921.0739207
2024-05-05,TT,6.259,831465850.379473
2024-05-06,TT,6.41,14479137898.758797
2024-05-07,TT,6.36,17925212027.071697
2024-05-08,TT,6.258,24782575580.32048
2024-05-09,TT,6.329,3602268702.2554226
2024-05-10,TT,6.129,2162925311.598928
2024-05-11,TT,6.09,1005130790.4472054
2024-05-12,TT,6.079,698390405.7325552
2024-05-13,TT,6.221,59116651998.43898
2024-05-14,TT,7.317,271474835558.33624
2024-05-15,TT,7.469,159972854425.89734
2024-05-16,TT,6.981,37386547684.02074
2024-05-17,TT,6.924,15704382250.912954
2024-05-18,TT,6.836,6851965468.090698
2024-05-19,TT,6.502,4369271536.5395355
2024-05-20,TT,6.678,6442565797.692229
2024-05-21,TT,6.585,4467271106.481328
2024-05-22,TT,6.684,30653904176.828926
2024-05-23,TT,6.47,6669817606.203293
2024-05-24,TT,6.458,2410721930.4853997
2024-05-25,TT,6.453,1362388401.9795687
2024-05-26,TT,6.397,1280953871.1372025
2024-05-27,TT,6.382,2420124601.676579
2024-05-28,TT,6.317,1802155478.4934554
2024-05-29,TT,6.285,1889365550.774959
2024-05-30,TT,6.137,2740640263.1592093
2024-05-31,TT,6.123,1117594803.2911446
2024-06-01,TT,6.118,498815257.78029454
2024-06-02,TT,6.04,1286572840.0593214
2024-06-03,TT,5.91,3388985731.324976
2024-06-04,TT,5.9,1585794211.0191667
2024-06-05,TT,5.92,709018690.4988136
2024-06-06,TT,5.855,760711227.9416728
2024-06-07,TT,5.757,2048827290.4640157
2024-06-08,TT,5.68,1152195959.1874597
2024-06-09,TT,5.67,672848470.7465657
2024-06-10,TT,5.552,739889530.7906018
2024-06-11,TT,5.248,1676548076.808471
2024-06-12,TT,5.354,1247047745.3336298
2024-06-13,TT,5.263,915292976.7311038
2024-06-14,TT,5.37,7379860784.789679
2024-06-15,TT,5.27,1571667956.1577597
2024-06-16,TT,4.923,2140708459.6665428
2024-06-17,TT,4.35,6404464308.797551
2024-06-18,TT,4.15,2588998064.872475
2024-06-19,TT,4.261,1363085981.5359836
2024-06-20,TT,4.359,1023491674.6863117
2024-06-21,TT,4.359,657333457.5859534
2024-06-22,TT,4.381,750110220.959492
2024-06-23,TT,4.206,469371491.6817344
2024-06-24,TT,4.241,1045370605.5854053
2024-06-25,TT,4.414,4969806350.810523
2024-06-26,TT,4.514,9257375808.380745
2024-06-27,TT,4.499,1258116918.7518015
2024-06-28,TT,4.439,1212947235.4141862
2024-06-29,TT,4.431,605639283.0298136
2024-06-30,TT,4.453,578701659.1598339
2024-07-01,TT,4.389,1153992508.506402
2024-07-02,TT,4.341,326556385.3089087
2024-07-03,TT,4.259,671800482.4627452
2024-07-04,TT,4.058,1620480228.544923
2024-07-05,TT,4.01,4155005498.966491
2024-07-06,TT,4.141,786717558.5998583
2024-07-07,TT,4.12,1349441196.7869792
2024-07-08,TT,4.185,1472768519.7205725
2024-07-09,TT,4.31,2452476521.427318
2024-07-10,TT,4.528,19168037141.196926
2024-07-11,TT,4.41,6105680702.280845
2024-07-12,TT,4.48,1111852162.8852975
2024-07-13,TT,4.499,774268321.6089435
2024-07-14,TT,4.499,815969616.4538798
2024-07-15,TT,4.621,1109201542.9858162
2024-07-16,TT,4.632,3056573902.78229
2024-07-17,TT,4.58,1611541358.8784237
2024-07-18,TT,4.6,911822154.7001383
2024-07-19,TT,4.771,5787272831.38717
2024-07-20,TT,4.917,2101011050.1563191
2024-07-21,TT,4.828,1182397511.5780761
2024-07-22,TT,4.654,1884780764.1894994
2024-07-23,TT,4.93,14146301586.900328
2024-07-24,TT,4.89,6312016027.256515
2024-07-25,TT,4.679,2589964476.546633
2024-07-26,TT,5.329,28464108052.689476
2024-07-27,TT,5.177,9939357894.015623
2024-07-28,TT,5.13,2916163650.763074
2024-07-29,TT,5.031,2635685287.568988
2024-07-30,TT,4.909,1884881085.548166
2024-07-31,TT,4.771,815204726.4043788
2024-08-01,TT,4.694,9555498380.7333
2024-08-02,TT,4.451,2982497158.6893997
2024-08-03,TT,4.373,2079261473.387307
2024-08-04,TT,4.121,1083342810.7381058
2024-08-05,TT,4.301,12909697655.640684
2024-08-06,TT,4.358,3399685744.152088
2024-08-07,TT,4.286,1533384273.4785817
2024-08-08,TT,4.556,1956774749.9956756
2024-08-09,TT,4.613,4016108217.8529253
2024-08-10,TT,4.698,3488316138.5124288
2024-08-11,TT,4.426,1363776004.5320034
2024-08-12,TT,4.451,1102936819.2313042
2024-08-13,TT,4.505,2103280437.880944
2024-08-14,TT,4.403,1018624033.077386
2024-08-15,TT,4.414,3022153591.5690913
2024-08-16,TT,4.371,571807828.4821881
2024-08-17,TT,4.44,3691760308.090674
2024-08-18,TT,4.386,726246077.0370116
2024-08-19,TT,4.434,8550879208.139172
2024-08-20,TT,4.487,1329329010.1109397
2024-08-21,TT,4.519,802910470.16702
2024-08-22,TT,4.515,949433678.885091
2024-08-23,TT,4.633,1233500417.372239
2024-08-24,TT,4.67,1023227359.8456608
2024-08-25,TT,4.59,1457732097.233395
2024-08-26,TT,4.498,2733837716.1422815
2024-08-27,TT,4.356,821298012.807746
2024-08-28,TT,4.287,2058983214.0222666
2024-08-29,TT,4.289,415154776.1222148
2024-08-30,TT,4.26,713983107.8610212
2024-08-31,TT,4.425,3331127101.9050393
2024-09-01,TT,4.233,1574444035.7876449
2024-09-02,TT,4.28,920109508.6709411
2024-09-03,TT,4.102,754888505.5553337
2024-09-04,TT,4.13,1572816615.796349
2024-09-05,TT,4.075,856945359.7164716
2024-09-06,TT,3.981,633122597.5817604
2024-09-07,TT,4.013,239857838.33668563
2024-09-08,TT,4.065,270358580.2169971
2024-09-09,TT,4.163,402904638.30614847
2024-09-10,TT,4.194,1686109101.28189
2024-09-11,TT,4.132,666841918.3887227
2024-09-12,TT,4.171,396956742.1459232
2024-09-13,TT,4.255,1755329407.381781
2024-09-14,TT,4.24,481422196.27603793
2024-09-15,TT,4.211,415779719.54035425
2024-09-16,TT,4.193,2398785138.678342
2024-09-17,TT,4.28,1257221570.4739976
2024-09-18,TT,4.28,776720126.744611
2024-09-19,TT,4.395,1047640368.3624645
2024-09-20,TT,4.595,3397252956.8157544
2024-09-21,TT,4.817,3544289113.4693885
2024-09-22,TT,4.638,1773562374.634799
2024-09-23,TT,4.916,4528776186.255483
2024-09-24,TT,4.85,2824603021.7775455
2024-09-25,TT,4.97,10106326072.30388
2024-09-26,TT,4.9,2277401690.1441493
2024-09-27,TT,4.91,1395678181.0759897
2024-09-28,TT,4.783,1349864192.1277826
2024-09-29,TT,4.76,657005772.5825878
2024-09-30,TT,4.6,1166930076.513011
2024-10-01,TT,4.445,1056868431.8034347
2024-10-02,TT,4.38,2083014704.6202993
2024-10-03,TT,4.35,1244003949.533801
2024-10-04,TT,4.49,413737128.3995032
2024-10-05,TT,4.523,498726820.97602296
2024-10-06,TT,4.55,623702557.7677612
2024-10-07,TT,4.643,10142773687.82986
2024-10-08,TT,4.571,1149360008.0060954
2024-10-09,TT,4.478,800333438.1449187
2024-10-10,TT,4.455,2485075593.2928824
2024-10-11,TT,4.559,724361480.5619044
2024-10-12,TT,4.56,461745319.5748011
2024-10-13,TT,4.471,777450543.6676073
2024-10-14,TT,4.575,649586709.9562658
2024-10-15,TT,4.605,3808970486.24736
2024-10-16,TT,4.618,933180944.0327189
2024-10-17,TT,4.667,2276568944.816956
2024-10-18,TT,4.698,841672545.6050898
2024-10-19,TT,4.679,729907777.31904
2024-10-20,TT,4.671,810987545.9487001
2024-10-21,TT,4.572,1546922429.7791624
2024-10-22,TT,4.554,2755805253.1824865
2024-10-23,TT,4.487,1340382228.9581544
2024-10-24,TT,4.498,408342713.8524607
2024-10-25,TT,4.314,873250566.6816498
2024-10-26,TT,4.308,978122894.1310407
2024-10-27,TT,4.317,254280569.3496955
2024-10-28,TT,4.33,383929799.6119643
2024-10-29,TT,4.432,562978403.2359892
2024-10-30,TT,4.406,237956234.08581823
2024-10-31,TT,4.29,400810399.61983216
2024-11-01,TT,4.251,1429950554.305746
2024-11-02,TT,4.174,653869303.4758499
2024-11-03,TT,4.052,630444476.0462884
2024-11-04,TT,4.021,1258333943.2218297
2024-11-05,TT,4.092,350394624.6922851
2024-11-06,TT,4.311,1428033675.1939123
2024-11-07,TT,4.38,1057110851.1767008
2024-11-08,TT,4.479,1688889910.942713
2024-11-09,TT,4.505,1003675078.0139092
2024-11-10,TT,4.702,4791706188.792986
2024-11-11,TT,4.933,4209996493.747433
2024-11-12,TT,5.155,53753304891.095695
2024-11-13,TT,4.87,7707740218.882883
2024-11-14,TT,4.672,2318613044.5735393
2024-11-15,TT,4.901,3910762937.8595133
2024-11-16,TT,5.208,8266248331.848372
2024-11-17,TT,4.949,2328285647.89608
2024-11-18,TT,5.19,3986358458.5445566
2024-11-19,TT,5.514,20240963249.07968
2024-11-20,TT,5.163,12283073387.69673
2024-11-21,TT,5.312,7392634925.305336
2024-11-22,TT,5.58,36878458688.45483
2024-11-23,TT,5.729,10865809128.18774
2024-11-24,TT,5.761,9234278817.739338
2024-11-25,TT,6.249,12870390434.869726
2024-11-26,TT,6.649,14299712647.08341
2024-11-27,TT,6.675,8954872542.81636
2024-11-28,TT,6.451,4559002570.802512
2024-11-29,TT,6.602,12282522765.099844
2024-11-30,TT,6.606,4827600713.130901
2024-12-01,TT,6.534,5028931785.796218
2024-12-02,TT,6.431,8269838898.015237
2024-12-03,TT,6.831,21529470677.986286
2024-12-04,TT,6.959,13263486867.692684
2024-12-05,TT,6.76,9513716124.394733
2024-12-06,TT,6.797,12579015423.573097
2024-12-07,TT,6.662,4259259292.4756007
2024-12-08,TT,6.752,3119396622.470829
2024-12-09,TT,5.998,10491487444.040865
2024-12-10,TT,5.634,5307430309.83091
2024-12-11,TT,5.935,3635917285.1107793
2024-12-12,TT,6.025,3647102529.991076
2024-12-13,TT,6.06,3795112366.794195
2024-12-14,TT,6.189,9531802488.361721
2024-12-15,TT,6.106,4232553193.2642684
2024-12-16,TT,5.888,3069351454.113618
2024-12-17,TT,5.6,2332089200.1823173
2024-12-18,TT,5.178,2150470957.7665634
2024-12-19,TT,5.175,2433346329.5728154
2024-12-20,TT,5.346,3290030515.554028
2024-12-21,TT,5.262,2136787686.188949
2024-12-22,TT,5.453,3647206016.263976
2024-12-23,TT,5.611,3943401557.713343
2024-12-24,TT,5.606,1603292284.4465053
2024-12-25,TT,5.499,1531726314.5454564
2024-12-26,TT,5.267,1195123032.1947548
2024-12-27,TT,5.32,1019009551.6444275
2024-12-28,TT,5.528,1406632748.2451031
2024-12-29,TT,5.433,1400094278.9186854
2024-12-30,TT,5.335,4196724434.3935037
2024-12-31,TT,5.307,1133903893.9566598
2025-01-01,TT,5.297,687386153.846349
2025-01-02,TT,5.3,800295210.2888923
2025-01-03,TT,5.45,2446813443.6196256
2025-01-04,TT,5.441,1382058364.9077938
2025-01-05,TT,5.599,2197462057.6499157
2025-01-06,TT,5.822,3929668962.3726096
2025-01-07,TT,5.407,2460205610.612138
2025-01-08,TT,5.816,18042998571.64212
2025-01-09,TT,6.829,76783937633.14224
2025-01-10,TT,7.016,240151330905.23785
2025-01-11,TT,6.641,17088423237.433542
2025-01-12,TT,6.244,9427356203.664814
2025-01-13,TT,5.769,7951117059.407178
2025-01-14,TT,6.029,9389525434.606503
2025-01-15,TT,6.1,23491963040.25236
2025-01-16,TT,5.84,5931958645.854513
2025-01-17,TT,5.915,4488229159.01387
2025-01-18,TT,5.679,3272688560.7918754
2025-01-19,TT,5.382,4496589129.137965
2025-01-20,TT,5.404,5219204779.191188
2025-01-21,TT,5.368,1748448740.1941588
2025-01-22,TT,5.4,6014903185.980807
2025-01-23,TT,5.28,1971082368.2872167
2025-01-24,TT,5.302,1290564526.4024804
2025-01-25,TT,5.559,5487844407.195358
2025-01-26,TT,5.799,9593414964.31351
2025-01-27,TT,5.45,2706766571.992727
2025-01-28,TT,5.329,1247601025.1324985
2025-01-29,TT,5.4,18872250033.912926
2025-01-30,TT,5.4,1864252530.724908
2025-01-31,TT,5.407,2470001207.471588
2025-02-01,TT,5.285,1407776942.378212
2025-02-02,TT,5.032,4164891396.523005
2025-02-03,TT,5.032,2927172779.578714
2025-02-04,TT,4.736,1140886485.6626143
2025-02-05,TT,4.723,4349484857.0794935
2025-02-06,TT,4.73,1112896129.974515
2025-02-07,TT,4.682,642349229.3785425
2025-02-08,TT,4.76,273805796.6454692
2025-02-09,TT,4.887,1570455562.0937517
2025-02-10,TT,4.881,2208365686.0851827
2025-02-11,TT,4.722,925669756.2232876
2025-02-12,TT,4.85,10260295305.849573
2025-02-13,TT,5.04,11043072333.824924
2025-02-14,TT,4.915,1820482141.3699892
2025-02-15,TT,4.844,834710926.0326943
2025-02-16,TT,4.822,743934508.4713713
2025-02-17,TT,4.8,1200279811.8562028
2025-02-18,TT,4.684,1084119156.9584708
2025-02-19,TT,4.679,424057157.7710864
2025-02-20,TT,4.741,439583988.92036325
2025-02-21,TT,4.625,742346292.8031274
2025-02-22,TT,5.22,182118940522.3626
2025-02-23,TT,4.905,49878496075.1253
2025-02-24,TT,4.393,9629488026.361734
2025-02-25,TT,4.338,5832751463.140242
2025-02-26,TT,4.274,1166182389.1002953
2025-02-27,TT,4.301,1253449024.082232
2025-02-28,TT,4.291,9343043389.866276
2025-03-01,TT,4.389,2997573051.532793
2025-03-02,TT,4.548,3076397949.8292556
2025-03-03,TT,4.153,1819911218.7979243
2025-03-04,TT,4.059,1468121662.5622344
2025-03-05,TT,4.162,1927273868.6252565
2025-03-06,TT,4.116,1506226154.9619255
2025-03-07,TT,4.078,518709417.65036565
2025-03-08,TT,4.081,339257380.26460314
2025-03-09,TT,3.938,619015785.4312917
2025-03-10,TT,3.881,881591087.7293795
2025-03-11,TT,3.961,959374694.0434433
2025-03-12,TT,3.991,517765649.9895746
2025-03-13,TT,3.945,637213246.2959244
2025-03-14,TT,4.016,315602707.0421419
2025-03-15,TT,4.04,280808414.71070105
2025-03-16,TT,4.048,9249335861.520193
2025-03-17,TT,4.14,1088784887.9297528
2025-03-18,TT,4.135,999747571.85524
2025-03-19,TT,4.222,1087977699.4559581
2025-03-20,TT,4.14,495422278.6280803
2025-03-21,TT,4.11,746194263.4665037
2025-03-22,TT,4.105,410397555.73267806
2025-03-23,TT,4.068,378360060.65407634
2025-03-24,TT,4.123,642091452.1939769
2025-03-25,TT,4.131,471144790.97774565
2025-03-26,TT,4.151,622230729.5752801
2025-03-27,TT,4.149,1021895458.2845824
2025-03-28,TT,3.949,821482291.4875023
2025-03-29,TT,3.907,390958853.8831695
2025-03-30,TT,3.915,166199165.06946862
2025-03-31,TT,3.862,2015536877.8128574
2025-04-01,TT,3.861,382216521.69364864
2025-04-02,TT,3.691,853951178.4400011
2025-04-03,TT,3.688,1237804957.8746557
2025-04-04,TT,3.719,535798753.9505193
2025-04-05,TT,3.721,175573949.7786523
2025-04-06,TT,3.59,560221130.7867882
2025-04-07,TT,3.887,23968745798.45024
2025-04-08,TT,3.799,9087052758.752151
2025-04-09,TT,3.975,3760500676.4442334
2025-04-10,TT,3.959,3093983680.902833
2025-04-11,TT,3.881,1489489335.5707242
2025-04-12,TT,3.914,772404322.9405632
2025-04-13,TT,3.841,781395092.1585445
2025-04-14,TT,3.792,636859241.4804164
2025-04-15,TT,3.878,1064985082.1670934
2025-04-16,TT,4.087,3382892966.1527367
2025-04-17,TT,4.152,3027367552.484386
2025-04-18,TT,4.265,34985928859.691925
2025-04-19,TT,4.311,12033489913.29516
2025-04-20,TT,4.194,3927038992.756146
2025-04-21,TT,4.517,39360721312.297966
2025-04-22,TT,5.586,328553391265.0441
2025-04-23,TT,4.905,94762276158.22047
2025-04-24,TT,4.786,12319006594.441525
2025-04-25,TT,4.795,23758020583.571556
2025-04-26,TT,4.672,6210060708.980626
2025-04-27,TT,4.555,3677917168.689673
2025-04-28,TT,4.596,3395033505.6700726
2025-04-29,TT,4.525,3015955473.8331537
2025-04-30,TT,4.429,2583403994.9083076
2025-05-01,TT,4.443,1366077213.9196265
2025-05-02,TT,4.412,1284791618.6785464
2025-05-03,TT,4.493,1724806819.7033687
2025-05-04,TT,4.279,2304376986.581587
2025-05-05,TT,4.262,1016684238.2830256
2025-05-06,TT,4.147,1321543443.0916753
2025-05-07,TT,4.139,724791157.582766
2025-05-08,TT,4.335,1733257744.4755924
2025-05-09,TT,4.451,2817651571.546678
2025-05-10,TT,4.52,1513886517.6162956
2025-05-11,TT,4.423,1450464601.5428994
2025-05-12,TT,4.459,1583410169.5629504
2025-05-13,TT,4.446,6352758312.529085
2025-05-14,TT,4.418,1888462967.631382
2025-05-15,TT,4.217,1474664561.0587153
2025-05-16,TT,4.243,673245507.0798765
2025-05-17,TT,4.163,1927223739.0964682
2025-05-18,TT,4.135,1375921466.1183047
2025-05-19,TT,4.101,1770053639.6669886
2025-05-20,TT,4.067,680290443.952151
2025-05-21,TT,4.085,883432657.8899258
2025-05-22,TT,4.21,945447041.680817
2025-05-23,TT,4.11,1101549630.0161881
2025-05-24,TT,4.12,455653169.67786753
2025-05-25,TT,4.085,547825022.1186966
2025-05-26,TT,4.018,416436357.2988814
2025-05-27,TT,4.037,368072047.46237457
2025-05-28,TT,3.983,413507774.5166508
2025-05-29,TT,3.987,382242815.97498155
2025-05-30,TT,3.808,1083210173.5402727
2025-05-31,TT,3.801,615903083.8817589
2025-06-01,TT,3.802,339779181.66642475
2025-06-02,TT,3.928,1349354218.4995599
2025-06-03,TT,3.963,482684040.0620784
2025-06-04,TT,3.909,274880359.40324146
2025-06-05,TT,3.785,399129775.16767466
2025-06-06,TT,3.86,220515976.2115377
2025-06-07,TT,3.861,147910130.8177415
2025-06-08,TT,3.9,177862455.30770692
2025-06-09,TT,3.931,510724628.05946535
2025-06-10,TT,3.975,538803605.9620354
2025-06-11,TT,4.022,452550204.7244575
2025-06-12,TT,3.9,492483523.10758257
2025-06-13,TT,3.807,530102245.21980757
2025-06-14,TT,3.849,122420134.44705944
2025-06-15,TT,3.823,231352678.1265693
2025-06-16,TT,3.825,634284375.3909345
2025-06-17,TT,3.935,11168506839.986729
2025-06-18,TT,3.859,1978298266.8795085
2025-06-19,TT,3.771,1214474912.3313785
2025-06-20,TT,3.762,723192824.2276113
2025-06-21,TT,3.648,541662620.3411587
2025-06-22,TT,3.487,794073894.5098087
2025-06-23,TT,3.626,473380015.6395298
2025-06-24,TT,3.669,430573103.11053956
2025-06-25,TT,3.751,721348370.1858599
2025-06-26,TT,3.679,843400801.8493055
2025-06-27,TT,3.66,230897817.04614362
2025-06-28,TT,3.683,137634917.2769432
2025-06-29,TT,3.72,142478198.39804867
2025-06-30,TT,3.651,519765106.747663
2025-07-01,TT,3.647,432121020.8195405
2025-07-02,TT,3.831,3102451838.646734
2025-07-03,TT,3.933,2944989007.8139105
2025-07-04,TT,3.975,8492352614.823572
2025-07-05,TT,3.883,821850347.5331441
2025-07-06,TT,3.82,538286511.9000019
2025-07-07,TT,3.804,720890324.6419729
2025-07-08,TT,3.86,697401049.5218415
2025-07-09,TT,3.892,326560149.2012527
2025-07-10,TT,3.959,1061310432.1033896
2025-07-11,TT,3.97,1422771613.8934312
2025-07-12,TT,4.159,2547057432.4226127
2025-07-13,TT,4.156,903668967.989477
2025-07-14,TT,4.19,2435605180.9868193
2025-07-15,TT,4.165,1327461493.8449254
2025-07-16,TT,4.153,940488791.2260389
2025-07-17,TT,4.185,1548032995.990168
2025-07-18,TT,4.316,3224213106.9111004
2025-07-19,TT,4.264,986700286.0167972
2025-07-20,TT,4.331,1457073505.8926554
2025-07-21,TT,4.334,2222715672.0727515
2025-07-22,TT,4.406,4064338469.6530433
2025-07-23,TT,4.234,2625881918.167792
2025-07-24,TT,4.128,960535444.799187
2025-07-25,TT,4.101,835871269.6358366
2025-07-26,TT,4.1,385315718.70801014
2025-07-27,TT,4.141,449952900.6426424
2025-07-28,TT,4.057,515414369.3334278
2025-07-29,TT,4.039,537123739.5967331
2025-07-30,TT,4.19,4761022779.091255
2025-07-31,TT,4.06,7156406356.501212
2025-08-01,TT,3.98,2443076916.9085665
2025-08-02,TT,3.93,500939645.16882145
2025-08-03,TT,4.0,374941304.37300587
2025-08-04,TT,4.01,457016248.79233515
2025-08-05,TT,3.97,703167332.3585123
2025-08-06,TT,3.94,515316858.1006793
2025-08-07,TT,4.0,523170197.69732153
2025-08-08,TT,4.0,454718157.4582306
2025-08-09,TT,4.05,1125607478.0787134
2025-08-10,TT,4.06,712365098.5231987
2025-08-11,TT,3.96,573782876.641895
2025-08-12,TT,4.01,696167383.5912397
2025-08-13,TT,4.01,770070745.1170117
2025-08-14,TT,3.89,1075588249.8722517
2025-08-15,TT,3.9,368570399.7671401
2025-08-16,TT,3.9,274305751.0135673
2025-08-17,TT,3.89,177747261.4679159
2025-08-18,TT,3.85,681821382.255281
2025-08-19,TT,3.71,355820138.5508173
2025-08-20,TT,3.79,359024877.91165394
2025-08-21,TT,3.7,941179254.3928776
2025-08-22,TT,3.8,1029480081.7959096
2025-08-23,TT,3.78,337219144.85151374
2025-08-24,TT,3.73,420619406.10046333
2025-08-25,TT,3.69,518815570.9246225
2025-08-26,TT,3.72,537102351.7103974
2025-08-27,TT,3.79,7489714098.374786
2025-08-28,TT,3.81,2239349551.4387217
2025-08-29,TT,3.86,46511985612.743866
2025-08-30,TT,3.73,5479821402.6678705
2025-08-31,TT,3.68,2073072203.765425
2025-09-01,TT,3.58,3761747511.3890266
2025-09-02,TT,3.62,858315553.4667704
2025-09-03,TT,3.61,348997492.4222444
2025-09-04,TT,3.53,638065528.3288089
2025-09-05,TT,3.54,518235770.6481686
2025-09-06,TT,3.54,217691785.295611
2025-09-07,TT,3.54,592201946.6018493
2025-09-08,TT,3.56,607684301.7143555
2025-09-09,TT,3.58,823889217.6237028
2025-09-10,TT,3.6,556996844.6752443
2025-09-11,TT,3.58,562354106.3192371
2025-09-12,TT,3.63,446224354.24141914
2025-09-13,TT,3.67,717378831.8962728
2025-09-14,TT,3.64,350578777.88059837
2025-09-15,TT,3.55,655712572.2320487
2025-09-16,TT,3.58,270723237.80548084
2025-09-17,TT,3.59,426219592.86833376
2025-09-18,TT,3.59,340859210.16768795
2025-09-19,TT,3.57,434365886.80444485
2025-09-20,TT,3.58,426061940.4958719
2025-09-21,TT,3.55,189131205.24021307
2025-09-22,TT,3.42,1241397462.0030117
2025-09-23,TT,3.41,992380287.0532186
2025-09-24,TT,3.37,433244910.6534456
2025-09-25,TT,3.27,794093813.2272084
2025-09-26,TT,3.19,1425482889.3402529
2025-09-27,TT,3.14,647727370.650039
2025-09-28,TT,3.07,1941627265.8669057
2025-09-29,TT,3.03,1031706020.2734675
2025-09-30,TT,3.01,1837918090.6369867
2025-10-01,TT,3.08,423234040.0551685
2025-10-02,TT,3.14,557394232.214892
2025-10-03,TT,3.16,391802819.22062397
2025-10-04,TT,3.16,117776487.2158697
2025-10-05,TT,3.14,164410765.98125902
2025-10-06,TT,3.16,210051862.46851897
2025-10-07,TT,3.0,614181317.183331
2025-10-08,TT,3.02,369035287.5646769
2025-10-09,TT,3.06,6647870746.369972
2025-10-10,TT,2.58,1624564385.781893
2025-10-11,TT,2.53,1334971542.4599507
2025-10-12,TT,2.63,429056986.1503352
2025-10-13,TT,2.72,718246646.8418703
2025-10-14,TT,2.78,4465166325.6771345
2025-10-15,TT,2.69,540758617.531484
2025-10-16,TT,2.62,512335248.09919935
2025-10-17,TT,2.57,319164178.513273
2025-10-18,TT,2.61,197504801.81023183
2025-10-19,TT,2.62,153411744.6897484
2025-10-20,TT,2.65,160997397.85172075
2025-10-21,TT,2.6,231487521.5035306
2025-10-22,TT,2.55,147066057.49348205
2025-10-23,TT,2.55,99147101.77413854
2025-10-24,TT,2.56,210031485.83012375
2025-10-25,TT,2.55,160209124.46427467
2025-10-26,TT,2.59,122375700.91174223
2025-10-27,TT,2.55,234864946.38619912
2025-10-28,TT,2.51,169807346.8619951
2025-10-29,TT,2.53,140033261.7957975
2025-10-30,TT,2.32,1007799302.305526
2025-10-31,TT,2.31,339068077.28632957
2025-11-01,TT,2.32,167891333.88007647
2025-11-02,TT,2.31,188979706.285256
2025-11-03,TT,2.0,724255714.5582509
2025-11-04,TT,1.87,615267149.9708617
2025-11-05,TT,1.91,386127979.511727
2025-11-06,TT,1.95,431494934.1971306
2025-11-07,TT,2.15,444865302.72081023
2025-11-08,TT,2.14,301781629.6343216
2025-11-09,TT,2.17,993306669.3012561
2025-11-10,TT,2.18,213541800.6589719
2025-11-11,TT,2.17,3965173932.279054
2025-11-12,TT,2.25,2240451807.3914795
2025-11-13,TT,2.11,416601062.7262952
2025-11-14,TT,1.95,546183918.9378272
2025-11-15,TT,1.98,179840648.62081182
2025-11-16,TT,1.88,427888798.0781768
2025-11-17,TT,1.86,230203719.25164062
2025-11-18,TT,1.92,320010059.3943047
2025-11-19,TT,1.83,186055427.72703737
2025-11-20,TT,1.75,292062096.18601483
2025-11-21,TT,1.69,495823270.97709715
2025-11-22,TT,1.7,1872989529.9202473
2025-11-23,TT,1.8,8793168578.848822
2025-11-24,TT,1.78,671898547.1923712
2025-11-25,TT,1.8,1077281802.330389
2025-11-26,TT,1.8,346717377.1969117
2025-11-27,TT,1.86,453661604.0325484
2025-11-28,TT,1.86,680113975.2057903
2025-11-29,TT,1.98,4888007738.832941
2025-11-30,TT,1.86,707069664.6087829
2025-12-01,TT,1.74,888732847.7261451
2025-12-02,TT,1.78,249025694.77894983
2025-12-03,TT,1.83,202640152.36262906
2025-12-04,TT,1.8,188995313.25661635
2025-12-05,TT,1.79,154517401.63810667
2025-12-06,TT,1.79,106671485.47151524
2025-12-07,TT,1.77,199206863.3344142
2025-12-08,TT,1.77,116317288.29103619
2025-12-09,TT,1.76,253301341.0930316
2025-12-10,TT,1.77,141184277.79894486
2025-12-11,TT,1.75,111970174.07824889
2025-12-12,TT,1.75,200839060.46376187
2025-12-13,TT,1.76,129407265.92868201
2025-12-14,TT,1.75,270141192.9699227
2025-12-15,TT,1.64,225720804.70844507
2025-12-16,TT,1.66,98944329.23460345
2025-12-17,TT,1.62,175049939.27229366
2025-12-18,TT,1.53,245830462.9049423
2025-12-19,TT,1.61,99860587.24430245
2025-12-20,TT,1.61,95531923.24018306
2025-12-21,TT,1.62,3077861327.203188
2025-12-22,TT,1.64,392917534.4656529
2025-12-23,TT,1.63,232515403.0164206
2025-12-24,TT,1.64,131374913.21587068
2025-12-25,TT,1.61,135435032.9322051
2025-12-26,TT,1.6,131457230.37663396
2025-12-27,TT,1.64,183521821.6745482
2025-12-28,TT,1.63,181382110.7569359
2025-12-29,TT,1.62,187906200.0929759
2025-12-30,TT,1.66,218101021.24535188
2025-12-31,TT,1.63,189878774.65762445
2026-01-01,TT,1.64,84549836.38439669
2026-01-02,TT,1.67,163985404.94029868
2026-01-03,TT,1.68,140452316.06585243
2026-01-04,TT,1.71,218550437.9762066
2026-01-05,TT,1.76,182277057.13242057
2026-01-06,TT,1.79,301463191.1436132
2026-01-07,TT,2.06,30263512717.955894
2026-01-08,TT,1.85,3496640621.703417
2026-01-09,TT,1.87,5412558867.408603
2026-01-10,TT,1.92,4448345982.463857
2026-01-11,TT,1.83,553586998.4189749
2026-01-12,TT,1.77,776341615.7898431
2026-01-13,TT,1.81,472744686.14631724
2026-01-14,TT,1.8,511858605.3619828
2026-01-15,TT,1.78,755601077.3686454
2026-01-16,TT,1.8,657174603.5925914
2026-01-17,TT,1.88,3625528495.9936
2026-01-18,TT,1.79,732713127.6181242
2026-01-19,TT,1.73,562489431.0087824
2026-01-20,TT,1.69,957112889.4685037
2026-01-21,TT,1.7,266840942.32379743
2026-01-22,TT,1.69,348456583.3336879
2026-01-23,TT,1.7,151620101.4109536
2026-01-24,TT,1.73,227612574.9834168
2026-01-25,TT,1.7,930776572.9508959
2026-01-26,TT,1.67,564322646.0334365
2026-01-27,TT,1.65,310600661.7672448
2026-01-28,TT,1.64,298830480.2990038
2026-01-29,TT,1.59,614537730.9121354
2026-01-30,TT,1.55,470888712.96934855
2026-01-31,TT,1.47,2460026508.7462564
2026-02-01,TT,1.46,1683158695.1247506
2026-02-02,TT,1.52,2146631392.4955962
2026-02-03,TT,1.5,502497999.5130228
2026-02-04,TT,1.45,386263983.4359598
2026-02-05,TT,1.27,480605010.58901083
2026-02-06,TT,1.37,548910055.7785156
2026-02-07,TT,1.35,1402413001.7509482
2026-02-08,TT,1.36,446871743.0606463
2026-02-09,TT,1.35,250157850.20348534
2026-02-10,TT,1.32,137571412.12112498
2026-02-11,TT,1.3,172957720.1542914
2026-02-12,TT,1.31,259955646.18213856
2026-02-13,TT,1.39,1126657356.139084
2026-02-14,TT,1.44,678480991.296751
2026-02-15,TT,1.4,533752988.36755884
2026-02-16,TT,1.39,100939984.14644292
2026-02-17,TT,1.37,102075475.76131678
2026-02-18,TT,1.38,244447255.37610167
2026-02-19,TT,1.34,174748155.65412328
2026-02-20,TT,1.34,95986513.12059729
2026-02-21,TT,1.35,107811971.76310074
2026-02-22,TT,1.31,123234122.12778276
2026-02-23,TT,1.25,154648281.72826245
2026-02-24,TT,1.25,1242449447.0727572
2026-02-25,TT,1.28,351114632.2938014
2026-02-26,TT,1.28,294026647.94043964
2026-02-27,TT,1.28,210214013.70054457
2026-02-28,TT,1.29,691475877.8060044
2026-03-01,TT,1.31,225344380.36392075
2026-03-02,TT,1.32,246136974.30690283
2026-03-03,TT,1.29,130733547.8775325
2026-03-04,TT,1.3,172468695.73541933
2026-03-05,TT,1.29,165950437.69101837
2026-03-06,TT,1.28,105869758.1852654
2026-03-07,TT,1.28,78698714.5512842
2026-03-08,TT,1.27,50681262.71831254
2026-03-09,TT,1.27,26847220.00103589
2026-03-10,TT,1.28,51791241.29099905
2026-03-11,TT,1.28,94297892.61860143
2026-03-12,TT,1.3,111201186.33681224
2026-03-13,TT,1.32,119702017.63752037
2026-03-14,TT,1.31,84640271.89376014
2026-03-15,TT,1.36,8802704139.567919
2026-03-16,TT,1.39,3211862809.6919518
2026-03-17,TT,1.36,1104477293.1024349
2026-03-18,TT,1.33,489008612.970158
2026-03-19,TT,1.34,783199381.9676518
2026-03-20,TT,1.34,174434042.81871575
2024-09-03,UXLINK,305.2,166036914036.77548
2024-09-04,UXLINK,282.1,73944238304.63213
2024-09-05,UXLINK,273.0,27460185135.677155
2024-09-06,UXLINK,252.3,19234116040.73817
2024-09-07,UXLINK,252.0,20101967695.638832
2024-09-08,UXLINK,256.5,15769915427.535852
2024-09-09,UXLINK,263.0,8774704229.993319
2024-09-10,UXLINK,278.3,62149911364.19387
2024-09-11,UXLINK,317.1,90892310283.04196
2024-09-12,UXLINK,376.7,271828274465.63147
2024-09-13,UXLINK,369.0,150108261614.71713
2024-09-14,UXLINK,471.0,266936238066.6806
2024-09-15,UXLINK,524.5,378580910299.0458
2024-09-16,UXLINK,580.8,306599731746.61993
2024-09-17,UXLINK,865.6,845670263527.7335
2024-09-18,UXLINK,898.8,792393113718.6357
2024-09-19,UXLINK,916.5,500442413267.7974
2024-09-20,UXLINK,879.0,501419418457.7923
2024-09-21,UXLINK,791.1,226766250433.57373
2024-09-22,UXLINK,730.1,190919356262.93472
2024-09-23,UXLINK,846.0,281112927613.1278
2024-09-24,UXLINK,874.2,528159526519.36615
2024-09-25,UXLINK,850.4,205504631457.87054
2024-09-26,UXLINK,845.5,149540680728.67416
2024-09-27,UXLINK,863.5,306012379181.13934
2024-09-28,UXLINK,903.4,309105573575.8868
2024-09-29,UXLINK,868.1,130097168847.27254
2024-09-30,UXLINK,824.3,83914391638.79692
2024-10-01,UXLINK,791.5,106378411378.88232
2024-10-02,UXLINK,734.1,71864591958.96301
2024-10-03,UXLINK,694.0,100075335515.88055
2024-10-04,UXLINK,777.1,169526103429.13663
2024-10-05,UXLINK,806.0,145571237429.82874
2024-10-06,UXLINK,795.1,127333533918.09163
2024-10-07,UXLINK,759.6,154357187753.1233
2024-10-08,UXLINK,766.0,105783039917.54962
2024-10-09,UXLINK,737.8,46941778538.86398
2024-10-10,UXLINK,709.8,45216407071.03212
2024-10-11,UXLINK,743.0,64777170107.14873
2024-10-12,UXLINK,746.3,54771829394.17684
2024-10-13,UXLINK,713.0,36437740581.48312
2024-10-14,UXLINK,748.0,57707988943.52811
2024-10-15,UXLINK,732.2,125802725024.83055
2024-10-16,UXLINK,710.0,39484960551.39691
2024-10-17,UXLINK,695.1,21340735898.11398
2024-10-18,UXLINK,726.5,30495319128.35969
2024-10-19,UXLINK,721.0,51892972789.27633
2024-10-20,UXLINK,722.3,18894551422.32142
2024-10-21,UXLINK,689.3,20767904160.98292
2024-10-22,UXLINK,702.2,24462611458.57258
2024-10-23,UXLINK,673.2,33123187047.10768
2024-10-24,UXLINK,656.0,19894477194.225834
2024-10-25,UXLINK,593.2,24162665871.07369
2024-10-26,UXLINK,619.4,48631650281.699455
2024-10-27,UXLINK,622.0,22262141711.1106
2024-10-28,UXLINK,641.0,35206674291.38655
2024-10-29,UXLINK,695.3,33798271512.297623
2024-10-30,UXLINK,710.4,46641091537.53865
2024-10-31,UXLINK,730.5,29401332282.86966
2024-11-01,UXLINK,738.4,68183260181.94982
2024-11-02,UXLINK,761.2,128999104250.46886
2024-11-03,UXLINK,736.9,66060703448.775986
2024-11-04,UXLINK,778.1,82662754834.34543
2024-11-05,UXLINK,796.9,65882754565.511856
2024-11-06,UXLINK,1245.0,507157576388.18243
2024-11-07,UXLINK,1017.0,932436190704.6624
2024-11-08,UXLINK,988.6,317124379813.9128
2024-11-09,UXLINK,969.7,206378112001.6823
2024-11-10,UXLINK,925.5,149747203019.82407
2024-11-11,UXLINK,938.0,151015391382.52368
2024-11-12,UXLINK,851.3,107277753876.57137
2024-11-13,UXLINK,822.0,46425805785.94347
2024-11-14,UXLINK,773.7,31438276829.323822
2024-11-15,UXLINK,855.7,215491888489.44907
2024-11-16,UXLINK,883.6,232221796959.70044
2024-11-17,UXLINK,825.1,44280474256.046265
2024-11-18,UXLINK,839.4,36002023648.03522
2024-11-19,UXLINK,803.0,24500869938.355324
2024-11-20,UXLINK,819.3,105094207529.77011
2024-11-21,UXLINK,809.2,42795628725.298325
2024-11-22,UXLINK,796.0,28059560376.622726
2024-11-23,UXLINK,803.8,37393224057.10238
2024-11-24,UXLINK,787.0,39587360040.26504
2024-11-25,UXLINK,786.7,27390668046.856426
2024-11-26,UXLINK,780.1,27152673114.72266
2024-11-27,UXLINK,795.0,14905348881.439198
2024-11-28,UXLINK,917.9,544208095914.98145
2024-11-29,UXLINK,961.5,603246439830.4507
2024-11-30,UXLINK,938.0,132708736722.83958
2024-12-01,UXLINK,907.4,53471645208.907036
2024-12-02,UXLINK,888.0,48397264111.31602
2024-12-03,UXLINK,874.0,94228356183.1218
2024-12-04,UXLINK,907.6,67940442353.830894
2024-12-05,UXLINK,937.0,47266904238.82669
2024-12-06,UXLINK,920.5,45312539489.82053
2024-12-07,UXLINK,935.0,22485032849.186337
2024-12-08,UXLINK,938.1,19821610822.473854
2024-12-09,UXLINK,877.0,181350247621.86078
2024-12-10,UXLINK,775.9,91198235224.9471
2024-12-11,UXLINK,825.0,37172739095.06299
2024-12-12,UXLINK,870.3,22146664335.596325
2024-12-13,UXLINK,948.0,38229048555.26385
2024-12-14,UXLINK,1092.0,242244647844.18643
2024-12-15,UXLINK,1231.0,349769237987.92725
2024-12-16,UXLINK,1453.0,648301632430.1343
2024-12-17,UXLINK,1259.0,972586090726.1759
2024-12-18,UXLINK,1382.0,953385062268.6896
2024-12-19,UXLINK,1818.0,1459734905666.1604
2024-12-20,UXLINK,1859.0,866288989729.5118
2024-12-21,UXLINK,2309.0,1315336384191.0188
2024-12-22,UXLINK,1994.0,516105252353.8879
2024-12-23,UXLINK,2220.0,781674628099.2871
2024-12-24,UXLINK,3235.0,1696040845997.2961
2024-12-25,UXLINK,2983.0,4503367455131.975
2024-12-26,UXLINK,3110.0,1621595536482.7263
2024-12-27,UXLINK,2841.0,674332924621.2025
2024-12-28,UXLINK,2524.0,498340991535.9818
2024-12-29,UXLINK,2415.0,619770351032.0938
2024-12-30,UXLINK,2331.0,373241765426.5696
2024-12-31,UXLINK,2211.0,349907675743.38837
2025-01-01,UXLINK,2167.0,220710256571.8659
2025-01-02,UXLINK,2493.0,389502782412.8591
2025-01-03,UXLINK,2556.0,607113347349.5006
2025-01-04,UXLINK,2461.0,282041272145.85614
2025-01-05,UXLINK,2376.0,217708150983.2465
2025-01-06,UXLINK,2292.0,108716479684.91791
2025-01-07,UXLINK,2399.0,684657713014.1998
2025-01-08,UXLINK,2147.0,268570759896.66367
2025-01-09,UXLINK,1923.0,152580953043.14716
2025-01-10,UXLINK,1940.0,133872552921.20395
2025-01-11,UXLINK,1943.0,78312239033.37537
2025-01-12,UXLINK,1866.0,34171383443.971024
2025-01-13,UXLINK,1747.0,69714325028.8026
2025-01-14,UXLINK,1820.0,380835478853.6561
2025-01-15,UXLINK,1776.0,88772367989.30167
2025-01-16,UXLINK,1742.0,61067068495.19791
2025-01-17,UXLINK,1774.0,59449840138.68768
2025-01-18,UXLINK,1560.0,259760243171.59372
2025-01-19,UXLINK,1376.0,224185818106.68674
2025-01-20,UXLINK,1332.0,160040669451.4075
2025-01-21,UXLINK,1283.0,60908017008.97539
2025-01-22,UXLINK,1263.0,73482991337.07059
2025-01-23,UXLINK,1324.0,192403491374.41885
2025-01-24,UXLINK,1270.0,98019376404.23076
2025-01-25,UXLINK,1288.0,49798707963.80958
2025-01-26,UXLINK,1373.0,200430211684.77472
2025-01-27,UXLINK,1284.0,87712006001.0742
2025-01-28,UXLINK,1188.0,42441043332.60858
2025-01-29,UXLINK,1229.0,32687594290.531723
2025-01-30,UXLINK,1268.0,99639439232.1014
2025-01-31,UXLINK,1249.0,56385276901.59286
2025-02-01,UXLINK,1145.0,37956726356.82916
2025-02-02,UXLINK,988.2,47255052082.21941
2025-02-03,UXLINK,1034.0,77512096720.27667
2025-02-04,UXLINK,966.4,27205452408.656445
2025-02-05,UXLINK,938.1,15054532596.670902
2025-02-06,UXLINK,875.2,16162595699.778559
2025-02-07,UXLINK,1066.0,221151896973.73016
2025-02-08,UXLINK,1148.0,408859488688.7378
2025-02-09,UXLINK,1162.0,338473240334.16016
2025-02-10,UXLINK,1110.0,94871556741.85713
2025-02-11,UXLINK,1054.0,58840697261.58548
2025-02-12,UXLINK,1111.0,184633901508.5922
2025-02-13,UXLINK,1069.0,79597956944.18488
2025-02-14,UXLINK,1059.0,47179128406.56321
2025-02-15,UXLINK,1014.0,25429913446.890434
2025-02-16,UXLINK,1001.0,18155274503.343277
2025-02-17,UXLINK,998.7,25710289259.82612
2025-02-18,UXLINK,926.0,27034605827.60201
2025-02-19,UXLINK,939.3,14297432389.010698
2025-02-20,UXLINK,985.9,15265294027.892376
2025-02-21,UXLINK,948.0,29740106736.191917
2025-02-22,UXLINK,978.3,14952862647.81706
2025-02-23,UXLINK,981.0,35429483321.49805
2025-02-24,UXLINK,858.7,85050897676.03981
2025-02-25,UXLINK,911.2,60343341937.82317
2025-02-26,UXLINK,888.0,18565466386.307007
2025-02-27,UXLINK,892.2,23142430292.038853
2025-02-28,UXLINK,884.7,29166911051.021317
2025-03-01,UXLINK,885.1,31559773510.97443
2025-03-02,UXLINK,945.7,38401425636.758835
2025-03-03,UXLINK,779.0,33395455636.960224
2025-03-04,UXLINK,803.0,108002468588.19185
2025-03-05,UXLINK,807.5,36010318742.771065
2025-03-06,UXLINK,779.7,15070252808.061356
2025-03-07,UXLINK,769.1,29755983083.583794
2025-03-08,UXLINK,753.9,7032756144.576504
2025-03-09,UXLINK,660.9,19333670982.66199
2025-03-10,UXLINK,622.9,23633216631.57018
2025-03-11,UXLINK,644.6,17303607105.443855
2025-03-12,UXLINK,654.1,9742714633.925608
2025-03-13,UXLINK,644.7,5055774512.181256
2025-03-14,UXLINK,661.3,5512555479.296406
2025-03-15,UXLINK,704.1,11857260237.560713
2025-03-16,UXLINK,647.9,11555689124.805996
2025-03-17,UXLINK,760.7,102590991892.8103
2025-03-18,UXLINK,800.7,224981160188.4145
2025-03-19,UXLINK,771.4,66114243457.94004
2025-03-20,UXLINK,730.1,24381732493.229412
2025-03-21,UXLINK,750.4,44293151253.93659
2025-03-22,UXLINK,740.1,32052163090.04094
2025-03-23,UXLINK,703.2,16773818793.299355
2025-03-24,UXLINK,715.7,14156291465.042536
2025-03-25,UXLINK,726.3,11556357516.787514
2025-03-26,UXLINK,736.3,23618342006.55012
2025-03-27,UXLINK,741.3,43384481694.36672
2025-03-28,UXLINK,689.2,20033054859.29867
2025-03-29,UXLINK,652.8,8461067043.718243
2025-03-30,UXLINK,648.0,4376887789.597461
2025-03-31,UXLINK,631.3,6479676240.621937
2025-04-01,UXLINK,632.8,5994276483.319833
2025-04-02,UXLINK,603.0,15324407341.369566
2025-04-03,UXLINK,737.6,146870625917.896
2025-04-04,UXLINK,746.3,136093703318.61127
2025-04-05,UXLINK,745.8,56320922562.32918
2025-04-06,UXLINK,632.1,43114244150.373184
2025-04-07,UXLINK,739.3,191486456939.88788
2025-04-08,UXLINK,679.1,85210189497.64763
2025-04-09,UXLINK,922.6,182274372634.60684
2025-04-10,UXLINK,984.7,317004509684.46576
2025-04-11,UXLINK,815.9,262046394409.2904
2025-04-12,UXLINK,755.6,129277622026.95383
2025-04-13,UXLINK,719.9,92399079980.61444
2025-04-14,UXLINK,714.0,65513643049.307175
2025-04-15,UXLINK,703.0,34475531353.80286
2025-04-16,UXLINK,657.4,41087427826.324425
2025-04-17,UXLINK,628.0,26146349468.149105
2025-04-18,UXLINK,645.8,190907244799.0894
2025-04-19,UXLINK,642.0,47336161003.45296
2025-04-20,UXLINK,631.5,31159340461.428055
2025-04-21,UXLINK,635.4,23117612989.413067
2025-04-22,UXLINK,645.5,30782944440.07257
2025-04-23,UXLINK,662.4,40721880645.17689
2025-04-24,UXLINK,678.1,65172604709.72147
2025-04-25,UXLINK,686.1,38092637464.70775
2025-04-26,UXLINK,682.8,29001810581.460762
2025-04-27,UXLINK,654.4,19508887533.565422
2025-04-28,UXLINK,662.1,24350215536.096066
2025-04-29,UXLINK,658.0,24386434292.91747
2025-04-30,UXLINK,647.5,16287987240.722591
2025-05-01,UXLINK,641.5,12723559944.808395
2025-05-02,UXLINK,662.8,57649857160.47321
2025-05-03,UXLINK,639.4,14550978025.903257
2025-05-04,UXLINK,629.0,7939752041.619705
2025-05-05,UXLINK,633.2,8518768945.349775
2025-05-06,UXLINK,607.2,16557238413.90302
2025-05-07,UXLINK,608.0,10101070494.201387
2025-05-08,UXLINK,643.2,14772568983.107521
2025-05-09,UXLINK,670.0,25049984093.066208
2025-05-10,UXLINK,683.4,23975732183.855373
2025-05-11,UXLINK,704.5,83095316667.84654
2025-05-12,UXLINK,690.0,47343145260.459274
2025-05-13,UXLINK,689.5,25106480886.537575
2025-05-14,UXLINK,681.8,24304398572.312664
2025-05-15,UXLINK,650.9,31468608866.484367
2025-05-16,UXLINK,645.2,11265252853.40465
2025-05-17,UXLINK,628.6,9275851915.695635
2025-05-18,UXLINK,641.0,7070809422.655526
2025-05-19,UXLINK,629.6,8785710758.148169
2025-05-20,UXLINK,629.9,4956588996.895312
2025-05-21,UXLINK,625.8,6061174816.385471
2025-05-22,UXLINK,642.0,7447376549.283008
2025-05-23,UXLINK,614.0,12741873619.360672
2025-05-24,UXLINK,618.1,4289151535.864328
2025-05-25,UXLINK,622.5,5666867818.702848
2025-05-26,UXLINK,615.4,4811186670.571565
2025-05-27,UXLINK,617.6,6218654586.0023775
2025-05-28,UXLINK,612.0,7233905143.610838
2025-05-29,UXLINK,605.5,4764220393.739672
2025-05-30,UXLINK,544.0,14592981152.870775
2025-05-31,UXLINK,535.3,7123467836.448753
2025-06-01,UXLINK,584.7,74078934257.3488
2025-06-02,UXLINK,589.0,73071952379.64708
2025-06-03,UXLINK,574.0,22780938795.534725
2025-06-04,UXLINK,554.3,13149680394.390432
2025-06-05,UXLINK,518.7,10226662347.326988
2025-06-06,UXLINK,532.9,4101705742.3718615
2025-06-07,UXLINK,538.7,2825055208.067637
2025-06-08,UXLINK,528.0,2968693307.2098246
2025-06-09,UXLINK,544.9,3882903743.0643873
2025-06-10,UXLINK,553.9,6061215573.664322
2025-06-11,UXLINK,539.1,4805128645.658543
2025-06-12,UXLINK,508.0,6026751292.059954
2025-06-13,UXLINK,490.4,7931679590.159096
2025-06-14,UXLINK,479.8,2543887826.7434998
2025-06-15,UXLINK,476.7,2538869562.6787753
2025-06-16,UXLINK,467.8,6508273018.8790655
2025-06-17,UXLINK,465.6,14003228054.071058
2025-06-18,UXLINK,468.7,4347162662.831636
2025-06-19,UXLINK,459.2,3821251180.1464734
2025-06-20,UXLINK,448.6,3833703335.298327
2025-06-21,UXLINK,432.4,5738654727.037732
2025-06-22,UXLINK,403.9,7915731508.184167
2025-06-23,UXLINK,434.2,5667992534.965845
2025-06-24,UXLINK,442.7,54055597991.94343
2025-06-25,UXLINK,439.8,11560804991.777414
2025-06-26,UXLINK,424.9,6560594081.221526
2025-06-27,UXLINK,445.8,6307687101.028668
2025-06-28,UXLINK,443.3,2939216775.7692256
2025-06-29,UXLINK,449.6,3198534168.5345674
2025-06-30,UXLINK,431.0,3591640520.9892926
2025-07-01,UXLINK,423.2,4288604881.971855
2025-07-02,UXLINK,433.5,5581654269.838113
2025-07-03,UXLINK,439.0,3662750453.360806
2025-07-04,UXLINK,498.5,97762529667.92056
2025-07-05,UXLINK,475.0,27010046980.36572
2025-07-06,UXLINK,517.1,69697568547.64154
2025-07-07,UXLINK,508.5,23539292608.00381
2025-07-08,UXLINK,494.5,16426477481.141645
2025-07-09,UXLINK,486.6,13072135476.861097
2025-07-10,UXLINK,491.5,15169774057.855055
2025-07-11,UXLINK,485.5,19082277795.786736
2025-07-12,UXLINK,491.5,11245458120.741215
2025-07-13,UXLINK,516.3,72462095757.54543
2025-07-14,UXLINK,512.9,16542129587.8447
2025-07-15,UXLINK,508.8,12014641146.49252
2025-07-16,UXLINK,507.5,7536737621.700933
2025-07-17,UXLINK,502.6,9908577045.747122
2025-07-18,UXLINK,497.6,23330863314.758774
2025-07-19,UXLINK,507.4,12248765817.742226
2025-07-20,UXLINK,523.1,13858631610.50601
2025-07-21,UXLINK,547.8,30043355837.57024
2025-07-22,UXLINK,584.8,293123691537.07745
2025-07-23,UXLINK,530.2,69152292721.51802
2025-07-24,UXLINK,508.3,27680689232.336193
2025-07-25,UXLINK,505.5,11609823138.811462
2025-07-26,UXLINK,509.4,7832441568.189961
2025-07-27,UXLINK,525.1,15680032448.800705
2025-07-28,UXLINK,498.0,11387997547.644312
2025-07-29,UXLINK,494.4,6686836312.7967205
2025-07-30,UXLINK,482.0,6243394095.864325
2025-07-31,UXLINK,462.0,5764706711.48593
2025-08-01,UXLINK,454.0,6005822411.227648
2025-08-02,UXLINK,443.0,2512889463.596421
2025-08-03,UXLINK,461.0,2210568313.8509445
2025-08-04,UXLINK,472.0,2510710723.5725603
2025-08-05,UXLINK,454.0,2890995281.287567
2025-08-06,UXLINK,456.0,2721279081.833296
2025-08-07,UXLINK,466.0,3527254240.428819
2025-08-08,UXLINK,469.0,4758385850.121017
2025-08-09,UXLINK,493.0,34737060025.90489
2025-08-10,UXLINK,483.0,8256102699.136368
2025-08-11,UXLINK,475.0,16944930062.00347
2025-08-12,UXLINK,486.0,7655198363.206891
2025-08-13,UXLINK,491.0,6288828707.039543
2025-08-14,UXLINK,458.0,11174876939.346273
2025-08-15,UXLINK,456.0,4441703772.932297
2025-08-16,UXLINK,460.0,1589645220.6176054
2025-08-17,UXLINK,464.0,2862111676.3224683
2025-08-18,UXLINK,451.0,4573851199.955216
2025-08-19,UXLINK,427.0,4592627074.45939
2025-08-20,UXLINK,438.0,3790279112.5995636
2025-08-21,UXLINK,434.0,2852090130.7369704
2025-08-22,UXLINK,453.0,6816497007.651503
2025-08-23,UXLINK,451.0,3304743787.876832
2025-08-24,UXLINK,445.0,2686900387.0477176
2025-08-25,UXLINK,429.0,4096739529.336721
2025-08-26,UXLINK,441.0,2755965080.0374036
2025-08-27,UXLINK,437.0,2403822274.5296216
2025-08-28,UXLINK,444.0,3648277480.9929256
2025-08-29,UXLINK,460.0,59743626798.19028
2025-08-30,UXLINK,476.0,46919741778.68261
2025-08-31,UXLINK,451.0,9761912820.062021
2025-09-01,UXLINK,439.0,8037471446.839756
2025-09-02,UXLINK,445.0,3994014045.8975215
2025-09-03,UXLINK,444.0,2483448721.647416
2025-09-04,UXLINK,437.0,3001309035.847891
2025-09-05,UXLINK,440.0,2146747711.834044
2025-09-06,UXLINK,437.0,1103444104.0661051
2025-09-07,UXLINK,441.0,1344562365.6481156
2025-09-08,UXLINK,454.0,5445820941.172312
2025-09-09,UXLINK,462.0,10311333820.608707
2025-09-10,UXLINK,461.0,4240239217.460039
2025-09-11,UXLINK,459.0,3402498941.73968
2025-09-12,UXLINK,466.0,3547344070.4561706
2025-09-13,UXLINK,470.0,4462327491.682591
2025-09-14,UXLINK,455.0,3486208211.1613255
2025-09-15,UXLINK,445.0,4207372826.3372936
2025-09-16,UXLINK,446.0,2216020919.300254
2025-09-17,UXLINK,452.0,2273468045.866473
2025-09-18,UXLINK,458.0,2929822842.695655
2025-09-19,UXLINK,451.0,5138826902.9287405
2025-09-20,UXLINK,451.0,1928528036.7538702
2025-09-21,UXLINK,451.0,3636357220.1399293
2025-09-22,UXLINK,299.0,85036587110.83813
2025-09-23,UXLINK,259.0,250144993803.40457
2025-09-24,UXLINK,263.0,88687816851.64932
2025-09-25,UXLINK,244.0,43320816465.03549
2025-09-26,UXLINK,224.0,22993019173.46086
2025-09-27,UXLINK,254.0,109566303372.57622
2025-09-28,UXLINK,254.0,89098280240.52074
2025-09-29,UXLINK,240.0,38090794625.4175
2025-09-30,UXLINK,228.0,18818465400.6012
2025-10-01,UXLINK,225.0,11131259578.584003
2025-10-02,UXLINK,171.0,65099719428.17898
2025-10-03,UXLINK,184.0,118560121814.53024
2025-10-04,UXLINK,192.0,34170896257.11844
2025-10-05,UXLINK,186.0,14754932975.082947
2025-10-06,UXLINK,183.0,8146734441.386175
2025-10-07,UXLINK,188.0,42298744346.38511
2025-10-08,UXLINK,189.0,15266093792.641756
2025-10-09,UXLINK,181.0,12365924008.297401
2025-10-10,UXLINK,163.0,19515765250.40252
2025-10-11,UXLINK,161.0,26769385715.70977
2025-10-12,UXLINK,174.0,44971058590.927666
2025-10-13,UXLINK,186.0,88385576285.54774
2025-10-14,UXLINK,179.0,18137252714.31623
2025-10-15,UXLINK,175.0,9890330988.92777
2025-10-16,UXLINK,178.0,18116967951.393505
2025-10-17,UXLINK,173.0,31167563262.069305
2025-10-18,UXLINK,177.0,12274989162.530642
2025-10-19,UXLINK,177.0,9859763172.511473
2025-10-20,UXLINK,172.0,9272328416.15685
2025-10-21,UXLINK,163.0,35951675773.52911
2025-10-22,UXLINK,161.0,11962781443.791815
2025-10-23,UXLINK,161.0,6088511983.06511
2025-10-24,UXLINK,163.0,11501498201.448902
2025-10-25,UXLINK,161.0,8760677387.772354
2025-10-26,UXLINK,163.0,9394446281.240404
2025-10-27,UXLINK,173.0,93011921975.17749
2025-10-28,UXLINK,164.0,34205508227.184765
2025-10-29,UXLINK,157.0,24547975138.475666
2025-10-30,UXLINK,155.0,33650305323.847416
